# https://github.com/mikedh/trimesh
v -0.01332906 0.00560150 0.00666618
v 0.03115793 -0.01509996 0.00666618
v 0.02708173 -0.01236243 0.00666618
v -0.00068068 0.00683630 0.00667816
v -0.00764381 -0.01274058 0.00666618
v -0.03104207 -0.01509996 0.00666618
v -0.02469404 -0.01297835 0.00666618
v -0.01053750 -0.01246361 0.00678184
v 0.00820666 0.01284117 0.00666618
v 0.02049670 -0.01150720 0.00668680
v 0.01904214 -0.00756207 0.00666618
v 0.00657153 -0.01329161 0.00700412
v 0.02330362 0.00321573 0.00666618
v 0.01316782 -0.00927350 0.00668805
v -0.02379334 -0.00315883 0.00666618
v -0.01927145 0.00919926 0.00666618
v 0.03115793 0.01510004 0.00666618
v -0.01138624 0.01167053 0.00671370
v 0.02905210 0.01021905 0.00666618
v -0.00883213 0.01266591 0.00666618
v -0.02928673 0.00914033 0.00666618
v -0.03104207 0.01510004 0.00666618
v -0.02435034 0.01276586 0.00666618
v -0.00827231 0.01339637 0.00849745
v 0.00410183 -0.01111431 0.00666618
v 0.00716787 -0.01266582 0.00666618
v 0.01150461 0.00415631 0.00666618
v -0.00318414 -0.00988376 0.00666618
v 0.01005913 -0.00227532 0.00666618
v 0.01160626 0.01133215 0.00666618
v -0.00541893 0.00351396 0.00669983
v 0.00382893 0.00547056 0.00666618
v 0.03115793 -0.01528113 0.00664233
v -0.03104207 -0.01528113 0.00664233
v 0.03115793 -0.01544996 0.00657240
v -0.03104207 -0.01544996 0.00657240
v 0.03115793 -0.01559493 0.00646116
v -0.03104207 -0.01559493 0.00646116
v 0.03115793 -0.01570618 0.00631618
v -0.03104207 -0.01570618 0.00631618
v 0.03115793 -0.01577611 0.00614735
v -0.03104207 -0.01577611 0.00614735
v 0.03115793 -0.01579996 0.00596618
v -0.03104207 -0.01579996 0.00596618
v -0.03122324 0.01510004 0.00664233
v -0.03122324 -0.01509996 0.00664233
v -0.03139207 0.01510004 0.00657240
v -0.03139207 -0.01509996 0.00657240
v -0.03153704 0.01510004 0.00646116
v -0.03153704 -0.01509996 0.00646116
v -0.03164829 0.01510004 0.00631618
v -0.03164829 -0.01509996 0.00631618
v -0.03171822 0.01510004 0.00614735
v -0.03171822 -0.01509996 0.00614735
v -0.03174207 0.01510004 0.00596618
v -0.03172785 -0.01522070 0.00605420
v 0.03133910 0.01510004 0.00664233
v 0.03133910 -0.01509996 0.00664233
v 0.03150793 0.01510004 0.00657240
v 0.03150793 -0.01509996 0.00657240
v 0.03165291 0.01510004 0.00646116
v 0.03165291 -0.01509996 0.00646116
v 0.03176415 0.01510004 0.00631618
v 0.03176415 -0.01509996 0.00631618
v 0.03183408 0.01510004 0.00614735
v 0.03183408 -0.01509996 0.00614735
v 0.03185793 0.01510004 0.00596618
v -0.03104207 0.01528122 0.00664233
v 0.03136286 0.01543135 0.00655896
v 0.03115793 0.01545004 0.00657240
v -0.03104207 0.01559502 0.00646116
v 0.03115793 0.01559502 0.00646116
v -0.03104207 0.01570626 0.00631618
v 0.03115793 0.01570626 0.00631618
v -0.03104207 0.01577619 0.00614735
v 0.03115793 0.01580004 0.00596618
v -0.03116281 0.01578582 0.00605420
v 0.02658182 -0.01212263 0.01076174
v 0.02316959 -0.00334311 0.01102058
v 0.02230400 -0.01258637 0.01099757
v 0.00811042 -0.00325097 0.01122006
v -0.00391952 -0.01184551 0.00908688
v -0.00690224 -0.00233128 0.00689601
v -0.01256440 -0.01003206 0.00673359
v 0.02708150 0.00408125 0.00669328
v 0.02894902 0.00738556 0.01077521
v 0.02826387 0.01035105 0.01110181
v 0.02359319 0.01276554 0.01125037
v 0.02364909 0.00313353 0.01105603
v -0.01255806 0.00919447 0.01108065
v 0.00622777 0.01243183 0.01105978
v 0.00368205 0.00997488 0.01113872
v 0.00334539 0.00859538 0.01091618
v -0.01964255 -0.00528931 0.00667520
v -0.02439529 -0.00292684 0.01083668
v -0.02921893 -0.00686377 0.00667108
v -0.02420355 -0.01277756 0.01094022
v -0.02172902 0.00275374 0.00668242
v -0.01939533 0.00986238 0.01081769
v -0.02153582 0.01234681 0.00669250
v -0.02488998 0.01274978 0.01089999
v -0.02308272 0.00314103 0.01079599
v -0.03122324 -0.01577611 0.00596618
v -0.03153048 -0.01548739 0.00634937
v -0.03171822 -0.01528113 0.00596618
v -0.03164829 -0.01544996 0.00596618
v -0.03153704 -0.01559493 0.00596618
v -0.03139207 -0.01570618 0.00596618
v 0.03133910 -0.01577611 0.00596618
v 0.03176415 -0.01544996 0.00596618
v 0.03183408 -0.01528113 0.00596618
v 0.03164634 -0.01548315 0.00635361
v 0.03165291 -0.01559493 0.00596618
v 0.03150793 -0.01570618 0.00596618
v 0.03184692 -0.01518107 0.00607824
v -0.03104207 -0.01579996 -0.01233382
v 0.03115793 -0.01579996 -0.01233382
v -0.03171822 0.01528122 0.00596618
v -0.03124425 0.01557531 0.00646975
v -0.03122324 0.01577619 0.00596618
v -0.03139207 0.01570626 0.00596618
v -0.03153704 0.01559502 0.00596618
v -0.03152840 0.01557805 0.00619195
v -0.03164829 0.01545004 0.00596618
v -0.03038792 0.00813443 -0.01221403
v -0.03174207 -0.01509996 -0.01233382
v 0.03183408 0.01528122 0.00596618
v 0.03150793 0.01570626 0.00596618
v 0.03133910 0.01577619 0.00596618
v 0.03151702 0.01568985 0.00623466
v 0.03165291 0.01559502 0.00596618
v 0.03176415 0.01545004 0.00596618
v 0.03115793 0.01580004 -0.01233382
v -0.03104207 0.01580004 -0.01233382
v 0.02368075 -0.01265089 0.01134227
v 0.02618398 -0.01248645 0.01100892
v 0.02575697 -0.01217364 0.01141755
v 0.02890159 -0.00803800 0.01102083
v 0.02806174 -0.01034698 0.01133329
v 0.02794244 -0.00521297 0.01099442
v 0.02787933 -0.00497902 0.01115841
v 0.02880718 -0.00739601 0.01125300
v 0.02816934 -0.00686685 0.01142459
v 0.02823230 -0.00649558 0.01141770
v 0.02625950 -0.00286271 0.00669165
v 0.02496478 -0.00332803 0.01126929
v 0.02126093 -0.00414764 0.01119155
v 0.02533746 -0.00356550 0.01134370
v 0.02496615 -0.00372006 0.01140961
v 0.02258022 -0.00377480 0.01141146
v 0.02008018 -0.00671288 0.01144664
v 0.01920136 -0.00699181 0.01108511
v 0.01940252 -0.00797022 0.01127480
v 0.01984956 -0.00646387 0.01141815
v 0.01976901 -0.00991323 0.01128149
v 0.02074144 -0.01059866 0.01145453
v 0.02146279 -0.01177624 0.01132052
v 0.02263647 -0.01204068 0.01142932
v 0.00885077 -0.01249216 0.01137263
v 0.00801102 -0.01206929 0.01142544
v 0.01010738 -0.01228198 0.01112884
v 0.01147298 -0.01130548 0.01120055
v 0.01027689 -0.01188455 0.01140212
v 0.01252091 -0.00972501 0.01094021
v 0.01266039 -0.00910168 0.01127297
v 0.01271403 -0.00727994 0.01129845
v 0.01172032 -0.00495758 0.01118467
v 0.01133829 -0.00491950 0.01134919
v 0.01010883 -0.00371563 0.01112792
v 0.01161991 -0.00536222 0.01142078
v 0.01000006 -0.00387269 0.01133518
v 0.00896615 -0.00372006 0.01140961
v 0.00450313 -0.00361160 0.00730950
v 0.00645634 -0.00384607 0.01141126
v 0.00396599 -0.00563872 0.01117373
v 0.00408018 -0.00671288 0.01144664
v 0.00446630 -0.00524052 0.01140425
v 0.00337552 -0.00939604 0.01111849
v 0.00358112 -0.00897628 0.01132052
v 0.00344364 -0.00742680 0.01138078
v 0.00551369 -0.01200903 0.01111558
v 0.00529582 -0.01125684 0.01147321
v 0.00663962 -0.01256969 0.01121362
v -0.01019769 -0.01201274 0.01140602
v -0.00714814 -0.01248668 0.01137778
v -0.00499553 -0.01179783 0.01120401
v -0.00441177 -0.01085669 0.01134860
v -0.00408303 -0.00927536 0.01146995
v -0.00321820 -0.00704177 0.01127544
v -0.00369067 -0.00570826 0.01109458
v -0.00344348 -0.00815061 0.01141429
v -0.00397147 -0.00555705 0.01130355
v -0.00590470 -0.00373073 0.01120144
v -0.00542898 -0.00495736 0.01146020
v -0.00726302 -0.00333794 0.01116602
v -0.00885011 -0.00349296 0.01135300
v -0.00873438 -0.00372757 0.01140900
v -0.00970870 -0.00409465 0.01142340
v -0.01144629 -0.00469242 0.01115885
v -0.01121018 -0.00511351 0.01141305
v -0.01279060 -0.00482979 0.00685122
v -0.01305947 -0.00732090 0.01096075
v -0.01215046 -0.00646388 0.01141815
v -0.01231913 -0.00913214 0.01137843
v -0.01112380 -0.01155280 0.01120496
v -0.00973113 -0.01236965 0.01125571
v -0.00764488 -0.01272358 0.01104559
v -0.00928286 -0.01210484 0.01141994
v 0.02563292 0.00353837 0.01123194
v 0.02409483 0.00351797 0.01141297
v 0.02635287 0.00464352 0.01142613
v 0.02779706 0.00506495 0.01107130
v 0.02753259 0.00495039 0.01136162
v 0.02826496 0.00959216 0.01140424
v 0.02816934 0.00913315 0.01142459
v 0.02725575 0.01121755 0.01139658
v 0.02608100 0.01230237 0.01111736
v 0.02643033 0.01183235 0.01139373
v 0.02453481 0.01242499 0.01139862
v 0.02264612 0.01224692 0.01141317
v 0.02099803 0.01287118 0.00800197
v 0.02154060 0.01161839 0.01140561
v 0.01936229 0.00859324 0.01104559
v 0.01990088 0.01031147 0.01112945
v 0.02017412 0.01009338 0.01141599
v 0.01870650 0.00677012 0.00690095
v 0.01946662 0.00796729 0.01135330
v 0.02090663 0.00442260 0.01116457
v 0.01983440 0.00645348 0.01143077
v 0.02270240 0.00351469 0.01122666
v 0.02168922 0.00427247 0.01141877
v -0.00636710 0.00353836 0.01123194
v -0.00804958 0.00352158 0.01142823
v -0.00420294 0.00506495 0.01107131
v -0.00446742 0.00495038 0.01136162
v -0.00291496 0.00787872 0.01064122
v -0.00357619 0.00902195 0.01138190
v -0.00348862 0.00753040 0.01142147
v -0.00373174 0.01019629 0.01124409
v -0.00501177 0.01222088 0.00679993
v -0.00497444 0.01193013 0.01108500
v -0.00941369 0.01222588 0.01141846
v -0.00779724 0.01245010 0.01139495
v -0.01067653 0.01212011 0.01094581
v -0.01176784 0.01043163 0.01138987
v -0.01253776 0.00757410 0.01134368
v -0.01192015 0.00525374 0.01101344
v -0.01223306 0.00677598 0.01141781
v -0.01247540 0.00660053 0.01126727
v -0.00973935 0.00357937 0.01114967
v -0.01053007 0.00431558 0.01137958
v -0.00764488 0.00327642 0.01104559
v 0.00841651 0.00344652 0.01141858
v 0.00801102 0.00393071 0.01142544
v 0.00904490 0.00243924 0.00793964
v 0.01192060 0.00552337 0.01136134
v 0.01023295 0.00384644 0.01128310
v 0.01210873 0.00519836 0.01088451
v 0.01298544 0.00995353 0.00701164
v 0.01267191 0.00792195 0.01136068
v 0.01064540 0.01191939 0.01128250
v 0.01022879 0.01240776 0.01098585
v 0.01084214 0.01125269 0.01142968
v 0.00936282 0.01237242 0.01136510
v 0.00790170 0.01271009 0.01118661
v 0.00788203 0.01246956 0.01140817
v 0.00570392 0.01179044 0.01141949
v 0.00438985 0.01088217 0.01131483
v 0.00365825 0.00941643 0.01133694
v 0.00367637 0.00687140 0.01137503
v 0.00368780 0.00575351 0.01100133
v 0.00446699 0.00642628 0.01141800
v 0.00555592 0.00405749 0.01124036
v 0.00613862 0.00360314 0.01115059
v 0.00501925 0.00460613 0.01137809
v 0.00878955 0.00340828 0.01129395
v 0.00597679 0.00442645 0.01144563
v -0.02128911 -0.01204765 0.01102647
v -0.02349096 -0.01257792 0.01136331
v -0.01916441 -0.01090461 0.00715569
v -0.02084779 -0.01132473 0.01137857
v -0.01917960 -0.00894869 0.01123567
v -0.01930439 -0.00659716 0.01097946
v -0.01998117 -0.00556633 0.01132715
v -0.01975683 -0.00652206 0.01141871
v -0.02147375 -0.00393600 0.01119682
v -0.02042082 -0.00544357 0.01143433
v -0.02369580 -0.00334186 0.01131633
v -0.02585392 -0.00396834 0.01139481
v -0.02708188 -0.00440982 0.01118064
v -0.02721197 -0.00511365 0.01141270
v -0.02779275 -0.00590005 0.01143145
v -0.02862913 -0.00717635 0.01119468
v -0.02856962 -0.00931756 0.01118936
v -0.02833824 -0.00903585 0.01138781
v -0.02740277 -0.01124477 0.01115553
v -0.02772413 -0.00955950 0.01144683
v -0.02608158 -0.01223595 0.01117806
v -0.02714178 -0.01104712 0.01140681
v -0.02481958 -0.01260002 0.01116618
v -0.02565112 -0.01204789 0.01141334
v -0.02270060 0.00364102 0.01142234
v -0.02131750 0.00398313 0.01113138
v -0.01965921 0.00603027 0.01128177
v -0.02002059 0.01040737 0.01136269
v -0.02177924 0.01237367 0.01101284
v -0.02254232 0.01247878 0.01127873
v -0.02303411 0.01228244 0.01140891
v -0.02485244 0.01248344 0.01137098
v -0.02785364 0.01083793 0.01105002
v -0.02652776 0.01188566 0.01125963
v -0.02821622 0.00982812 0.01130964
v -0.02791078 0.01004092 0.01141747
v -0.02835208 0.00735067 0.01141863
v -0.02866785 0.00662719 0.01116134
v -0.02701516 0.00424692 0.01091747
v -0.02701921 0.00418703 0.01123376
v -0.02481958 0.00339998 0.01116618
v -0.02631918 0.00427322 0.01141336
v -0.03122324 -0.01577611 -0.01233382
v -0.03139207 -0.01570618 -0.01233382
v -0.03153704 -0.01559493 -0.01233382
v -0.03164829 -0.01544996 -0.01233382
v -0.03171822 -0.01528113 -0.01233382
v 0.03133910 -0.01577611 -0.01233382
v 0.03150793 -0.01570618 -0.01233382
v 0.03165291 -0.01559493 -0.01233382
v 0.03176415 -0.01544996 -0.01233382
v 0.03183408 -0.01528113 -0.01233382
v 0.02305793 0.01490004 -0.01233382
v -0.00834207 -0.01357397 -0.01224391
v 0.00805793 -0.01380145 -0.01207860
v 0.00805793 0.01405004 -0.01233382
v -0.02806447 -0.00973347 -0.01166878
v 0.03013253 -0.00891120 -0.01233382
v -0.03171822 0.01528122 -0.01233382
v -0.03122324 0.01577619 -0.01233382
v -0.03164829 0.01545004 -0.01233382
v -0.03153704 0.01559502 -0.01233382
v -0.03139207 0.01570626 -0.01233382
v -0.02545457 -0.01354371 -0.01233382
v 0.03118145 0.01410230 -0.01233382
v 0.03150793 0.01570626 -0.01233382
v 0.03165291 0.01559502 -0.01233382
v 0.03176415 0.01545004 -0.01233382
v 0.03133910 0.01577619 -0.01233382
v 0.03183408 0.01528122 -0.01233382
v 0.02666335 -0.00485432 0.01145317
v -0.01186760 -0.00791114 0.01141608
v -0.00778679 -0.00369505 0.01143068
v -0.00444326 -0.00584930 0.01144792
v -0.00778874 -0.00414443 0.01140220
v 0.01999348 0.00666889 0.01142549
v -0.01170113 0.00867666 0.01139190
v -0.00681814 0.01212331 0.01144311
v -0.00947312 0.01176643 0.01142557
v -0.00506289 0.01078163 0.01145889
v 0.00602962 0.01136197 0.01141606
v 0.01229981 0.00969027 0.01138503
v -0.02331755 -0.00369839 0.01142970
v -0.02150838 -0.01108116 0.01141606
v -0.02105669 -0.01055514 0.01139066
v -0.02341724 -0.01223243 0.01143107
v -0.02266379 -0.00430062 0.01142896
v -0.02765435 0.00946984 0.01141568
v -0.02466392 0.00365011 0.01141943
v -0.01937501 0.00785464 0.01138801
v -0.02643136 0.00478683 0.01142554
v -0.02760705 0.00882663 0.01137176
v 0.00505793 0.01405004 0.00491618
v -0.00208493 0.01405004 -0.00149007
v 0.02097728 0.00982504 0.00387586
v 0.00905793 0.00997004 0.00496618
v 0.02758293 0.01152504 0.00566618
v 0.02745243 -0.00694601 -0.00040083
v 0.02722222 -0.01116425 0.00566618
v 0.00905793 -0.01404996 0.00491618
v -0.00494207 -0.01404996 0.00491618
v 0.00220079 -0.01404996 -0.00149007
v -0.01734207 -0.01404996 0.00491618
v -0.02999207 -0.01101996 0.00541618
v -0.02595207 0.00510919 0.00566679
v -0.02999207 -0.00699996 0.00541618
v -0.02710636 0.01116433 0.00541618
v -0.00894207 0.01122731 0.00135709
v -0.02272614 0.01061499 0.00084143
v 0.02372344 -0.01168151 0.01135948
v 0.02551950 -0.01139511 0.01137077
v 0.02280520 -0.01124301 0.01083779
v 0.02428144 -0.01155270 0.01120100
v 0.02689029 -0.01062161 0.01142092
v 0.02766755 -0.00858058 0.01134026
v 0.02534737 -0.01075394 0.00731302
v 0.02740677 -0.00919057 0.01092004
v 0.02737370 -0.00628911 0.01137836
v 0.02641628 -0.00514921 0.01136056
v 0.02713771 -0.00633464 0.01110252
v 0.02682362 -0.00597023 0.01098563
v 0.02529076 -0.00454166 0.01137427
v 0.02512947 -0.00470212 0.01100324
v 0.02322149 -0.00461631 0.01112466
v 0.02289510 -0.00438382 0.01137249
v 0.02138759 -0.00534762 0.01139618
v 0.02070544 -0.00663904 0.01129766
v 0.02156632 -0.00563220 0.01106999
v 0.02177878 -0.00520607 0.01066161
v 0.02057349 -0.00904979 0.01126510
v 0.02063931 -0.00786497 0.01099169
v 0.02235963 -0.01107312 0.01116396
v 0.02036693 -0.00934010 0.01145862
v 0.02083640 -0.00767743 0.00682628
v 0.02213417 -0.01123676 0.01139815
v 0.00772344 -0.01168151 0.01135948
v 0.00635459 -0.01100307 0.01109307
v 0.00951950 -0.01139511 0.01137077
v 0.00850112 -0.01092826 0.00716778
v 0.01202665 -0.00954894 0.01144361
v 0.01144421 -0.00945979 0.01135605
v 0.01078799 -0.01048717 0.01139266
v 0.00986472 -0.01099281 0.01052050
v 0.01194052 -0.00749422 0.01142682
v 0.01179739 -0.00709067 0.01137821
v 0.01151415 -0.00819073 0.01106533
v 0.01046346 -0.00509217 0.01139968
v 0.01113771 -0.00633464 0.01110252
v 0.00929076 -0.00454166 0.01137427
v 0.01072597 -0.00654763 0.00722004
v 0.00873268 -0.00463485 0.01100699
v 0.00722149 -0.00461631 0.01112466
v 0.00689510 -0.00438382 0.01137249
v 0.00538759 -0.00534762 0.01139618
v 0.00470544 -0.00663904 0.01129766
v 0.00556632 -0.00563220 0.01106999
v 0.00577878 -0.00520607 0.01066161
v 0.00457349 -0.00904979 0.01126510
v 0.00463931 -0.00786497 0.01099169
v 0.00487447 -0.01002196 0.01139030
v 0.00505769 -0.00919834 0.00678044
v -0.00953716 -0.01112869 0.01116453
v -0.00996632 -0.01039695 0.00750902
v -0.00670630 -0.01211608 0.01144942
v -0.00654829 -0.01138937 0.01135228
v -0.00779502 -0.01162476 0.01132073
v -0.00527349 -0.01039394 0.01128917
v -0.00588507 -0.01072946 0.01098098
v -0.00486847 -0.00937501 0.00672060
v -0.00435625 -0.00812517 0.01131767
v -0.00452182 -0.00668837 0.01134032
v -0.00473035 -0.00670041 0.01115110
v -0.00552394 -0.00552549 0.01110137
v -0.00724967 -0.00435894 0.01134080
v -0.01054253 -0.00547680 0.01133335
v -0.00800960 -0.00448587 0.01106807
v -0.01152293 -0.00678024 0.01139582
v -0.00967729 -0.00495037 0.01119021
v -0.01143681 -0.00767439 0.01116704
v -0.01119843 -0.00689629 0.01104225
v -0.01148088 -0.00970804 0.01139577
v -0.01128156 -0.00669518 0.01082212
v -0.01113669 -0.00948847 0.01120698
v -0.00956559 -0.01145010 0.01141044
v -0.00985199 -0.01123531 0.01139464
v 0.02246284 0.00487132 0.01116453
v 0.02280520 0.00475700 0.01083776
v 0.02462819 0.00440871 0.01127334
v 0.02623426 0.00484823 0.01139948
v 0.02415649 0.00491887 0.00688257
v 0.02762945 0.00896889 0.01135590
v 0.02755515 0.00756390 0.01124209
v 0.02837286 0.00738271 0.01146577
v 0.02668455 0.00635905 0.00712369
v 0.02671156 0.00575279 0.01105770
v 0.02673872 0.00568175 0.01113154
v 0.02721109 0.00732916 0.00678830
v 0.02739627 0.00895250 0.01107609
v 0.02664175 0.01062572 0.01137046
v 0.02605103 0.01084353 0.01104294
v 0.02427917 0.01164813 0.01134344
v 0.02268488 0.01150974 0.01139871
v 0.02116773 0.01063636 0.01134396
v 0.02147287 0.01042129 0.01109457
v 0.02056316 0.00716791 0.01113870
v 0.02070232 0.00881173 0.01090842
v 0.02136118 0.00542117 0.01138013
v 0.02083301 0.00830611 0.00690202
v 0.02042051 0.00693241 0.01135258
v 0.02240790 0.00455947 0.01142496
v -0.00860806 0.00429245 0.01137955
v -0.00927252 0.00474084 0.01112866
v -0.00774005 0.00398914 0.01144712
v -0.00713656 0.00435194 0.01138067
v -0.00417506 0.00812697 0.01139025
v -0.00576234 0.00534289 0.01102183
v -0.00474277 0.00610278 0.01135946
v -0.00528843 0.00575281 0.01105769
v -0.00517004 0.00711930 0.00844104
v -0.00468560 0.00926837 0.01121953
v -0.00770350 0.01177759 0.01138475
v -0.00552393 0.01047451 0.01110137
v -0.01034998 0.01090480 0.01138094
v -0.00792504 0.01160274 0.01112478
v -0.01139130 0.00967697 0.01140944
v -0.01022691 0.01058462 0.01103964
v -0.01143681 0.00832561 0.01116704
v -0.01123785 0.00622046 0.01135670
v -0.01128919 0.00883919 0.01079114
v -0.01064807 0.00497953 0.01142454
v -0.01096294 0.00634523 0.01107574
v 0.00785620 0.00432065 0.01136157
v 0.00635153 0.00494333 0.01121512
v 0.00951950 0.00460489 0.01137077
v 0.00850398 0.00508057 0.00710332
v 0.01126783 0.00582821 0.01145250
v 0.01150272 0.00635364 0.01139768
v 0.01062679 0.00562110 0.01110255
v 0.00986472 0.00500717 0.01052056
v 0.01164928 0.00774688 0.01133784
v 0.01115948 0.01033290 0.01139857
v 0.01118028 0.00968830 0.01119346
v 0.01106575 0.00828982 0.00706882
v 0.00927115 0.01127890 0.01111700
v 0.00691063 0.01136036 0.01133455
v 0.00838168 0.01176833 0.01139107
v 0.00845438 0.01142606 0.01100250
v 0.00517411 0.01021578 0.01132234
v 0.00428904 0.00905130 0.01143924
v 0.00558429 0.01038406 0.01105565
v 0.00464169 0.00862154 0.01111307
v 0.00541490 0.00546377 0.01134032
v 0.00465056 0.00674774 0.01128670
v 0.00487213 0.00681112 0.01086915
v -0.02453986 -0.01165718 0.01135836
v -0.02598378 -0.01082040 0.01115812
v -0.02327388 -0.01161846 0.01132828
v -0.02350283 -0.01094016 0.00725445
v -0.02013023 -0.00834036 0.01140884
v -0.02112746 -0.01013944 0.01114704
v -0.02141444 -0.01042320 0.01106675
v -0.02045449 -0.00822633 0.01120442
v -0.02087351 -0.00576869 0.01136481
v -0.02168268 -0.00558350 0.00685410
v -0.02324040 -0.00430131 0.01134085
v -0.02276754 -0.00471608 0.01110011
v -0.02200151 -0.00508236 0.01058490
v -0.02521559 -0.00427403 0.01146978
v -0.02670430 -0.00542444 0.01139888
v -0.02463744 -0.00464505 0.01097895
v -0.02681120 -0.00591541 0.01126973
v -0.02622244 -0.00525633 0.01123914
v -0.02590987 -0.00562923 0.00692796
v -0.02746805 -0.00738919 0.01128365
v -0.02737920 -0.00940297 0.01136866
v -0.02748455 -0.00795976 0.01091920
v -0.02556559 -0.01145010 0.01141044
v -0.02734147 -0.00899511 0.01105173
v -0.02598568 -0.01114000 0.01139108
v -0.02549954 0.00494166 0.01107725
v -0.02326192 0.00427175 0.01137548
v -0.02371854 0.00444731 0.01120100
v -0.02284706 0.00455203 0.01114608
v -0.02032695 0.00596505 0.01143826
v -0.02081356 0.00617136 0.01130790
v -0.02095374 0.00635966 0.01101801
v -0.02019158 0.00838959 0.01139513
v -0.02045734 0.00807199 0.01108495
v -0.02047908 0.01012325 0.01144577
v -0.02162961 0.01079535 0.01132013
v -0.02093332 0.00961604 0.01097566
v -0.02417366 0.01182505 0.01140699
v -0.02193684 0.01079467 0.01098938
v -0.02226423 0.01156991 0.01146542
v -0.02622824 0.01123248 0.01144861
v -0.02414689 0.01158941 0.01124213
v -0.02628229 0.01068503 0.01121975
v -0.02644203 0.01034765 0.01101425
v -0.02749756 0.00826512 0.01118998
v -0.02732792 0.00655809 0.01134852
v -0.02635157 0.00508987 0.01138404
v -0.02685535 0.00619633 0.01105052
v -0.00754207 0.01347085 -0.01223762
v -0.00694207 0.00725004 0.00491618
v -0.00694207 0.00700004 0.00516618
v -0.00694207 0.00725004 0.00516618
v -0.00694207 0.00030004 0.00516618
v -0.00694207 0.00700004 0.00566618
v -0.00694207 -0.01269996 -0.00723382
v -0.00694207 -0.00724996 0.00491618
v -0.00694207 -0.00029996 0.00516618
v -0.00694207 -0.00699996 0.00516618
v -0.00694207 -0.00724996 0.00516618
v -0.00694207 -0.00699996 0.00566618
v -0.00094207 0.00725004 0.00491618
v -0.00094207 0.00652384 -0.00533382
v -0.00094207 0.00725004 0.00516618
v -0.00094207 0.00700004 0.00516618
v -0.00112768 0.00683128 0.00566622
v 0.00005793 0.00660509 -0.00533381
v 0.00105793 0.00652384 -0.00533382
v 0.00105793 0.00725004 0.00491618
v 0.00105793 0.00700004 0.00516618
v 0.00105793 0.00725004 0.00516618
v 0.00705793 0.00708337 0.00504118
v 0.00805793 0.01342861 -0.01087668
v 0.00705793 0.00725004 0.00516618
v 0.00705793 0.00700004 0.00566618
v 0.00705793 -0.00006919 0.00525849
v 0.00705793 -0.00708329 0.00504118
v 0.00705793 -0.00724996 0.00516618
v 0.00705793 -0.00699996 0.00566618
v 0.00905793 0.00402226 0.00442174
v 0.00905793 0.00700004 0.00566618
v 0.00905793 -0.00629673 0.00438876
v 0.00905793 -0.00699996 0.00566618
v 0.02413191 0.01327651 -0.01149561
v 0.02577601 0.01186771 -0.00856040
v 0.02505793 0.00900004 0.00566618
v 0.02963138 0.00833337 -0.01223553
v 0.02484287 0.00668414 0.00083544
v 0.02571928 -0.01001880 -0.00437392
v 0.02405793 -0.01347139 -0.01233382
v 0.02271888 -0.00835228 0.00056828
v 0.01660793 -0.00812496 0.00491618
v 0.00105793 -0.00724996 0.00491618
v 0.00104978 -0.00658715 0.00336613
v 0.00105793 -0.00724996 0.00516618
v -0.00092365 -0.00656676 -0.00533383
v -0.00094207 -0.00712496 0.00499951
v -0.00094207 -0.00724996 0.00516618
v -0.00894207 0.00725004 0.00499951
v -0.00894207 0.00700004 0.00516618
v -0.00894207 0.00700004 0.00566618
v -0.00894207 0.00030004 0.00516618
v -0.00894207 -0.00029996 0.00516618
v -0.00894207 -0.00716663 0.00499951
v -0.00894207 -0.00724996 0.00516618
v -0.00894207 -0.00699996 0.00566618
v -0.01882505 -0.00841663 0.00423001
v -0.02321007 -0.00919756 -0.00276662
v -0.02494207 -0.01152496 0.00541618
v -0.02554909 -0.00689656 0.00022405
v -0.02472243 0.00810183 -0.00297489
v -0.02864207 0.00900004 -0.01233382
v -0.02427540 0.01362832 -0.01221463
v -0.02294207 0.00900004 0.00491618
v -0.01649207 0.00812504 0.00491618
v 0.02587974 -0.01087067 0.00666618
v 0.02727263 -0.00926663 0.00668084
v 0.02680964 -0.00585941 0.00667836
v 0.02324657 -0.00448857 0.00666618
v 0.02106509 -0.00635463 0.00666618
v 0.02132005 -0.01012673 0.00666618
v 0.02300252 -0.01124808 0.00666618
v 0.00987974 -0.01087067 0.00666618
v 0.01145793 -0.00799996 0.00666618
v 0.01103356 -0.00956930 0.00668293
v 0.00814233 -0.00420151 0.00666618
v 0.00506509 -0.00635463 0.00666618
v 0.00700252 -0.01124808 0.00666618
v -0.00727264 -0.01099521 0.00687327
v -0.00532681 -0.00509097 0.00666618
v -0.00981721 -0.00528284 0.00669392
v -0.01149043 -0.00755169 0.00666618
v -0.00899748 -0.01124808 0.00666618
v 0.02587974 0.00512933 0.00666618
v 0.02743265 0.00886651 0.00666618
v 0.02500069 0.01085172 0.00694323
v 0.02184355 0.01050598 0.00683674
v 0.02106508 0.00964536 0.00666618
v 0.02177814 0.00524426 0.00666618
v -0.00727264 0.00500479 0.00687327
v -0.00456735 0.00886651 0.00666618
v -0.00617940 0.01098537 0.00666618
v -0.00797723 0.01099558 0.00680998
v -0.01016298 0.01068464 0.00666618
v -0.01144779 0.00800005 0.00666618
v -0.00993916 0.00509264 0.00666618
v 0.00987974 0.00512933 0.00666618
v 0.01145793 0.00800004 0.00666618
v 0.01103349 0.00643027 0.00669008
v 0.00949657 0.01069915 0.00704305
v 0.00701224 0.01124064 0.00667935
v 0.00469421 0.00888075 0.00668019
v 0.00542146 0.00597180 0.00669703
v 0.00700252 0.00475192 0.00666618
v -0.02054207 -0.00799996 0.00666618
v -0.02116372 -0.00991254 0.00668795
v -0.02415654 -0.00459141 0.00666618
v -0.02724874 -0.00964985 0.00666618
v -0.02457917 -0.01133973 0.00666618
v -0.02054207 0.00800004 0.00666618
v -0.02096655 0.00643003 0.00669403
v -0.02134736 0.01049008 0.00667781
v -0.02415656 0.01140859 0.00666618
v -0.02602256 0.01052767 0.00685395
v -0.02703790 0.00939015 0.00668588
v -0.02703999 0.00690836 0.00671852
v -0.02536672 0.00542072 0.00696846
v -0.02377143 0.00457213 0.00667939
v -0.00326331 -0.00626720 0.00566620
v -0.00649499 0.00216770 0.00566618
v 0.00486034 -0.00458156 -0.00983382
v 0.00519289 -0.00498394 0.00566618
v 0.00250887 -0.00610369 -0.01019746
v -0.00265334 -0.00596923 -0.00984336
v -0.00529028 -0.00405574 -0.00982878
v -0.00300920 0.00595983 -0.00984293
v 0.00385006 0.00600993 0.00566629
v 0.00103440 0.00650607 -0.00983604
v 0.00392519 0.00537812 -0.00983616
v 0.00601821 0.00277310 -0.00984418
v 0.01124793 -0.00724996 0.00589618
v 0.01635793 -0.00699996 0.00516618
v 0.02305793 -0.00699996 0.00566618
v 0.02305793 0.00700004 0.00566618
v 0.01987748 0.00545993 0.00566618
v 0.02226028 -0.00340973 0.00566618
v 0.00974886 -0.00249787 0.00566618
v 0.01461862 0.00678993 0.00566618
v 0.00989596 0.00275362 0.00566618
v 0.02209741 0.00284202 0.00566618
v 0.01701115 -0.00659470 0.00566618
v 0.01319818 -0.00607718 0.00566618
v 0.01635793 0.00710004 0.00516618
v 0.02422460 -0.00174996 0.00533891
v -0.01624207 -0.00724996 0.00516618
v -0.01624207 -0.00699996 0.00516618
v -0.02294207 -0.00699996 0.00566618
v -0.01510823 0.00660042 0.00566618
v -0.00922253 -0.00042271 0.00566618
v -0.01179323 -0.00547418 0.00566618
v -0.02294207 0.00700004 0.00566618
v -0.02225114 0.00249797 0.00566618
v -0.01880182 0.00607727 0.00566618
v -0.01586839 -0.00661136 0.00566618
v -0.01030637 0.00357651 0.00566618
v -0.01247670 0.00565602 0.00566618
v -0.02114585 -0.00488665 0.00566618
v -0.01624207 0.00700004 0.00516618
v -0.01624207 0.00725004 0.00516618
v -0.02294207 0.00006927 0.00525849
v -0.00638994 0.00042980 -0.00987891
v -0.00499815 0.00274547 -0.00984831
v 0.00027202 -0.00621059 -0.00983346
v -0.00485305 0.00417959 -0.00982817
v 0.00550867 -0.00369353 -0.00984127
v -0.00036492 0.00617784 -0.01027427
v 0.00670935 0.00015584 -0.00983586
v 0.00131161 0.00558390 -0.00984593
v 0.00128131 0.00652337 -0.01068542
v 0.02241097 -0.00192103 -0.01015136
v 0.02047959 -0.00425504 -0.00982813
v 0.01701707 -0.00650982 -0.00983674
v 0.00984822 0.00122452 -0.00982315
v 0.01245468 0.00508496 -0.00982975
v 0.01324779 0.00597190 -0.00983382
v 0.01721422 0.00619866 -0.00982562
v 0.02018527 0.00486315 -0.00982477
v 0.02251550 0.00161550 -0.00984044
v -0.01060789 -0.00333958 -0.01091932
v -0.01101951 -0.00450012 -0.00983602
v -0.01495390 -0.00665818 -0.00983557
v -0.01245500 0.00565752 -0.00984025
v -0.00945844 0.00101274 -0.00983869
v 0.00667407 0.00112769 -0.01131037
v 0.00450471 0.00499193 -0.01126774
v -0.00325626 0.00611858 -0.01233335
v -0.00610345 0.00289672 -0.01233393
v -0.00678148 0.00048684 -0.01233339
v -0.00652843 -0.00169105 -0.01233382
v -0.00474689 -0.00494729 -0.01190352
v -0.00046578 -0.00677056 -0.01195857
v 0.00105614 -0.00654449 -0.01102133
v 0.00433686 -0.00453135 -0.01168127
v 0.00554736 -0.00379431 -0.01120823
v 0.00637290 -0.00061331 -0.01061772
v -0.00508776 -0.00348413 -0.00993907
v 0.00568535 0.00101059 -0.00995167
v 0.00441309 -0.00380972 -0.00990508
v 0.00565660 -0.00041402 -0.01090110
v -0.00433167 0.00455346 -0.01113108
v -0.00564531 -0.00075661 -0.01014200
v 0.00510565 -0.00220473 -0.01126099
v 0.00397395 0.00422928 -0.01040189
v -0.00387552 -0.00378182 -0.01167369
v 0.00130795 0.00517570 -0.01216351
v 0.00031059 0.00573992 -0.01008385
v -0.00091645 0.00510794 -0.01233382
v -0.00277590 -0.00500532 -0.01082084
v -0.00041640 -0.00574671 -0.01008377
v -0.00301106 0.00470912 -0.01064598
v 0.00108442 -0.00521542 -0.01188414
v -0.00115729 0.00559556 0.00566620
v -0.00550588 0.00143256 0.00566618
v 0.00478531 -0.00359676 0.00566625
v 0.00100765 0.00437664 0.00284094
v 0.00385939 0.00402734 0.00566617
v 0.00129231 -0.00454675 -0.00000461
v 0.00511094 0.00224690 0.00566618
v -0.00249975 -0.00397309 0.00418627
v 0.00550504 0.00076097 0.00566618
v -0.00505271 -0.00203253 0.00566618
v 0.01190399 -0.00527484 -0.00983648
v 0.01250890 -0.00463670 -0.00984930
v 0.01125321 -0.00313966 -0.00984804
v 0.00943466 -0.00087156 -0.00983924
v 0.01614139 -0.00620079 -0.00983928
v 0.01135569 0.00411247 -0.01023457
v 0.01553043 0.00651375 -0.00982844
v 0.02220449 -0.00060610 -0.00981955
v 0.02153308 0.00191120 -0.00998977
v -0.02018638 -0.00475640 -0.01015539
v -0.02238974 0.00042968 -0.00987890
v -0.02153542 -0.00234500 -0.00982325
v -0.02099822 0.00274552 -0.00984830
v -0.01166268 -0.00404741 -0.00985856
v -0.02108616 0.00419266 -0.00984289
v -0.01020256 -0.00042666 -0.01002531
v -0.01649136 0.00618237 -0.00980909
v -0.01017934 0.00031633 -0.00984924
v -0.01504994 0.00658507 -0.00983706
v -0.01475145 0.00560100 -0.00984663
v -0.01210354 0.00435705 -0.00992686
v 0.00005793 0.00000004 0.00071163
v 0.02264483 0.00092907 -0.01108367
v 0.02253851 0.00210377 -0.01233376
v 0.02201682 0.00327597 -0.01233382
v 0.02097203 0.00442450 -0.01102132
v 0.01992230 0.00548105 -0.01169092
v 0.01716825 0.00661328 -0.01128290
v 0.01436017 0.00660235 -0.01233374
v 0.01316263 0.00615287 -0.01233382
v 0.01241431 0.00574147 -0.01233382
v 0.01179714 0.00497266 -0.01072668
v 0.00989655 0.00289672 -0.01233393
v 0.00926977 -0.00077282 -0.01233384
v 0.00943169 0.00026151 -0.01088706
v 0.01094880 -0.00480034 -0.01233187
v 0.01119771 -0.00430528 -0.01008351
v 0.01624462 -0.00670754 -0.01126740
v 0.01775159 -0.00659386 -0.01233395
v 0.01986027 -0.00542251 -0.01018124
v 0.02143228 -0.00394497 -0.01089474
v 0.02216181 -0.00074321 -0.01076180
v 0.02249336 -0.00026003 -0.01008382
v 0.01951240 -0.00400441 -0.01208414
v 0.01067515 0.00150607 -0.01107871
v 0.02101335 -0.00271326 -0.01071290
v 0.01049241 -0.00089410 -0.01100002
v 0.01726296 0.00566055 -0.00986515
v 0.02039465 0.00397449 -0.01207951
v 0.01656049 0.00571800 -0.01008382
v 0.01605922 0.00574004 -0.01008382
v 0.01385808 -0.00525782 -0.01134046
v 0.01519707 0.00597237 -0.01177602
v 0.01708113 -0.00538994 -0.01120905
v 0.01248498 0.00449244 -0.01008382
v 0.01842313 0.00502634 0.00566618
v 0.02006726 0.00376505 0.00566618
v 0.02189061 -0.00289830 0.00566618
v 0.01298015 -0.00484976 0.00566618
v 0.01035589 0.00020763 0.00566618
v 0.01203060 0.00378201 0.00566618
v 0.01483074 0.00547229 0.00566618
v -0.00935517 0.00092907 -0.01108367
v -0.00989101 0.00334348 -0.01233364
v -0.01095941 0.00427675 -0.00991406
v -0.01207771 0.00548105 -0.01169092
v -0.01494459 0.00654296 -0.01102125
v -0.01642415 0.00670758 -0.01169100
v -0.01763983 0.00660235 -0.01233374
v -0.01883737 0.00615287 -0.01233382
v -0.01940904 0.00517563 -0.00982948
v -0.02003256 0.00522427 -0.01120874
v -0.02093347 0.00448431 -0.01169092
v -0.02210344 0.00289675 -0.01233393
v -0.02278148 0.00048684 -0.01233339
v -0.02252843 -0.00169105 -0.01233382
v -0.02194994 -0.00327106 -0.01233373
v -0.01684379 -0.00666846 -0.01086712
v -0.01507996 -0.00677140 -0.01195845
v -0.01104311 -0.00475397 -0.01126525
v -0.00942846 -0.00200646 -0.01233383
v -0.00945238 -0.00052580 -0.00992339
v -0.02108776 -0.00348413 -0.00993907
v -0.01238139 -0.00411312 -0.01146871
v -0.01072710 0.00114527 -0.01216254
v -0.01070834 -0.00190642 -0.01083696
v -0.02101035 -0.00247685 -0.01133186
v -0.01366420 0.00527958 -0.01222341
v -0.01925667 -0.00400663 -0.01233382
v -0.01569216 0.00560345 -0.01077607
v -0.01860336 0.00460959 -0.01216325
v -0.01671392 -0.00550885 -0.01119023
v -0.01568432 -0.00576030 -0.01020064
v -0.02050220 0.00339187 -0.01102980
v -0.01357687 0.00502634 0.00566618
v -0.01066929 -0.00208761 0.00566618
v -0.01094337 0.00254260 0.00566618
v -0.01403869 -0.00527524 0.00566618
v -0.01834183 -0.00509973 0.00566618
v -0.02151660 -0.00121694 0.00566618
v -0.01995658 0.00405469 0.00566618
v -0.01628895 0.00551387 0.00566618
vn -0.38735461 -0.17230897 0.90568539
vn 0.06636037 -0.06563667 0.99563454
vn 0.29495814 -0.34671007 0.89038858
vn 0.07186095 -0.09853771 0.99253530
vn -0.03058315 -0.52824822 0.84853903
vn -0.06533831 -0.06522034 0.99572949
vn -0.12339200 -0.50509821 0.85419565
vn -0.21308330 -0.60464792 0.76746101
vn -0.04497065 0.58748989 0.80798098
vn -0.37589338 -0.36628920 0.85119704
vn -0.46166051 0.12832149 0.87772613
vn -0.16742202 -0.77894396 0.60433118
vn -0.08827515 -0.54154941 0.83602137
vn 0.48416305 -0.10342097 0.86884420
vn -0.00816444 0.55884329 0.82923309
vn 0.54456888 0.03691345 0.83790342
vn 0.07407362 0.15363951 0.98534664
vn -0.44524251 0.37296521 0.81403689
vn 0.45019353 0.16849898 0.87688875
vn -0.77305231 0.10881651 0.62493927
vn -0.43700964 0.06533069 0.89708109
vn -0.06574486 0.06513396 0.99570838
vn -0.12772412 0.59038608 0.79695095
vn -0.06143305 0.95230846 0.29888890
vn -0.42952097 -0.01629876 0.90290979
vn -0.92632216 -0.31600767 0.20510099
vn 0.50798478 -0.33026047 0.79553723
vn 0.54801154 0.32461774 0.77091289
vn 0.21447434 0.36638420 0.90540785
vn 0.35676278 0.44175605 0.82314756
vn 0.18860775 -0.49128287 0.85033421
vn -0.30356952 -0.62792846 0.71662500
vn 0.15105260 -0.28361110 0.94696772
vn -0.15105260 -0.28361110 0.94696772
vn 0.16899657 -0.48468279 0.85820904
vn -0.17011126 -0.48461885 0.85802490
vn 0.15123973 -0.69912738 0.69881861
vn -0.15123937 -0.69881115 0.69913491
vn 0.17011173 -0.85802254 0.48462286
vn -0.16899654 -0.85820684 0.48468670
vn 0.15105260 -0.94696772 0.28361110
vn -0.15105260 -0.94696772 0.28361110
vn 0.06508613 -0.99575478 0.06508613
vn -0.06508613 -0.99575478 0.06508613
vn -0.28361066 0.15104409 0.94696920
vn -0.28488621 -0.15301218 0.94627011
vn -0.49372057 0.16671230 0.85349107
vn -0.47624353 -0.16294714 0.86408352
vn -0.69568645 0.17593317 0.69646815
vn -0.69787975 -0.10658886 0.70823913
vn -0.85400915 0.16762415 0.49251448
vn -0.86509624 -0.10919243 0.48957688
vn -0.94696920 0.15104409 0.28361066
vn -0.95754450 -0.08395019 0.27579140
vn -0.99670271 0.05991969 0.05471143
vn -0.96384082 -0.20218366 0.17358758
vn 0.25228394 0.10986952 0.96139560
vn 0.28428672 -0.15208830 0.94659929
vn 0.50715990 0.12722806 0.85240944
vn 0.47635178 -0.16040392 0.86449960
vn 0.70465836 0.18132848 0.68598584
vn 0.69821509 -0.10398055 0.70829636
vn 0.84856827 0.19522077 0.49175273
vn 0.86544767 -0.10795492 0.48923007
vn 0.94696920 0.15104409 0.28361066
vn 0.94615862 -0.08182351 0.31319129
vn 0.99667809 0.05910854 0.05602639
vn -0.11402942 0.31570112 0.94198200
vn 0.34049894 0.44222423 0.82975792
vn 0.03565589 0.04262945 0.99845450
vn -0.01442396 0.62480758 0.78064553
vn 0.09138251 0.70941286 0.69884378
vn -0.11739890 0.87476345 0.47011318
vn 0.05319236 0.96572445 0.25406074
vn -0.09030552 0.95561993 0.28042017
vn 0.04702621 0.98331367 0.17573492
vn -0.20740044 0.96056413 0.18520695
vn 0.55541265 -0.83067155 0.03874988
vn -0.24967160 0.87937949 0.40540820
vn -0.32222096 -0.89072710 0.32059146
vn -0.05065912 0.80373059 0.59283285
vn 0.54364058 -0.70710141 0.45217531
vn 0.09871528 0.44516940 0.88998848
vn -0.54174382 -0.20307078 0.81564446
vn 0.38263676 -0.43986772 0.81246877
vn 0.94860576 -0.14801171 0.27971351
vn 0.77915391 0.45423041 0.43196518
vn 0.01322651 0.87907871 0.47649312
vn -0.11094420 -0.89212734 0.43794999
vn -0.88824051 0.31656079 0.33289347
vn -0.34788196 0.87512184 0.33636275
vn -0.74079321 0.45482585 0.49432667
vn -0.62159678 -0.00263925 0.78333293
vn 0.44463284 0.33058161 0.83247669
vn -0.12023044 0.95818736 0.25965675
vn -0.46229079 0.09248498 0.88189215
vn 0.00681425 -0.98056947 0.19605378
vn 0.14773441 -0.38045152 0.91292452
vn 0.93527516 0.28069387 0.21557210
vn 0.29251677 0.54524960 0.78558056
vn -0.22411990 0.95780117 0.17996440
vn 0.04398101 -0.95557177 0.29145884
vn -0.28428706 -0.94659910 0.15208883
vn -0.63160583 -0.54997763 0.54644184
vn -0.95004132 -0.30272963 0.07600170
vn -0.86543041 -0.48926112 0.10795254
vn -0.69821897 -0.70829479 0.10396517
vn -0.47638026 -0.86448492 0.16039844
vn 0.28488672 -0.94626983 0.15301298
vn 0.86509825 -0.48957312 0.10919327
vn 0.95417610 -0.28605269 0.08787396
vn 0.63193037 -0.54624869 0.54979668
vn 0.69788761 -0.70823134 0.10658919
vn 0.47624709 -0.86408133 0.16294831
vn 0.97063042 -0.16082348 0.17892008
vn -0.04682724 -0.71968699 -0.69271772
vn 0.04647511 -0.71967712 -0.69275170
vn -0.95199572 0.27356989 0.13734504
vn -0.33276126 0.62494886 0.70619322
vn -0.30550911 0.94908894 0.07677479
vn -0.47371369 0.87334286 0.11343535
vn -0.70578802 0.70729899 0.03989247
vn -0.67738158 0.63135606 0.37754963
vn -0.87362942 0.47511190 0.10507290
vn -0.27530386 -0.41337072 -0.86794725
vn -0.71255492 -0.01592113 -0.70143568
vn 0.94162439 0.29374160 0.16449735
vn 0.49776274 0.86712414 0.01811006
vn 0.23370505 0.96847429 0.08625253
vn 0.50329726 0.76469361 0.40241218
vn 0.72091425 0.68980248 0.06674725
vn 0.86385677 0.46214312 0.20043755
vn 0.01670155 0.70827394 -0.70574009
vn -0.04145589 0.71460211 -0.69830168
vn -0.00628389 -0.84107031 0.54088931
vn 0.35230026 -0.93580427 -0.01244577
vn 0.13943333 -0.36419083 0.92082756
vn 0.98803694 -0.04967861 0.14599668
vn 0.67379220 -0.34535925 0.65324656
vn 0.93336927 0.32856153 -0.14446152
vn 0.70973691 0.51070945 0.48523127
vn 0.89148482 0.19515349 0.40886420
vn 0.11927233 -0.03041937 0.99239547
vn 0.35752061 0.14547081 0.92250596
vn 0.15681339 0.36646743 0.91712114
vn 0.13674433 0.79188383 0.59516468
vn -0.65668859 0.68622361 0.31282145
vn 0.31467373 0.60985232 0.72736551
vn 0.00520845 0.19294017 0.98119670
vn -0.18789098 0.79610341 0.57525328
vn 0.03378738 -0.00538154 0.99941455
vn -0.90201293 0.27859235 0.32978627
vn -0.73650297 -0.11913303 0.66586087
vn -0.40459272 0.25317364 0.87875357
vn -0.76522617 -0.32379221 0.55640589
vn -0.12815634 -0.12974974 0.98322986
vn -0.58237032 -0.61676602 0.52957009
vn -0.07476543 -0.19177198 0.97858757
vn 0.08565766 -0.85467762 0.51204387
vn -0.01522852 -0.04113480 0.99903755
vn 0.42326899 -0.86941786 0.25486457
vn 0.60123335 -0.64073132 0.47747444
vn 0.20600405 -0.34823238 0.91449250
vn 0.86835474 -0.42747526 0.25144572
vn 0.76856256 -0.14934859 0.62209853
vn 0.78054091 0.18192165 0.59804716
vn 0.73939926 0.52344812 0.42342745
vn 0.31491839 0.39217073 0.86430812
vn 0.39440925 0.78985155 0.46965506
vn 0.29333366 0.17663865 0.93954997
vn 0.22700829 0.47125999 0.85228003
vn 0.06707586 0.29255470 0.95389338
vn -0.33796972 0.36933318 0.86566129
vn -0.25820434 0.57599000 0.77560689
vn -0.80917603 0.41167294 0.41923687
vn 0.00251768 0.00176574 0.99999527
vn -0.43161084 0.46419845 0.77345451
vn -0.87726930 -0.27110059 0.39610989
vn -0.39106839 -0.10215960 0.91467422
vn -0.79288061 0.07684925 0.60451181
vn -0.53475820 -0.57999136 0.61452721
vn -0.40504498 -0.43022749 0.80674833
vn -0.17551042 -0.76827866 0.61558427
vn -0.28397434 -0.47021330 0.83561835
vn 0.15504037 -0.68182422 0.71489735
vn 0.41972837 -0.62327482 0.65981557
vn 0.49302208 -0.25678203 0.83125942
vn 0.35156167 -0.16178201 0.92207970
vn 0.77802547 0.23929901 0.58087206
vn 0.89565809 0.40515748 0.18342299
vn 0.63541561 -0.13900334 0.75955584
vn 0.51040674 0.41703001 0.75204450
vn 0.40348471 0.68099511 0.61110208
vn -0.04078108 -0.05435474 0.99768856
vn 0.09364115 0.77667038 0.62290807
vn -0.21825080 0.74074605 0.63534391
vn -0.03593020 0.16600303 0.98547045
vn -0.14886243 0.24596645 0.95777893
vn -0.54820599 0.64975634 0.52658038
vn -0.19869904 0.18579908 0.96228758
vn -0.41923813 0.27901618 0.86393828
vn -0.88989373 0.03951539 0.45445317
vn -0.37790117 0.17350608 0.90944288
vn -0.73280032 -0.32076177 0.60009630
vn -0.63571674 -0.56049002 0.53076846
vn -0.24519121 -0.82510369 0.50900410
vn 0.04448048 -0.96508863 0.25811903
vn -0.01742151 -0.18524322 0.98253826
vn 0.30129813 -0.77390757 0.55703368
vn 0.01353376 -0.67994582 0.73313745
vn 0.02915493 -0.08692338 0.99578829
vn 0.78763889 -0.55802426 0.26121620
vn 0.47347671 -0.47964013 0.73875920
vn 0.67382730 0.09282822 0.73303458
vn -0.01542954 0.00680899 0.99985777
vn 0.44705041 0.49434492 0.74549918
vn 0.33351787 0.90685936 0.25762749
vn 0.26158153 0.39963297 0.87856052
vn 0.09060258 0.39323545 0.91496287
vn -0.24476801 0.50492309 0.82773262
vn -0.25983909 0.70839823 0.65624355
vn -0.38163095 0.46510912 0.79876863
vn -0.92617679 0.16972243 0.33673558
vn -0.64658062 0.58149443 0.49375879
vn -0.28621515 0.26101643 0.92192804
vn -0.47102835 -0.19733159 0.85976307
vn -0.69009750 -0.04970906 0.72200724
vn -0.58510190 -0.71317720 0.38604927
vn -0.58873169 -0.23572185 0.77319481
vn -0.35106303 -0.86257625 0.36430340
vn -0.19760363 -0.34440296 0.91779050
vn 0.29714882 -0.75101513 0.58964300
vn -0.01272974 -0.75375294 0.65703460
vn 0.80769993 -0.52871987 0.26091400
vn 0.45371011 -0.45175868 0.76815443
vn 0.92586962 0.00468659 0.37781408
vn 0.00000000 0.00000000 -0.00000000
vn 0.50826343 -0.10433134 0.85485862
vn 0.82771372 0.46357807 0.31620464
vn 0.54415959 -0.04029840 0.83801335
vn 0.55192958 0.66506517 0.50305274
vn -0.13607795 0.58004172 0.80314033
vn 0.03116845 0.66366966 0.74737615
vn -0.57906194 0.71219086 0.39682673
vn -0.60614309 0.38768031 0.69447428
vn -0.82629705 -0.01244689 0.56309703
vn -0.66998237 -0.55668550 0.49114650
vn -0.22224205 -0.09121085 0.97071574
vn -0.77605560 -0.22195743 0.59031569
vn -0.30782154 -0.86356783 0.39937013
vn -0.37392079 -0.47934713 0.79398336
vn -0.02798401 -0.90271990 0.42931769
vn -0.02260172 -0.67531895 0.73717940
vn 0.00347731 0.06934563 0.99758663
vn 0.08747257 -0.71071536 0.69802022
vn 0.47782005 -0.35968536 0.80144522
vn 0.43999092 -0.62748589 0.64239353
vn 0.71046566 -0.60740054 0.35539152
vn 0.63106943 0.40052262 0.66432899
vn 0.72969594 -0.04312110 0.68241073
vn 0.59878746 0.59876348 0.53191717
vn 0.37701988 0.85555229 0.35480458
vn 0.15851201 0.14293806 0.97695581
vn 0.26734362 0.85929291 0.43605399
vn -0.05135643 0.99505739 -0.08498999
vn -0.05073990 0.38588406 0.92115089
vn -0.28305415 0.40900726 0.86752142
vn -0.68675067 0.63068466 0.36140057
vn -0.78136812 0.06609352 0.62056064
vn -0.72817481 -0.05196196 0.68341890
vn -0.65984552 -0.54821526 0.51387149
vn 0.10964025 0.05068750 0.99267809
vn -0.52349458 -0.74554797 0.41244594
vn -0.43054252 -0.80214047 0.41376781
vn -0.45598582 -0.47642607 0.75172810
vn 0.13417742 -0.85406160 0.50256860
vn 0.00300822 -0.05755881 0.99833759
vn 0.44751824 -0.82072779 0.35515252
vn 0.13315290 -0.73523412 0.66460597
vn 0.43228662 -0.34932591 0.83132405
vn 0.53056827 -0.40824648 0.74285404
vn 0.76922080 -0.14856210 0.62147298
vn 0.88601296 0.26849368 0.37801083
vn 0.73399060 0.54955063 0.39906378
vn 0.62599539 0.10405378 0.77285353
vn 0.44340351 0.73930435 0.50677649
vn 0.13081624 0.14064021 0.98138038
vn 0.08738142 0.64406314 0.75996524
vn -0.23284091 0.48250794 0.84437622
vn -0.58713563 0.69745759 0.41088279
vn -0.23929295 0.21384084 0.94710664
vn -0.44773162 0.23839237 0.86180362
vn -0.80157573 0.17848573 0.57063052
vn -0.84256449 -0.32558776 0.42904276
vn -0.34471491 -0.05984635 0.93679776
vn -0.71328480 -0.61045904 0.34433205
vn 0.00733267 0.05639027 0.99838188
vn -0.42090450 -0.78400968 0.45625455
vn -0.26460040 -0.24463804 0.93281234
vn -0.21563695 -0.83075851 0.51316762
vn -0.11013437 -0.33319786 0.93640248
vn 0.13295664 -0.48602867 0.86377003
vn 0.52176430 -0.64118591 0.56271010
vn 0.84325405 -0.28724031 0.45432985
vn 0.55529731 0.42550391 0.71455672
vn 0.44033385 0.81168937 0.38375312
vn 0.18435355 0.78776445 0.58774224
vn 0.03564471 0.27433657 0.96097289
vn -0.10259488 0.56102244 0.82141835
vn -0.71621432 0.59379577 0.36666555
vn -0.52038792 0.76092914 0.38753484
vn -0.92921108 0.22997618 0.28927104
vn -0.33342545 0.24117786 0.91140590
vn -0.36546104 0.00475790 0.93081448
vn -0.84213071 -0.29105679 0.45398437
vn -0.59439786 -0.76882943 -0.23578061
vn -0.53148102 -0.69934814 0.47795408
vn -0.26049635 -0.96484945 0.03474453
vn -0.11886134 -0.19690816 0.97319020
vn -0.19003316 -0.70923683 -0.67887445
vn -0.36714175 -0.63588057 -0.67886879
vn -0.51919007 -0.51919007 -0.67888389
vn -0.63588057 -0.36714175 -0.67886879
vn -0.70923683 -0.19003316 -0.67887445
vn 0.19003316 -0.70923683 -0.67887445
vn 0.36712957 -0.63588394 -0.67887222
vn 0.51919786 -0.51919262 -0.67887599
vn 0.63588496 -0.36712588 -0.67887326
vn 0.76510728 -0.05094928 -0.64188396
vn 0.01742706 -0.23008372 -0.97301479
vn 0.00793948 0.67869679 -0.73437568
vn 0.01020597 0.77062857 -0.63720283
vn -0.05159002 -0.64697110 -0.76076728
vn 0.58819262 0.24038081 -0.77217000
vn 0.26574115 0.52219781 -0.81036479
vn -0.75279949 0.07376406 -0.65410381
vn -0.19003316 0.70923683 -0.67887445
vn -0.63587837 0.36713523 -0.67887438
vn -0.51919262 0.51919786 -0.67887599
vn -0.36712588 0.63588496 -0.67887326
vn 0.22090099 0.44099605 -0.86989956
vn 0.42390224 -0.44897622 -0.78659217
vn 0.36711370 0.63588833 -0.67887669
vn 0.51920040 0.51920040 -0.67886809
vn 0.63588276 0.36711936 -0.67887885
vn 0.19003316 0.70923683 -0.67887445
vn 0.78151815 -0.04267378 -0.62242135
vn 0.07213495 0.09378777 0.99297553
vn 0.00194735 -0.00672164 0.99997551
vn 0.04130192 0.37905640 0.92445140
vn 0.06907793 0.03319366 0.99705889
vn -0.04614053 -0.15730666 0.98647132
vn 0.12979790 -0.06352496 0.98950345
vn 0.22804812 -0.06420406 0.97153070
vn 0.10731758 0.36417247 0.92512775
vn -0.02825852 -0.00482183 0.99958902
vn -0.02044576 -0.01593640 0.99966394
vn 0.02710053 -0.07905004 0.99650221
vn 0.63213013 0.28890317 0.71898989
vn 0.06678196 0.19666508 0.97819375
vn 0.00484451 0.02057578 0.99977656
vn -0.11841087 0.17128859 0.97807928
vn 0.01950634 -0.05162101 0.99847623
vn -0.08303483 -0.14308378 0.98622120
vn -0.05688234 -0.06154123 0.99648235
vn -0.04635094 -0.37700919 0.92504900
vn 0.84889687 -0.07577907 0.52309812
vn 0.06654651 -0.01489850 0.99767209
vn 0.22372378 -0.09608313 0.96990500
vn -0.25537423 -0.68192719 -0.68538990
vn 0.31798816 -0.88479840 -0.34061021
vn -0.43164477 -0.50569382 -0.74696489
vn 0.56037284 -0.49511128 -0.66396318
vn 0.03386030 0.02080758 -0.99920995
vn -0.76039410 0.40943475 -0.50414680
vn -0.05395663 0.03707633 -0.99785471
vn 0.45176647 0.62528956 -0.63633327
vn 0.26913565 0.68724395 -0.67473088
vn -0.28831363 0.89666236 -0.33596406
vn 0.16886022 0.68214971 -0.71144782
vn 0.62067640 -0.07037124 -0.78090249
vn 0.15989125 -0.52659490 -0.83494467
vn 0.48502615 0.43987519 -0.75581708
vn 0.08142309 -0.12519456 -0.98878542
vn -0.53752738 -0.73548209 -0.41246867
vn 0.62138990 -0.42460631 -0.65847101
vn 0.05274904 0.35106277 0.93486495
vn -0.10547413 0.20013181 0.97407519
vn 0.35825648 0.93309465 0.03141121
vn -0.14390959 0.93679508 0.31891223
vn -0.10135186 0.15170355 0.98321607
vn -0.45160520 -0.01917355 0.89201184
vn -0.33820591 0.81572905 0.46925779
vn -0.91718751 0.33806993 0.21089287
vn -0.37060231 -0.21062984 0.90459328
vn -0.06670373 -0.08139924 0.99444697
vn -0.61223069 -0.31646330 0.72458579
vn -0.79882339 -0.60144730 -0.01193036
vn -0.16653057 -0.42467215 0.88989951
vn -0.22260400 -0.94396849 0.24366153
vn 0.02087894 -0.62893106 0.77718067
vn 0.09848864 -0.28416144 0.95370449
vn 0.16238408 -0.15109677 0.97509034
vn 0.49033663 -0.20718392 0.84654877
vn 0.66002895 -0.68283314 -0.31321031
vn 0.61247362 -0.77752729 -0.14257408
vn 0.79102725 0.25601292 0.55563772
vn 0.98698815 -0.14156757 0.07624315
vn 0.40947475 0.63833082 0.65181608
vn 0.08002720 0.07318101 0.99410270
vn 0.75210877 -0.04642299 0.65740193
vn 0.18005004 0.37214194 0.91054509
vn 0.07291842 0.41456044 0.90709566
vn 0.33645664 0.74408832 0.57717372
vn -0.18054915 0.51133651 0.84020055
vn -0.04769116 0.79492066 0.60483609
vn 0.16605604 -0.09557640 0.98147366
vn -0.03844788 0.03071089 0.99878857
vn -0.39038185 0.23824239 0.88929330
vn -0.48736699 0.85020839 0.19904552
vn -0.09047808 0.00501306 0.99588583
vn -0.48286914 -0.09266304 0.87077607
vn -0.98185809 0.17933648 0.06158827
vn -0.02594616 -0.01163551 0.99959562
vn -0.81216196 -0.58157223 0.04654769
vn -0.16730614 -0.49096821 0.85496133
vn -0.61667543 -0.48149136 0.62279811
vn 0.01084475 -0.99771662 0.06666279
vn 0.02087894 -0.62893106 0.77718067
vn 0.09609495 -0.28793545 0.95281632
vn 0.14287577 -0.13226747 0.98086280
vn 0.49033663 -0.20718392 0.84654877
vn 0.66002895 -0.68283314 -0.31321031
vn 0.64213449 -0.75678409 -0.12223392
vn 0.95681072 0.28595289 -0.05238498
vn 0.97895541 -0.14821433 0.14028123
vn 0.31237148 0.18219848 0.93232386
vn 0.70601391 0.25315842 0.66140394
vn 0.38020742 0.81412638 0.43890838
vn 0.58342666 0.67830135 0.44667731
vn 0.08678496 -0.15605769 0.98392803
vn -0.04962679 0.14113995 0.98874501
vn -0.08814589 0.78237808 0.61653454
vn -0.66365159 0.61220396 0.42985215
vn -0.47100115 0.88175337 0.02586330
vn -0.67973375 0.33329657 0.65335704
vn -0.66312301 0.04638188 0.74707202
vn -0.52842858 -0.14270890 0.83689749
vn -0.85174183 -0.34056033 0.39818905
vn -0.61433977 -0.66547960 0.42393815
vn -0.24071655 -0.73620384 0.63250253
vn 0.52141472 -0.46005158 0.71866489
vn 0.14401986 -0.98923273 0.02601719
vn 0.28592490 -0.10302728 0.95269740
vn 0.39522366 -0.67639170 0.62152435
vn 0.99497771 0.05341445 0.08465370
vn 0.81828833 -0.31369797 -0.48166150
vn 0.14069060 0.06081231 0.98818420
vn 0.92247062 -0.36947969 -0.11194965
vn 0.70673170 0.28061980 0.64944810
vn 0.02630538 0.08075674 0.99638666
vn 0.16071573 0.26728773 0.95011985
vn 0.42810564 0.66817125 0.60850040
vn 0.38279376 0.92321583 0.03378554
vn -0.11128617 0.62460513 0.77297077
vn -0.19666871 0.26023158 0.94530468
vn -0.15518723 0.72400900 0.67210705
vn -0.41776417 -0.11687614 0.90100670
vn -0.72092198 0.07860278 0.68854419
vn 0.37361273 -0.05257676 0.92609352
vn -0.58823260 0.58103183 0.56248059
vn -0.70459293 0.58559635 0.40078138
vn -0.56263841 0.51358221 0.64782045
vn -0.44982744 0.26934262 0.85153381
vn -0.88111889 -0.29790499 0.36726301
vn -0.27493904 -0.23505321 0.93228671
vn -0.53526625 -0.82627221 0.17539751
vn -0.01021708 -0.58725573 0.80933696
vn 0.03347029 -0.07544916 0.99658776
vn 0.43742685 -0.65548481 0.61562767
vn 0.54290837 -0.65553790 0.52490053
vn 0.87016297 0.23193908 0.43476508
vn 0.96702095 -0.22531638 -0.11875609
vn 0.29698889 0.32097811 0.89931677
vn 0.78091364 -0.00868741 0.62457859
vn 0.35969742 0.13749533 0.92288288
vn 0.13406443 0.19092808 0.97240588
vn 0.03844580 0.28267932 0.95844370
vn 0.47283441 0.87961529 0.05200533
vn 0.07469085 -0.00586093 0.99718951
vn -0.11488922 0.56148376 0.81947328
vn -0.52495001 -0.07561858 0.84776725
vn -0.65009300 0.75955635 -0.02128972
vn -0.44000954 0.28618276 0.85117039
vn -0.61903944 0.74987221 0.23341344
vn -0.87404106 0.44300933 0.19948672
vn -0.86775690 -0.32729518 0.37399977
vn 0.06273380 -0.68097836 0.72961151
vn -0.56588565 -0.66310850 0.48995974
vn 0.34123478 -0.38346840 0.85820208
vn 0.08760096 -0.96146535 0.26059632
vn 0.01100050 -0.01760133 0.99978457
vn 0.58786589 -0.70432907 0.39791238
vn 0.78505571 0.03247544 0.61857326
vn 0.32114073 0.19445921 0.92685179
vn 0.96577988 -0.25914484 0.01063803
vn -0.02264850 -0.00880235 0.99970474
vn 0.79517197 0.43241728 0.42510803
vn 0.02575141 0.36170365 0.93193741
vn 0.33317113 0.65330549 0.67984479
vn -0.28315427 0.58804383 0.75764643
vn -0.11300693 0.73727209 0.66607755
vn -0.16360167 0.07087784 0.98397705
vn -0.04257359 0.11628178 0.99230340
vn -0.63901854 0.48599567 0.59620761
vn -0.52477667 0.82956345 0.19087673
vn -0.55504513 0.09504792 0.82637207
vn -0.15475351 -0.14693039 0.97696612
vn -0.84176380 -0.36605987 0.39677938
vn -0.74990394 -0.10990105 0.65235408
vn -0.43110822 -0.88435783 0.17904451
vn 0.24856058 -0.63769661 0.72908208
vn -0.02699808 -0.36783839 0.92949773
vn -0.08120355 -0.92709512 0.36592433
vn 0.44215292 -0.28121307 0.85171592
vn 0.15957225 -0.05883714 0.98543132
vn 0.67172497 -0.70369400 0.23151742
vn 0.85876820 -0.15145797 0.48946672
vn 0.29446343 0.23316750 0.92678164
vn 0.63677668 0.21327530 0.74096499
vn 0.88747787 0.38551479 0.25251015
vn 0.07108305 0.30096946 0.95098085
vn 0.50234061 0.70848636 0.49568235
vn -0.11836762 0.60859248 0.78460455
vn -0.21589955 0.83376639 0.50815449
vn -0.13002407 0.02453749 0.99120717
vn -0.53184974 0.26568801 0.80408068
vn -0.67235204 0.72267007 -0.16028322
vn -0.81227996 0.02256780 0.58283099
vn -0.31917816 -0.19278460 0.92787898
vn -0.53936184 -0.55873933 0.62999934
vn -0.08025938 -0.38234527 0.92052731
vn -0.29445745 -0.83632604 0.46244305
vn -0.56154858 -0.82197044 0.09501473
vn 0.01285430 -0.04175924 0.99904501
vn 0.11632401 -0.13945621 0.98337210
vn 0.21892288 -0.97453499 -0.04852149
vn 0.43061803 -0.21253697 0.87715229
vn 0.69909424 -0.71501431 0.00466694
vn 0.56975908 -0.50099380 0.65144440
vn 0.69102488 -0.12972236 0.71109544
vn 0.39353039 0.21214392 0.89449918
vn 0.99858233 -0.01845876 0.04992596
vn 0.03928162 0.09349148 0.99484486
vn 0.67455723 0.18914467 0.71358029
vn 0.16370643 0.30402395 0.93849329
vn 0.38327674 0.89101797 0.24328154
vn -0.05048980 0.36580973 0.92931912
vn 0.12588530 0.69638114 0.70654526
vn -0.43794269 0.89553015 0.07894274
vn 0.06286381 -0.07282676 0.99536144
vn -0.42429525 0.29101490 0.85748695
vn -0.81795330 0.47441136 0.32540170
vn -0.36115329 -0.03041734 0.93201024
vn -0.93592227 0.04313899 0.34955475
vn -0.03048557 -0.02805788 0.99914132
vn -0.49306964 -0.48923999 0.71939319
vn -0.87833237 -0.40454314 -0.25470982
vn 0.01165581 -0.23791597 0.97121580
vn -0.55168862 -0.75662916 0.35093016
vn -0.01285953 -0.12727070 0.99178466
vn 0.03036398 -0.05218192 0.99817587
vn 0.05779142 -0.82575296 0.56106345
vn 0.47550094 -0.47357224 0.74136913
vn 0.77228086 -0.62551859 0.11094490
vn 0.97016221 -0.01053586 0.24222775
vn 0.37459811 0.16813632 0.91181491
vn 0.21598456 0.19779947 0.95615168
vn 0.77136857 0.60449225 0.19894634
vn 0.04181689 -0.68397639 -0.72830464
vn 0.79374225 -0.56939162 -0.21393087
vn 0.90149988 -0.30315443 -0.30886140
vn 0.57735027 -0.57735027 -0.57735027
vn 0.75085291 -0.12859200 -0.64783023
vn 0.56965788 -0.58643053 -0.57583777
vn 0.96601027 0.04871323 -0.25387237
vn 0.89257491 0.35939080 -0.27230182
vn 0.80418645 0.22745828 -0.54913285
vn 0.88363272 0.30810298 -0.35251350
vn 0.57735027 0.57735027 -0.57735027
vn 0.52216751 0.63643380 -0.56770865
vn -0.80639393 -0.55160592 -0.21321289
vn -0.31529748 0.90207166 -0.29471039
vn -0.57735027 -0.57735027 -0.57735027
vn -0.85237795 0.16308394 -0.49684552
vn -0.70686501 -0.13655665 -0.69404188
vn -0.01014433 0.83535643 -0.54961508
vn 0.28550531 0.94242511 -0.17413109
vn 0.88480549 -0.30595351 -0.35144230
vn 0.66701284 0.43952450 -0.60159130
vn 0.57735027 -0.57735027 -0.57735027
vn -0.83770211 -0.35656219 -0.41366481
vn 0.05011548 -0.90384396 -0.42491710
vn -0.83908084 -0.43308744 -0.32920906
vn -0.50219935 -0.62177512 -0.60099210
vn -0.85938583 -0.01753985 -0.51102677
vn -0.66185929 0.55153497 -0.50769229
vn -0.83955243 0.42613241 -0.33699093
vn -0.31833039 0.74202049 -0.58997572
vn 0.94599975 -0.23023747 -0.22819988
vn 0.59168664 -0.78624676 -0.17810939
vn 0.90885765 0.31909508 -0.26861887
vn 0.56626401 0.70501724 -0.42696108
vn 0.04694991 -0.77902383 -0.62523402
vn 0.66768585 0.06427843 -0.74166292
vn 0.00000000 -0.00000000 -0.00000000
vn -0.63468563 0.08254699 -0.76834898
vn -0.82531594 -0.40713112 -0.39127720
vn 0.24618348 0.51945127 -0.81826895
vn -0.19176537 0.52198572 -0.83111789
vn -0.41605726 0.77679749 -0.47273885
vn -0.38071737 0.31207490 -0.87043870
vn 0.80316267 0.56021453 -0.20270522
vn 0.79457849 -0.56879764 -0.21240119
vn 0.55568483 0.15118431 -0.81753145
vn -0.06404370 -0.99463462 -0.08124266
vn -0.65201261 -0.40306505 -0.64219789
vn -0.83908084 0.32920906 -0.43308744
vn -0.70575963 -0.42788569 -0.56463898
vn -0.83282787 -0.48645469 -0.26412038
vn -0.57735027 -0.57735027 -0.57735027
vn -0.74667912 -0.11103398 -0.65585192
vn -0.80446731 0.22578708 -0.54941109
vn -0.80689694 0.50633399 -0.30420916
vn -0.84107945 0.25331604 -0.47792923
vn -0.58761673 0.50129608 -0.63514472
vn 0.61614578 -0.34122577 -0.70987982
vn 0.66606684 0.60225894 -0.44004446
vn -0.58547429 0.04310004 -0.80954447
vn -0.45282741 0.69004960 -0.56460507
vn 0.51971788 -0.49505751 -0.69628398
vn 0.00000000 0.00000000 0.00000000
vn 0.16473717 -0.54633994 -0.82120298
vn -0.00000000 -0.00000000 -0.00000000
vn 0.31388233 -0.42069530 -0.85117175
vn 0.00000000 0.00000000 0.00000000
vn -0.70218632 0.32690854 0.63250706
vn -0.61848024 -0.46587285 0.63280698
vn 0.13621155 -0.75689366 0.63918573
vn 0.66712848 -0.27865673 0.69086180
vn 0.60414655 0.43232349 0.66940522
vn 0.04126422 0.65872062 0.75125522
vn -0.17288904 0.58957938 0.78899020
vn -0.58806003 -0.16576578 0.79164835
vn -0.63110541 0.32472045 0.70445907
vn -0.10628124 -0.76726663 0.63246045
vn 0.73510913 -0.28973413 0.61291818
vn 0.09393848 0.66654796 0.73951970
vn -0.10233049 0.74555042 0.65854616
vn -0.52271561 -0.59832250 0.60727141
vn 0.37830042 -0.67091230 0.63778168
vn 0.79858627 0.01465303 0.60170197
vn 0.00000000 0.00000000 0.00000000
vn 0.00000000 -0.00000000 0.00000000
vn -0.70540714 -0.23315411 0.66935785
vn -0.20906023 -0.70597484 0.67667817
vn 0.34825242 -0.65955659 0.66611212
vn 0.52504068 -0.21185702 0.82428690
vn 0.47465034 0.59104294 0.65220802
vn -0.30074905 0.68566837 0.66287924
vn -0.76455826 -0.05029160 0.64258962
vn -0.32808332 -0.65684932 0.67890376
vn 0.04857491 -0.67950395 0.73206206
vn 0.44409506 -0.60091390 0.66459166
vn 0.76459547 0.00477940 0.64449277
vn 0.39028701 0.65320595 0.64884362
vn -0.19247234 0.60065883 0.77599186
vn 0.00000000 0.00000000 0.00000000
vn -0.70641683 0.13905130 0.69400288
vn -0.46128566 -0.63584448 0.61880315
vn 0.18512109 -0.71995353 0.66887749
vn 0.74607795 -0.19875692 0.63550246
vn 0.63595448 0.42016847 0.64731782
vn 0.06630466 0.75093501 0.65703904
vn -0.75660019 -0.07383168 0.64969611
vn -0.55362606 0.52561980 0.64592726
vn 0.07658496 -0.68944021 0.72028254
vn 0.72076526 0.28713183 0.63091422
vn -0.13372558 0.63475246 0.76105636
vn -0.74223897 -0.01239929 0.67002057
vn -0.62911140 0.42627418 0.65000705
vn -0.55653334 -0.54829736 0.62421203
vn 0.06977604 -0.74969075 0.65809960
vn 0.46459235 -0.59874518 0.65242483
vn 0.63296110 -0.28607731 0.71938865
vn 0.63180495 0.31964569 0.70615093
vn 0.47092399 0.58908947 0.65666140
vn -0.00171437 0.75494584 0.65578490
vn -0.49421580 -0.06719867 -0.86673818
vn -0.51044988 0.13320615 -0.84952754
vn 0.56035152 -0.53685928 -0.63070460
vn 0.56100494 0.01183563 -0.82772784
vn 0.37255033 -0.89911759 -0.22976905
vn -0.36785579 -0.92980756 0.01183304
vn -0.80920426 -0.41301639 -0.41785874
vn -0.48957251 0.87190207 -0.01027283
vn 0.46759475 0.07878777 -0.88042469
vn -0.26727702 0.86830598 -0.41786088
vn 0.66038202 0.74698003 -0.07691831
vn 0.88616554 0.46328606 -0.00875620
vn 0.47132577 0.30384031 -0.82796925
vn -0.17733266 0.80195970 -0.57045050
vn -0.52971187 0.55326487 -0.64288671
vn -0.43056411 -0.63637698 -0.64003039
vn 0.33074189 0.52532347 -0.78399302
vn 0.48591790 -0.26414432 -0.83313359
vn -0.55994668 -0.21677624 -0.79966729
vn -0.12806651 0.55010506 -0.82521718
vn -0.53087902 0.25696361 -0.80755010
vn 0.57242979 0.22581657 -0.78824553
vn 0.11613849 -0.60326702 -0.78903786
vn -0.27079878 -0.55200223 -0.78864539
vn -0.07080983 -0.75037926 -0.65720388
vn -0.68430656 0.03746263 -0.72823148
vn 0.10687393 0.30633166 -0.94590638
vn 0.13846129 0.75854504 -0.63674005
vn 0.57739145 0.49870511 -0.64646138
vn 0.06504516 0.64008132 -0.76554884
vn 0.60229166 -0.06312617 -0.79577625
vn 0.37593527 -0.45537237 -0.80703698
vn 0.51583663 -0.54504099 -0.66094092
vn -0.55157655 0.17749486 -0.81502079
vn -0.27679444 0.55189578 -0.78663580
vn -0.02056640 -0.62771914 -0.77816817
vn 0.54632965 0.32624114 -0.77142118
vn 0.34393244 0.55578394 -0.75684522
vn -0.40353639 -0.34983707 -0.84544214
vn 0.20876248 -0.80121416 -0.56077989
vn 0.33850657 -0.09517628 -0.93613823
vn 0.94766143 0.11139060 -0.29921556
vn -0.99393132 0.08621793 0.06831542
vn 0.95169669 -0.28207552 -0.12127161
vn -0.36888801 -0.88646556 -0.27946457
vn -0.67520783 0.73669341 0.03711086
vn 0.79299064 -0.59706037 -0.12118074
vn 0.14237301 0.42528361 -0.89379180
vn 0.95506279 0.02757504 -0.29511807
vn -0.57009632 -0.79780422 -0.19621064
vn -0.24759802 0.92472039 -0.28911490
vn 0.91129030 -0.15983042 -0.37947888
vn -0.07286216 -0.24440377 -0.96693221
vn 0.06686146 -0.99715487 0.03480958
vn -0.95079287 -0.30563276 0.05080884
vn -0.60613838 0.07271961 0.79202785
vn -0.40253612 0.64609640 -0.64847830
vn -0.48357915 0.87520185 0.01314986
vn 0.78793287 0.27482679 0.55102815
vn 0.98598113 0.01167925 -0.16644762
vn 0.27636331 -0.43306428 -0.85795026
vn 0.78657893 -0.61574782 0.04634874
vn 0.11962745 -0.98982853 -0.07699837
vn 0.57740365 0.80810399 -0.11650310
vn 0.99667198 0.02327994 -0.07812171
vn 0.68088829 -0.02627029 -0.73191599
vn 0.74488167 0.26483076 -0.61238547
vn -0.46637874 0.42193085 -0.77747362
vn -0.40164377 0.37944001 -0.83349119
vn -0.47252411 -0.13874026 -0.87032874
vn -0.61186367 0.05304657 -0.78918243
vn -0.38467992 -0.64306106 -0.66218866
vn 0.33570351 -0.50930102 -0.79241128
vn 0.03442810 -0.91574850 -0.40027414
vn 0.03676928 -0.42659208 -0.90369642
vn 0.70749001 -0.53474815 -0.46206310
vn 0.81661205 -0.07386046 -0.57244161
vn -0.25275254 -0.33914601 0.90614355
vn -0.92285640 -0.35608916 0.14675345
vn -0.76519349 0.33496465 -0.54979779
vn -0.59157818 -0.02677585 -0.80580290
vn -0.25231704 0.54558294 -0.79917168
vn 0.93738673 0.23016784 -0.26139792
vn -0.48197454 0.34181682 -0.80676007
vn -0.22022693 -0.80012787 -0.55793860
vn 0.95952853 -0.09340160 -0.26567111
vn -0.43795165 -0.25482672 -0.86212626
vn -0.04599326 -0.51690703 0.85480509
vn 0.62884805 -0.35083749 -0.69387548
vn 0.38788517 0.82781544 -0.40529827
vn 0.17763288 0.56986359 0.80231044
vn 0.04112613 -0.97353745 -0.22479650
vn 0.02312754 0.51971732 -0.85402519
vn -0.19063439 -0.67987630 -0.70811492
vn 0.67551582 -0.20365541 -0.70866272
vn -0.22930635 0.60440355 -0.76296458
vn -0.17547443 -0.75015945 -0.63754962
vn -0.02799892 -0.49013358 -0.87119753
vn 0.03122982 0.90071917 -0.43327782
vn -0.43822964 -0.35999832 -0.82362370
vn -0.10921208 0.77065579 -0.62782353
vn -0.74401738 -0.03404501 -0.66729235
vn 0.42638538 0.41894142 -0.80167549
vn -0.59491714 -0.80277524 0.04031761
vn 0.42412749 0.88996037 -0.16758999
vn 0.88580226 0.41812077 0.20131912
vn -0.99778978 -0.05577740 -0.03611704
vn -0.97042690 -0.11025456 0.21474533
vn 0.15438134 0.94521428 -0.28763929
vn 0.07036305 0.79940078 -0.59666359
vn 0.29616111 0.85987831 -0.41580991
vn -0.90708325 -0.42029465 0.02350283
vn -0.87848867 -0.12906695 -0.45999932
vn -0.99963821 -0.02395355 -0.01223386
vn 0.21601600 -0.23132866 -0.94859061
vn 0.88536798 -0.46266029 -0.04548619
vn -0.62342531 0.76516967 -0.16079882
vn -0.67623515 0.72548710 -0.12796287
vn -0.88070517 0.46845671 0.07004794
vn -0.44240843 0.47975734 0.75769894
vn -0.72777986 -0.44879462 -0.51857484
vn -0.18818314 0.89734128 -0.39920639
vn -0.53442158 -0.83996791 -0.09406109
vn -0.79621895 -0.59661671 -0.10041854
vn -0.27267113 0.26894026 -0.92375408
vn 0.89109369 -0.20618308 -0.40427785
vn 0.52466093 -0.29722621 -0.79773899
vn 0.54534458 0.45813017 -0.70193735
vn -0.14468414 0.97416271 0.17341717
vn 0.53523344 0.67569664 -0.50691145
vn 0.02699621 0.95904312 -0.28197074
vn 0.07941365 0.63031613 -0.77226618
vn -0.23211356 0.61438305 -0.75409334
vn -0.71049987 -0.01452615 -0.70354739
vn -0.91937293 0.21215508 -0.33127577
vn -0.29603899 0.42901529 -0.85340893
vn -0.48889514 0.07063318 -0.86947829
vn -0.77824629 0.40440917 0.48040185
vn -0.44880327 -0.44121402 -0.77711377
vn -0.50536769 -0.34183253 0.79230930
vn -0.36736327 -0.93007709 -0.00090801
vn 0.39309734 -0.42201473 -0.81693210
vn 0.61170287 -0.74856028 -0.25588494
vn 0.69932603 -0.48765209 -0.52262659
vn 0.70799921 -0.40820537 -0.57628595
vn 0.41862269 -0.50811371 0.75271210
vn -0.24542371 0.30580052 -0.91992024
vn 0.81499432 -0.43827958 -0.37907158
vn -0.54539502 0.50709153 -0.66738479
vn 0.88023775 0.39466872 -0.26347317
vn -0.70778874 -0.61021013 0.35591951
vn -0.45802446 0.03545646 -0.88823220
vn -0.08662402 0.00001108 0.99624108
vn -0.59325491 -0.07926277 0.80110300
vn 0.45672223 0.76965538 -0.44613385
vn 0.66279895 -0.34373683 -0.66523872
vn -0.24976361 0.92529519 -0.28538910
vn 0.12183611 -0.77728208 0.61724269
vn -0.28076033 -0.68228946 -0.67502202
vn -0.62914975 -0.41268606 -0.65868112
vn -0.69337271 0.39063719 -0.60550547
vn 0.34930043 0.69687526 -0.62638173
vn 0.77071493 0.01536157 -0.63699491
vn 0.55520786 -0.49639221 -0.66733725
vn 0.15786021 -0.73258595 -0.66211629
vn 0.93410871 -0.17484033 -0.31124230
vn 0.69879897 0.31471220 -0.64236768
vn 0.73149740 0.68126862 0.02801103
vn 0.37167887 0.86574018 -0.33518467
vn -0.37065637 0.85460313 -0.36368578
vn 0.51865457 0.70267247 -0.48708196
vn 0.07937675 0.70403680 -0.70571348
vn -0.48329947 0.59032197 -0.64648403
vn 0.18224173 0.59113808 0.78571224
vn -0.73472603 0.67651291 -0.05007934
vn -0.48347103 0.64273503 -0.59426210
vn -0.42739223 0.29623042 -0.85415656
vn -0.61211370 0.07677109 -0.78703432
vn -0.56829619 -0.25172366 -0.78337388
vn -0.33997398 -0.50615077 -0.79260904
vn -0.18126389 -0.88702117 -0.42466087
vn -0.02847995 -0.48762226 -0.87259006
vn 0.67555695 -0.25683253 -0.69112940
vn 0.37538317 -0.30067379 -0.87674554
vn 0.99987915 -0.00069130 -0.01553095
vn -0.09440059 -0.08986783 0.99146977
vn -0.15685076 0.58702881 -0.79422605
vn -0.32837236 -0.57390572 -0.75020252
vn -0.89619947 0.19442464 -0.39878011
vn 0.93412525 0.17116146 -0.31323119
vn -0.45686163 0.08366301 -0.88559469
vn -0.38898035 0.59699891 -0.70163138
vn 0.20248404 -0.96417374 0.17137446
vn 0.17171261 -0.72858735 -0.66308013
vn 0.27197235 0.66826279 -0.69242752
vn 0.04302590 0.90516123 -0.42288524
vn 0.89629756 -0.30450380 -0.32237883
vn -0.33658847 -0.67318116 -0.65843400
vn -0.71569985 0.28151070 -0.63915996
vn -0.69152712 -0.32482127 -0.64519872
vn -0.26566716 0.71793772 -0.64341774
vn 0.33959833 0.68766959 -0.64170359
vn 0.76070033 0.15133784 -0.63121460
vn 0.56973199 -0.51847922 -0.63763999
vn 0.06975932 -0.74486761 -0.66355548
f 3//3 2//2 145//145
f 201//201 1//1 94//94
f 2//2 5//5 6//6
f 5//5 8//8 6//6
f 8//8 7//7 6//6
f 6//6 7//7 96//96
f 4//4 9//9 240//240
f 85//85 145//145 19//19
f 10//10 11//11 14//14
f 3//3 10//10 12//12
f 10//10 14//14 12//12
f 145//145 85//85 13//13
f 2//2 3//3 12//12
f 94//94 1//1 98//98
f 15//15 94//94 98//98
f 98//98 1//1 16//16
f 14//14 11//11 29//29
f 145//145 13//13 226//226
f 96//96 15//15 98//98
f 11//11 145//145 29//29
f 145//145 2//2 17//17
f 19//19 145//145 17//17
f 16//16 1//1 100//100
f 96//96 98//98 21//21
f 1//1 18//18 100//100
f 18//18 20//20 100//100
f 6//6 96//96 21//21
f 19//19 17//17 221//221
f 6//6 21//21 22//22
f 21//21 23//23 22//22
f 9//9 17//17 22//22
f 24//24 9//9 22//22
f 20//20 24//24 22//22
f 23//23 20//20 22//22
f 100//100 20//20 23//23
f 240//240 9//9 24//24
f 221//221 17//17 9//9
f 29//29 145//145 27//27
f 145//145 226//226 27//27
f 26//26 25//25 82//82
f 25//25 28//28 82//82
f 12//12 26//26 5//5
f 2//2 12//12 5//5
f 26//26 82//82 5//5
f 27//27 226//226 259//259
f 25//25 173//173 28//28
f 29//29 27//27 255//255
f 259//259 226//226 30//30
f 28//28 173//173 83//83
f 173//173 29//29 32//32
f 226//226 221//221 30//30
f 30//30 221//221 9//9
f 83//83 173//173 31//31
f 173//173 32//32 31//31
f 8//8 84//84 280//280
f 8//8 280//280 7//7
f 31//31 32//32 4//4
f 201//201 83//83 1//1
f 83//83 31//31 1//1
f 84//84 201//201 94//94
f 280//280 84//84 94//94
f 33//33 2//2 6//6
f 33//33 6//6 34//34
f 35//35 34//34 36//36
f 35//35 33//33 34//34
f 37//37 36//36 38//38
f 37//37 35//35 36//36
f 39//39 38//38 40//40
f 39//39 37//37 38//38
f 41//41 40//40 42//42
f 41//41 39//39 40//40
f 43//43 42//42 44//44
f 43//43 41//41 42//42
f 6//6 22//22 45//45
f 46//46 45//45 47//47
f 46//46 6//6 45//45
f 48//48 47//47 49//49
f 48//48 46//46 47//47
f 50//50 49//49 51//51
f 50//50 48//48 49//49
f 52//52 51//51 53//53
f 52//52 50//50 51//51
f 54//54 53//53 55//55
f 54//54 52//52 53//53
f 56//56 54//54 55//55
f 57//57 2//2 58//58
f 57//57 17//17 2//2
f 59//59 58//58 60//60
f 59//59 57//57 58//58
f 61//61 60//60 62//62
f 61//61 59//59 60//60
f 63//63 62//62 64//64
f 63//63 61//61 62//62
f 65//65 64//64 66//66
f 65//65 63//63 64//64
f 67//67 66//66 115//115
f 67//67 65//65 66//66
f 68//68 69//69 70//70
f 68//68 17//17 69//69
f 68//68 22//22 17//17
f 119//119 68//68 70//70
f 71//71 70//70 72//72
f 71//71 119//119 70//70
f 73//73 72//72 74//74
f 73//73 71//71 72//72
f 75//75 130//130 76//76
f 75//75 74//74 130//130
f 75//75 73//73 74//74
f 77//77 75//75 76//76
f 139//139 78//78 3//3
f 138//138 139//139 3//3
f 140//140 138//138 145//145
f 138//138 3//3 145//145
f 141//141 140//140 145//145
f 147//147 79//79 145//145
f 152//152 147//147 145//145
f 152//152 145//145 11//11
f 10//10 152//152 11//11
f 80//80 10//10 3//3
f 78//78 80//80 3//3
f 162//162 12//12 14//14
f 164//164 162//162 14//14
f 167//167 14//14 29//29
f 169//169 167//167 29//29
f 81//81 169//169 29//29
f 173//173 81//81 29//29
f 178//178 173//173 25//25
f 12//12 178//178 25//25
f 12//12 25//25 26//26
f 189//189 82//82 28//28
f 189//189 28//28 83//83
f 199//199 83//83 201//201
f 82//82 8//8 5//5
f 86//86 85//85 19//19
f 87//87 86//86 19//19
f 217//217 87//87 19//19
f 88//88 217//217 19//19
f 88//88 19//19 221//221
f 224//224 221//221 226//226
f 89//89 228//228 226//226
f 89//89 226//226 13//13
f 89//89 13//13 85//85
f 236//236 31//31 4//4
f 236//236 4//4 240//240
f 24//24 20//20 18//18
f 244//244 18//18 1//1
f 90//90 244//244 1//1
f 249//249 90//90 1//1
f 247//247 249//249 1//1
f 250//250 247//247 1//1
f 31//31 250//250 1//1
f 259//259 258//258 27//27
f 262//262 259//259 30//30
f 262//262 30//30 9//9
f 91//91 262//262 9//9
f 91//91 9//9 4//4
f 93//93 92//92 4//4
f 271//271 93//93 4//4
f 271//271 4//4 32//32
f 255//255 271//271 32//32
f 255//255 32//32 29//29
f 258//258 255//255 27//27
f 283//283 280//280 94//94
f 95//95 94//94 15//15
f 95//95 15//15 96//96
f 294//294 293//293 96//96
f 296//296 294//294 96//96
f 298//298 296//296 7//7
f 296//296 96//96 7//7
f 97//97 298//298 7//7
f 280//280 97//97 7//7
f 99//99 304//304 98//98
f 99//99 98//98 16//16
f 99//99 16//16 100//100
f 101//101 100//100 23//23
f 310//310 101//101 21//21
f 101//101 23//23 21//21
f 315//315 310//310 21//21
f 316//316 315//315 21//21
f 316//316 21//21 98//98
f 102//102 316//316 98//98
f 34//34 6//6 46//46
f 36//36 34//34 46//46
f 42//42 40//40 103//103
f 44//44 42//42 103//103
f 104//104 52//52 54//54
f 104//104 50//50 52//52
f 104//104 105//105 106//106
f 104//104 106//106 107//107
f 104//104 48//48 50//50
f 104//104 46//46 48//48
f 104//104 38//38 36//36
f 104//104 36//36 46//46
f 104//104 107//107 108//108
f 104//104 108//108 103//103
f 104//104 40//40 38//38
f 104//104 103//103 40//40
f 56//56 104//104 54//54
f 56//56 105//105 104//104
f 58//58 2//2 33//33
f 58//58 33//33 35//35
f 109//109 39//39 41//41
f 109//109 41//41 43//43
f 66//66 64//64 112//112
f 64//64 62//62 112//112
f 110//110 111//111 112//112
f 113//113 110//110 112//112
f 62//62 60//60 112//112
f 60//60 58//58 112//112
f 35//35 37//37 112//112
f 58//58 35//35 112//112
f 114//114 113//113 112//112
f 109//109 114//114 112//112
f 37//37 39//39 112//112
f 39//39 109//109 112//112
f 66//66 112//112 115//115
f 112//112 111//111 115//115
f 44//44 116//116 43//43
f 43//43 116//116 117//117
f 45//45 22//22 68//68
f 47//47 45//45 68//68
f 53//53 51//51 118//118
f 55//55 53//53 118//118
f 119//119 73//73 75//75
f 119//119 71//71 73//73
f 123//123 120//120 121//121
f 123//123 121//121 122//122
f 119//119 49//49 47//47
f 119//119 47//47 68//68
f 123//123 122//122 124//124
f 123//123 124//124 118//118
f 123//123 51//51 49//49
f 123//123 49//49 119//119
f 123//123 118//118 51//51
f 77//77 119//119 75//75
f 77//77 120//120 123//123
f 77//77 123//123 119//119
f 55//55 125//125 126//126
f 56//56 55//55 126//126
f 115//115 335//335 342//342
f 67//67 115//115 342//342
f 69//69 17//17 57//57
f 69//69 57//57 59//59
f 127//127 63//63 65//65
f 127//127 65//65 67//67
f 74//74 72//72 130//130
f 128//128 129//129 130//130
f 131//131 128//128 130//130
f 72//72 70//70 69//69
f 59//59 61//61 69//69
f 130//130 72//72 69//69
f 132//132 131//131 130//130
f 127//127 132//132 130//130
f 61//61 63//63 130//130
f 63//63 127//127 130//130
f 69//69 61//61 130//130
f 129//129 76//76 130//130
f 76//76 133//133 134//134
f 77//77 76//76 134//134
f 137//137 158//158 135//135
f 136//136 78//78 139//139
f 137//137 135//135 136//136
f 139//139 137//137 136//136
f 142//142 139//139 138//138
f 139//139 391//391 137//137
f 139//139 142//142 144//144
f 143//143 139//139 144//144
f 141//141 142//142 138//138
f 141//141 138//138 140//140
f 141//141 144//144 142//142
f 145//145 146//146 141//141
f 348//348 144//144 141//141
f 348//348 141//141 148//148
f 148//148 141//141 146//146
f 79//79 146//146 145//145
f 149//149 348//348 148//148
f 150//150 148//148 146//146
f 147//147 146//146 79//79
f 150//150 146//146 147//147
f 150//150 149//149 148//148
f 154//154 147//147 152//152
f 151//151 147//147 154//154
f 151//151 150//150 147//147
f 153//153 154//154 152//152
f 155//155 152//152 10//10
f 155//155 153//153 152//152
f 154//154 153//153 155//155
f 80//80 155//155 10//10
f 410//410 154//154 155//155
f 156//156 410//410 155//155
f 157//157 155//155 80//80
f 157//157 156//156 155//155
f 135//135 157//157 80//80
f 136//136 135//135 80//80
f 158//158 156//156 157//157
f 135//135 158//158 157//157
f 136//136 80//80 78//78
f 161//161 12//12 162//162
f 163//163 159//159 161//161
f 162//162 163//163 161//161
f 163//163 419//419 159//159
f 164//164 165//165 162//162
f 417//417 163//163 162//162
f 417//417 162//162 165//165
f 417//417 165//165 166//166
f 165//165 164//164 14//14
f 421//421 417//417 166//166
f 166//166 165//165 14//14
f 167//167 166//166 14//14
f 170//170 421//421 166//166
f 167//167 170//170 166//166
f 168//168 170//170 167//167
f 171//171 167//167 169//169
f 171//171 168//168 167//167
f 170//170 168//168 171//171
f 171//171 169//169 81//81
f 172//172 170//170 171//171
f 81//81 172//172 171//171
f 174//174 81//81 173//173
f 174//174 172//172 81//81
f 177//177 174//174 173//173
f 180//180 173//173 178//178
f 180//180 175//175 173//173
f 175//175 177//177 173//173
f 177//177 176//176 174//174
f 180//180 177//177 175//175
f 178//178 179//179 180//180
f 181//181 178//178 12//12
f 182//182 179//179 178//178
f 182//182 180//180 179//179
f 183//183 178//178 181//181
f 182//182 437//437 180//180
f 182//182 178//178 183//183
f 183//183 181//181 12//12
f 161//161 183//183 12//12
f 161//161 159//159 183//183
f 159//159 182//182 183//183
f 159//159 160//160 182//182
f 186//186 441//441 185//185
f 82//82 187//187 186//186
f 186//186 188//188 441//441
f 191//191 82//82 189//189
f 188//188 186//186 187//187
f 188//188 187//187 82//82
f 188//188 82//82 191//191
f 190//190 191//191 189//189
f 192//192 191//191 190//190
f 190//190 189//189 83//83
f 193//193 190//190 83//83
f 351//351 191//191 192//192
f 193//193 192//192 190//190
f 194//194 351//351 192//192
f 195//195 193//193 83//83
f 194//194 192//192 193//193
f 196//196 193//193 195//195
f 196//196 195//195 83//83
f 350//350 194//194 193//193
f 196//196 350//350 193//193
f 199//199 196//196 83//83
f 197//197 350//350 196//196
f 198//198 197//197 196//196
f 199//199 198//198 196//196
f 201//201 202//202 199//199
f 200//200 198//198 199//199
f 203//203 199//199 202//202
f 200//200 199//199 203//203
f 202//202 201//201 84//84
f 205//205 202//202 84//84
f 203//203 202//202 204//204
f 205//205 204//204 202//202
f 8//8 205//205 84//84
f 184//184 204//204 205//205
f 206//206 205//205 8//8
f 184//184 205//205 206//206
f 207//207 8//8 82//82
f 207//207 206//206 8//8
f 185//185 206//206 207//207
f 186//186 207//207 82//82
f 186//186 185//185 207//207
f 185//185 184//184 206//206
f 185//185 208//208 184//184
f 209//209 89//89 85//85
f 212//212 85//85 86//86
f 212//212 209//209 85//85
f 213//213 210//210 209//209
f 213//213 209//209 212//212
f 213//213 211//211 210//210
f 86//86 213//213 212//212
f 470//470 213//213 86//86
f 215//215 470//470 214//214
f 87//87 470//470 86//86
f 214//214 470//470 87//87
f 216//216 214//214 87//87
f 216//216 215//215 214//214
f 217//217 216//216 87//87
f 218//218 216//216 217//217
f 219//219 218//218 217//217
f 219//219 217//217 88//88
f 220//220 88//88 221//221
f 220//220 219//219 88//88
f 222//222 220//220 221//221
f 225//225 222//222 221//221
f 225//225 221//221 224//224
f 223//223 224//224 226//226
f 227//227 224//224 223//223
f 227//227 225//225 224//224
f 227//227 223//223 226//226
f 229//229 227//227 226//226
f 228//228 229//229 226//226
f 353//353 227//227 229//229
f 231//231 229//229 228//228
f 230//230 228//228 89//89
f 231//231 228//228 230//230
f 210//210 231//231 230//230
f 231//231 487//487 229//229
f 209//209 230//230 89//89
f 209//209 210//210 230//230
f 234//234 31//31 236//236
f 234//234 232//232 31//31
f 233//233 491//491 490//490
f 235//235 233//233 232//232
f 235//235 232//232 234//234
f 235//235 491//491 233//233
f 236//236 235//235 234//234
f 238//238 235//235 236//236
f 239//239 238//238 236//236
f 241//241 236//236 240//240
f 241//241 239//239 236//236
f 237//237 238//238 239//239
f 239//239 238//238 237//237
f 357//357 238//238 239//239
f 241//241 240//240 24//24
f 357//357 239//239 241//241
f 243//243 355//355 241//241
f 243//243 241//241 24//24
f 355//355 357//357 241//241
f 244//244 24//24 18//18
f 242//242 243//243 24//24
f 242//242 24//24 244//244
f 242//242 356//356 243//243
f 245//245 242//242 244//244
f 90//90 245//245 244//244
f 246//246 245//245 90//90
f 249//249 246//246 90//90
f 248//248 245//245 246//246
f 249//249 248//248 246//246
f 251//251 249//249 247//247
f 251//251 247//247 250//250
f 251//251 248//248 249//249
f 252//252 250//250 31//31
f 233//233 251//251 250//250
f 232//232 250//250 252//252
f 232//232 252//252 31//31
f 232//232 233//233 250//250
f 256//256 257//257 255//255
f 258//258 256//256 255//255
f 253//253 276//276 257//257
f 513//513 253//253 257//257
f 260//260 256//256 258//258
f 256//256 513//513 257//257
f 256//256 260//260 513//513
f 260//260 258//258 259//259
f 359//359 260//260 259//259
f 262//262 359//359 259//259
f 261//261 359//359 262//262
f 263//263 359//359 261//261
f 265//265 261//261 262//262
f 263//263 261//261 264//264
f 265//265 264//264 261//261
f 91//91 265//265 262//262
f 266//266 263//263 264//264
f 266//266 264//264 265//265
f 267//267 266//266 265//265
f 267//267 265//265 91//91
f 268//268 267//267 91//91
f 92//92 91//91 4//4
f 92//92 268//268 91//91
f 268//268 92//92 269//269
f 267//267 268//268 269//269
f 271//271 92//92 93//93
f 269//269 526//526 267//267
f 271//271 269//269 92//92
f 270//270 269//269 271//271
f 270//270 526//526 269//269
f 275//275 270//270 271//271
f 255//255 274//274 271//271
f 273//273 275//275 271//271
f 273//273 271//271 274//274
f 275//275 272//272 270//270
f 276//276 274//274 255//255
f 253//253 273//273 274//274
f 253//253 275//275 273//273
f 253//253 277//277 275//275
f 257//257 276//276 255//255
f 276//276 253//253 274//274
f 253//253 254//254 277//277
f 363//363 301//301 279//279
f 278//278 280//280 282//282
f 281//281 279//279 278//278
f 281//281 363//363 279//279
f 282//282 281//281 278//278
f 282//282 362//362 281//281
f 282//282 280//280 283//283
f 287//287 282//282 285//285
f 284//284 282//282 283//283
f 285//285 282//282 284//284
f 286//286 283//283 94//94
f 284//284 283//283 286//286
f 286//286 94//94 95//95
f 284//284 287//287 285//285
f 288//288 286//286 95//95
f 287//287 284//284 286//286
f 360//360 364//364 287//287
f 360//360 287//287 286//286
f 360//360 286//286 288//288
f 289//289 288//288 95//95
f 545//545 360//360 288//288
f 290//290 289//289 95//95
f 290//290 95//95 96//96
f 289//289 545//545 288//288
f 293//293 290//290 96//96
f 291//291 289//289 290//290
f 291//291 290//290 292//292
f 292//292 290//290 293//293
f 295//295 293//293 294//294
f 295//295 292//292 293//293
f 296//296 295//295 294//294
f 299//299 295//295 296//296
f 299//299 297//297 295//295
f 299//299 296//296 298//298
f 301//301 299//299 298//298
f 97//97 300//300 298//298
f 279//279 298//298 300//300
f 279//279 301//301 298//298
f 279//279 300//300 97//97
f 278//278 97//97 280//280
f 278//278 279//279 97//97
f 303//303 102//102 98//98
f 304//304 303//303 98//98
f 302//302 303//303 304//304
f 561//561 302//302 304//304
f 304//304 367//367 561//561
f 367//367 304//304 99//99
f 305//305 367//367 99//99
f 305//305 99//99 306//306
f 306//306 99//99 100//100
f 306//306 100//100 101//101
f 307//307 305//305 306//306
f 571//571 566//566 305//305
f 571//571 305//305 307//307
f 101//101 307//307 306//306
f 309//309 307//307 101//101
f 308//308 571//571 307//307
f 309//309 308//308 307//307
f 311//311 309//309 101//101
f 310//310 311//311 101//101
f 311//311 572//572 309//309
f 312//312 311//311 310//310
f 313//313 572//572 311//311
f 313//313 311//311 312//312
f 315//315 312//312 310//310
f 314//314 313//313 312//312
f 314//314 312//312 315//315
f 317//317 314//314 315//315
f 316//316 317//317 315//315
f 317//317 368//368 314//314
f 317//317 316//316 102//102
f 319//319 368//368 317//317
f 102//102 318//318 317//317
f 366//366 317//317 318//318
f 366//366 319//319 317//317
f 302//302 318//318 102//102
f 303//303 302//302 102//102
f 302//302 366//366 318//318
f 320//320 116//116 44//44
f 321//321 320//320 103//103
f 320//320 44//44 103//103
f 322//322 321//321 108//108
f 321//321 103//103 108//108
f 323//323 322//322 107//107
f 322//322 108//108 107//107
f 324//324 323//323 106//106
f 323//323 107//107 106//106
f 126//126 324//324 105//105
f 324//324 106//106 105//105
f 126//126 105//105 56//56
f 109//109 117//117 325//325
f 109//109 43//43 117//117
f 114//114 325//325 326//326
f 114//114 109//109 325//325
f 113//113 326//326 327//327
f 113//113 114//114 326//326
f 110//110 327//327 328//328
f 110//110 113//113 327//327
f 111//111 328//328 329//329
f 111//111 110//110 328//328
f 115//115 329//329 335//335
f 115//115 111//111 329//329
f 330//330 133//133 614//614
f 326//326 328//328 327//327
f 325//325 328//328 326//326
f 117//117 329//329 328//328
f 117//117 335//335 329//329
f 134//134 643//643 125//125
f 117//117 328//328 325//325
f 333//333 330//330 614//614
f 620//620 335//335 117//117
f 336//336 134//134 125//125
f 337//337 134//134 336//336
f 338//338 337//337 336//336
f 339//339 340//340 337//337
f 339//339 337//337 338//338
f 117//117 116//116 331//331
f 117//117 331//331 332//332
f 126//126 125//125 334//334
f 342//342 335//335 617//617
f 134//134 133//133 330//330
f 134//134 330//330 333//333
f 134//134 333//333 580//580
f 134//134 580//580 643//643
f 116//116 341//341 331//331
f 332//332 620//620 117//117
f 323//323 321//321 322//322
f 324//324 116//116 320//320
f 324//324 320//320 321//321
f 324//324 321//321 323//323
f 126//126 341//341 116//116
f 126//126 116//116 324//324
f 334//334 341//341 126//126
f 343//343 344//344 345//345
f 346//346 343//343 345//345
f 133//133 347//347 342//342
f 133//133 345//345 347//347
f 133//133 346//346 345//345
f 614//614 133//133 342//342
f 336//336 125//125 55//55
f 338//338 336//336 118//118
f 336//336 55//55 118//118
f 339//339 338//338 124//124
f 338//338 118//118 124//124
f 340//340 339//339 122//122
f 339//339 124//124 122//122
f 337//337 340//340 121//121
f 340//340 122//122 121//121
f 134//134 337//337 120//120
f 337//337 121//121 120//120
f 134//134 120//120 77//77
f 67//67 342//342 347//347
f 127//127 347//347 345//345
f 127//127 67//67 347//347
f 132//132 345//345 344//344
f 132//132 127//127 345//345
f 131//131 344//344 343//343
f 131//131 132//132 344//344
f 128//128 343//343 346//346
f 128//128 131//131 343//343
f 129//129 346//346 133//133
f 129//129 128//128 346//346
f 76//76 129//129 133//133
f 137//137 391//391 388//388
f 391//391 139//139 392//392
f 392//392 139//139 143//143
f 151//151 403//403 150//150
f 156//156 158//158 412//412
f 143//143 144//144 348//348
f 399//399 348//348 149//149
f 410//410 151//151 154//154
f 150//150 399//399 149//149
f 174//174 426//426 172//172
f 163//163 417//417 419//419
f 180//180 176//176 177//177
f 159//159 419//419 415//415
f 159//159 415//415 160//160
f 176//176 431//431 174//174
f 424//424 170//170 426//426
f 426//426 170//170 172//172
f 185//185 441//441 208//208
f 349//349 454//454 200//200
f 203//203 349//349 200//200
f 350//350 197//197 198//198
f 200//200 454//454 198//198
f 447//447 191//191 351//351
f 208//208 461//461 184//184
f 184//184 461//461 462//462
f 184//184 462//462 458//458
f 184//184 458//458 204//204
f 352//352 194//194 350//350
f 204//204 458//458 349//349
f 204//204 349//349 203//203
f 220//220 478//478 219//219
f 227//227 353//353 225//225
f 211//211 213//213 470//470
f 210//210 211//211 466//466
f 468//468 470//470 215//215
f 353//353 486//486 225//225
f 479//479 220//220 222//222
f 225//225 479//479 222//222
f 215//215 216//216 476//476
f 476//476 216//216 218//218
f 476//476 218//218 478//478
f 478//478 218//218 219//219
f 248//248 354//354 245//245
f 356//356 355//355 243//243
f 491//491 235//235 494//494
f 494//494 235//235 238//238
f 354//354 502//502 245//245
f 494//494 238//238 492//492
f 245//245 502//502 242//242
f 251//251 233//233 507//507
f 492//492 238//238 357//357
f 251//251 507//507 248//248
f 507//507 505//505 248//248
f 498//498 357//357 355//355
f 248//248 505//505 354//354
f 522//522 523//523 266//266
f 253//253 513//513 511//511
f 514//514 513//513 260//260
f 253//253 511//511 254//254
f 358//358 522//522 266//266
f 514//514 260//260 517//517
f 358//358 266//266 267//267
f 517//517 260//260 518//518
f 518//518 260//260 359//359
f 275//275 277//277 272//272
f 518//518 359//359 263//263
f 523//523 263//263 266//266
f 270//270 272//272 526//526
f 295//295 552//552 292//292
f 363//363 281//281 361//361
f 281//281 362//362 361//361
f 362//362 282//282 536//536
f 536//536 282//282 287//287
f 546//546 545//545 289//289
f 292//292 546//546 289//289
f 291//291 292//292 289//289
f 299//299 301//301 554//554
f 301//301 363//363 554//554
f 299//299 554//554 556//556
f 299//299 556//556 297//297
f 542//542 287//287 364//364
f 297//297 552//552 295//295
f 572//572 569//569 309//309
f 569//569 308//308 309//309
f 558//558 302//302 561//561
f 366//366 302//302 558//558
f 313//313 365//365 572//572
f 367//367 305//305 566//566
f 564//564 367//367 566//566
f 368//368 578//578 314//314
f 314//314 369//369 313//313
f 569//569 571//571 308//308
f 313//313 369//369 365//365
f 333//333 370//370 371//371
f 580//580 333//333 371//371
f 614//614 372//372 373//373
f 333//333 614//614 373//373
f 614//614 342//342 374//374
f 342//342 617//617 374//374
f 617//617 375//375 618//618
f 617//617 335//335 375//375
f 335//335 620//620 376//376
f 620//620 377//377 621//621
f 620//620 332//332 377//377
f 331//331 378//378 379//379
f 332//332 331//331 379//379
f 331//331 341//341 380//380
f 341//341 381//381 639//639
f 341//341 334//334 381//381
f 334//334 382//382 383//383
f 334//334 125//125 382//382
f 125//125 643//643 384//384
f 643//643 385//385 386//386
f 643//643 580//580 385//385
f 390//390 389//389 409//409
f 390//390 409//409 387//387
f 390//390 387//387 388//388
f 393//393 389//389 390//390
f 394//394 390//390 388//388
f 394//394 388//388 391//391
f 393//393 390//390 394//394
f 394//394 391//391 392//392
f 392//392 143//143 395//395
f 395//395 143//143 348//348
f 395//395 394//394 392//392
f 397//397 394//394 395//395
f 396//396 395//395 348//348
f 398//398 648//648 394//394
f 398//398 394//394 397//397
f 399//399 395//395 396//396
f 399//399 397//397 395//395
f 399//399 396//396 348//348
f 402//402 399//399 150//150
f 399//399 398//398 397//397
f 400//400 398//398 399//399
f 402//402 150//150 403//403
f 401//401 399//399 402//402
f 406//406 400//400 399//399
f 406//406 399//399 401//401
f 404//404 403//403 151//151
f 405//405 401//401 402//402
f 404//404 402//402 403//403
f 406//406 401//401 405//405
f 404//404 405//405 402//402
f 406//406 405//405 404//404
f 407//407 404//404 151//151
f 408//408 404//404 407//407
f 408//408 406//406 404//404
f 407//407 151//151 410//410
f 409//409 410//410 156//156
f 409//409 156//156 412//412
f 411//411 408//408 407//407
f 387//387 412//412 158//158
f 387//387 158//158 137//137
f 409//409 407//407 410//410
f 387//387 409//409 412//412
f 389//389 407//407 409//409
f 388//388 387//387 137//137
f 416//416 414//414 420//420
f 420//420 414//414 413//413
f 418//418 419//419 417//417
f 420//420 413//413 415//415
f 419//419 420//420 415//415
f 417//417 421//421 422//422
f 418//418 417//417 422//422
f 422//422 419//419 418//418
f 423//423 419//419 422//422
f 423//423 420//420 419//419
f 422//422 421//421 170//170
f 422//422 170//170 424//424
f 425//425 423//423 422//422
f 427//427 423//423 425//425
f 426//426 422//422 424//424
f 426//426 425//425 422//422
f 430//430 426//426 174//174
f 426//426 427//427 425//425
f 430//430 174//174 431//431
f 429//429 426//426 430//430
f 428//428 427//427 426//426
f 434//434 428//428 426//426
f 434//434 426//426 429//429
f 432//432 431//431 176//176
f 433//433 429//429 430//430
f 432//432 430//430 431//431
f 434//434 429//429 433//433
f 432//432 433//433 430//430
f 437//437 176//176 180//180
f 434//434 433//433 432//432
f 435//435 432//432 176//176
f 436//436 432//432 435//435
f 436//436 434//434 432//432
f 435//435 176//176 437//437
f 438//438 436//436 435//435
f 413//413 182//182 160//160
f 414//414 435//435 437//437
f 414//414 437//437 182//182
f 413//413 414//414 182//182
f 415//415 413//413 160//160
f 442//442 208//208 441//441
f 443//443 440//440 439//439
f 444//444 442//442 441//441
f 444//444 441//441 188//188
f 659//659 440//440 443//443
f 444//444 443//443 442//442
f 445//445 659//659 443//443
f 445//445 443//443 444//444
f 447//447 444//444 188//188
f 444//444 446//446 445//445
f 447//447 446//446 444//444
f 447//447 188//188 191//191
f 449//449 447//447 448//448
f 448//448 447//447 351//351
f 194//194 448//448 351//351
f 194//194 449//449 448//448
f 450//450 449//449 194//194
f 451//451 194//194 352//352
f 451//451 450//450 194//194
f 455//455 451//451 352//352
f 453//453 450//450 451//451
f 350//350 455//455 352//352
f 452//452 198//198 454//454
f 452//452 350//350 198//198
f 452//452 455//455 350//350
f 455//455 453//453 451//451
f 459//459 661//661 453//453
f 459//459 453//453 455//455
f 458//458 454//454 349//349
f 456//456 452//452 454//454
f 456//456 457//457 452//452
f 459//459 455//455 452//452
f 459//459 452//452 457//457
f 460//460 456//456 454//454
f 460//460 454//454 458//458
f 459//459 457//457 456//456
f 440//440 456//456 460//460
f 440//440 459//459 456//456
f 439//439 460//460 458//458
f 443//443 462//462 461//461
f 443//443 461//461 208//208
f 439//439 458//458 462//462
f 443//443 439//439 462//462
f 440//440 460//460 439//439
f 442//442 443//443 208//208
f 465//465 464//464 463//463
f 470//470 466//466 211//211
f 467//467 464//464 465//465
f 473//473 466//466 470//470
f 471//471 467//467 465//465
f 471//471 465//465 472//472
f 472//472 465//465 473//473
f 470//470 468//468 469//469
f 473//473 470//470 469//469
f 469//469 472//472 473//473
f 469//469 474//474 472//472
f 469//469 475//475 474//474
f 468//468 215//215 476//476
f 475//475 469//469 468//468
f 476//476 475//475 468//468
f 477//477 475//475 476//476
f 479//479 478//478 220//220
f 477//477 476//476 478//478
f 478//478 666//666 477//477
f 480//480 479//479 225//225
f 480//480 478//478 479//479
f 667//667 666//666 478//478
f 482//482 225//225 486//486
f 482//482 480//480 225//225
f 481//481 478//478 480//480
f 481//481 667//667 478//478
f 483//483 481//481 480//480
f 486//486 353//353 229//229
f 482//482 483//483 480//480
f 484//484 486//486 229//229
f 484//484 229//229 487//487
f 485//485 483//483 482//482
f 463//463 486//486 484//484
f 465//465 231//231 210//210
f 465//465 487//487 231//231
f 463//463 484//484 487//487
f 465//465 463//463 487//487
f 464//464 482//482 486//486
f 464//464 486//486 463//463
f 473//473 210//210 466//466
f 473//473 465//465 210//210
f 491//491 489//489 488//488
f 491//491 488//488 490//490
f 670//670 489//489 491//491
f 493//493 670//670 491//491
f 493//493 491//491 495//495
f 495//495 491//491 494//494
f 494//494 492//492 496//496
f 496//496 495//495 494//494
f 497//497 496//496 492//492
f 497//497 492//492 357//357
f 499//499 497//497 357//357
f 498//498 499//499 357//357
f 501//501 499//499 498//498
f 500//500 355//355 356//356
f 500//500 356//356 242//242
f 500//500 498//498 355//355
f 500//500 242//242 502//502
f 503//503 498//498 500//500
f 354//354 500//500 502//502
f 503//503 501//501 498//498
f 506//506 503//503 500//500
f 504//504 500//500 354//354
f 504//504 506//506 500//500
f 505//505 504//504 354//354
f 508//508 504//504 505//505
f 508//508 506//506 504//504
f 488//488 505//505 507//507
f 488//488 233//233 490//490
f 488//488 507//507 233//233
f 489//489 508//508 505//505
f 489//489 505//505 488//488
f 512//512 510//510 516//516
f 516//516 510//510 509//509
f 516//516 509//509 511//511
f 515//515 516//516 511//511
f 515//515 511//511 513//513
f 513//513 514//514 517//517
f 517//517 515//515 513//513
f 517//517 520//520 516//516
f 517//517 516//516 515//515
f 519//519 517//517 518//518
f 519//519 520//520 517//517
f 523//523 518//518 263//263
f 521//521 519//519 518//518
f 680//680 520//520 519//519
f 521//521 680//680 519//519
f 523//523 521//521 518//518
f 524//524 680//680 521//521
f 525//525 358//358 267//267
f 525//525 522//522 358//358
f 524//524 521//521 523//523
f 526//526 525//525 267//267
f 522//522 524//524 523//523
f 527//527 522//522 525//525
f 527//527 681//681 522//522
f 528//528 525//525 526//526
f 272//272 530//530 526//526
f 531//531 528//528 526//526
f 528//528 527//527 525//525
f 530//530 531//531 526//526
f 529//529 530//530 272//272
f 529//529 272//272 277//277
f 531//531 682//682 528//528
f 510//510 277//277 254//254
f 510//510 530//530 529//529
f 510//510 529//529 277//277
f 509//509 510//510 254//254
f 510//510 531//531 530//530
f 510//510 683//683 531//531
f 511//511 509//509 254//254
f 362//362 363//363 361//361
f 362//362 534//534 363//363
f 534//534 533//533 532//532
f 535//535 533//533 534//534
f 537//537 534//534 362//362
f 538//538 535//535 534//534
f 538//538 534//534 537//537
f 362//362 536//536 539//539
f 537//537 362//362 539//539
f 539//539 538//538 537//537
f 287//287 539//539 536//536
f 540//540 539//539 287//287
f 540//540 287//287 542//542
f 544//544 539//539 540//540
f 541//541 539//539 544//544
f 542//542 364//364 360//360
f 543//543 544//544 540//540
f 542//542 360//360 545//545
f 543//543 540//540 542//542
f 547//547 544//544 543//543
f 547//547 543//543 542//542
f 551//551 546//546 292//292
f 549//549 547//547 542//542
f 549//549 542//542 545//545
f 548//548 549//549 545//545
f 548//548 545//545 546//546
f 550//550 547//547 549//549
f 551//551 548//548 546//546
f 552//552 551//551 292//292
f 551//551 549//549 548//548
f 553//553 550//550 549//549
f 553//553 549//549 551//551
f 533//533 552//552 297//297
f 553//553 551//551 555//555
f 555//555 551//551 552//552
f 556//556 533//533 297//297
f 555//555 533//533 553//553
f 532//532 556//556 554//554
f 532//532 554//554 363//363
f 533//533 555//555 552//552
f 532//532 533//533 556//556
f 534//534 532//532 363//363
f 560//560 557//557 559//559
f 559//559 557//557 558//558
f 562//562 558//558 561//561
f 559//559 558//558 560//560
f 562//562 560//560 558//558
f 562//562 561//561 564//564
f 562//562 564//564 565//565
f 563//563 691//691 560//560
f 563//563 560//560 562//562
f 565//565 563//563 562//562
f 564//564 561//561 367//367
f 565//565 564//564 566//566
f 567//567 565//565 566//566
f 571//571 567//567 566//566
f 567//567 568//568 565//565
f 568//568 692//692 565//565
f 570//570 568//568 567//567
f 573//573 571//571 569//569
f 570//570 567//567 571//571
f 573//573 570//570 571//571
f 572//572 573//573 569//569
f 369//369 572//572 365//365
f 574//574 573//573 572//572
f 575//575 694//694 573//573
f 575//575 573//573 574//574
f 576//576 572//572 369//369
f 576//576 574//574 572//572
f 576//576 575//575 574//574
f 577//577 314//314 578//578
f 577//577 369//369 314//314
f 576//576 369//369 577//577
f 576//576 696//696 695//695
f 579//579 576//576 577//577
f 578//578 368//368 319//319
f 557//557 577//577 578//578
f 579//579 696//696 576//576
f 558//558 319//319 366//366
f 558//558 578//578 319//319
f 557//557 579//579 577//577
f 558//558 557//557 578//578
f 697//697 579//579 557//557
f 581//581 580//580 371//371
f 582//582 581//581 583//583
f 584//584 582//582 585//585
f 584//584 580//580 581//581
f 584//584 581//581 582//582
f 587//587 586//586 588//588
f 589//589 587//587 588//588
f 590//590 587//587 589//589
f 591//591 589//589 588//588
f 378//378 586//586 587//587
f 378//378 331//331 586//586
f 585//585 591//591 588//588
f 585//585 588//588 584//584
f 592//592 581//581 371//371
f 371//371 593//593 592//592
f 594//594 592//592 595//595
f 595//595 593//593 596//596
f 592//592 593//593 595//595
f 597//597 593//593 371//371
f 598//598 597//597 371//371
f 599//599 371//371 370//370
f 599//599 598//598 371//371
f 600//600 599//599 601//601
f 707//707 598//598 600//600
f 600//600 598//598 599//599
f 602//602 599//599 370//370
f 333//333 603//603 370//370
f 370//370 603//603 602//602
f 605//605 602//602 606//606
f 602//602 603//603 606//606
f 606//606 332//332 607//607
f 606//606 607//607 609//609
f 607//607 332//332 379//379
f 606//606 609//609 605//605
f 373//373 603//603 333//333
f 610//610 603//603 373//373
f 377//377 332//332 612//612
f 611//611 613//613 612//612
f 611//611 612//612 610//610
f 374//374 615//615 614//614
f 616//616 615//615 374//374
f 374//374 615//615 616//616
f 374//374 617//617 615//615
f 618//618 375//375 724//724
f 619//619 335//335 376//376
f 376//376 620//620 619//619
f 377//377 612//612 622//622
f 377//377 622//622 621//621
f 379//379 623//623 607//607
f 623//623 379//379 624//624
f 625//625 623//623 624//624
f 379//379 626//626 624//624
f 626//626 379//379 627//627
f 626//626 627//627 699//699
f 627//627 379//379 378//378
f 378//378 587//587 627//627
f 631//631 630//630 632//632
f 629//629 385//385 632//632
f 630//630 629//629 632//632
f 633//633 331//331 634//634
f 633//633 634//634 636//636
f 634//634 331//331 380//380
f 633//633 636//636 631//631
f 632//632 633//633 631//631
f 380//380 637//637 634//634
f 380//380 638//638 637//637
f 380//380 341//341 638//638
f 334//334 341//341 639//639
f 381//381 334//334 639//639
f 383//383 640//640 334//334
f 640//640 383//383 382//382
f 125//125 641//641 382//382
f 641//641 642//642 125//125
f 384//384 641//641 125//125
f 643//643 641//641 384//384
f 644//644 386//386 645//645
f 629//629 645//645 385//385
f 645//645 386//386 385//385
f 647//647 646//646 393//393
f 648//648 647//647 394//394
f 647//647 393//393 394//394
f 648//648 398//398 400//400
f 649//649 648//648 400//400
f 649//649 400//400 406//406
f 650//650 649//649 406//406
f 411//411 650//650 406//406
f 411//411 406//406 408//408
f 651//651 411//411 407//407
f 651//651 407//407 389//389
f 652//652 651//651 389//389
f 393//393 652//652 389//389
f 653//653 416//416 420//420
f 655//655 653//653 420//420
f 427//427 654//654 423//423
f 655//655 420//420 423//423
f 654//654 655//655 423//423
f 656//656 427//427 428//428
f 656//656 428//428 434//434
f 657//657 656//656 434//434
f 438//438 657//657 434//434
f 438//438 434//434 436//436
f 438//438 435//435 414//414
f 658//658 438//438 414//414
f 658//658 414//414 416//416
f 446//446 659//659 445//445
f 660//660 446//446 447//447
f 660//660 447//447 449//449
f 660//660 449//449 450//450
f 660//660 450//450 453//453
f 661//661 660//660 453//453
f 662//662 661//661 459//459
f 662//662 459//459 440//440
f 659//659 663//663 440//440
f 664//664 467//467 471//471
f 665//665 474//474 475//475
f 471//471 472//472 474//474
f 665//665 475//475 477//477
f 666//666 665//665 477//477
f 668//668 667//667 481//481
f 485//485 668//668 481//481
f 485//485 481//481 483//483
f 669//669 485//485 482//482
f 669//669 482//482 464//464
f 467//467 669//669 464//464
f 496//496 670//670 493//493
f 496//496 493//493 495//495
f 671//671 496//496 497//497
f 671//671 497//497 499//499
f 672//672 671//671 499//499
f 672//672 499//499 501//501
f 673//673 672//672 501//501
f 674//674 673//673 501//501
f 674//674 501//501 503//503
f 674//674 503//503 506//506
f 675//675 674//674 506//506
f 675//675 506//506 508//508
f 676//676 675//675 508//508
f 676//676 508//508 489//489
f 670//670 676//676 489//489
f 677//677 512//512 516//516
f 679//679 677//677 516//516
f 679//679 516//516 520//520
f 678//678 679//679 520//520
f 681//681 524//524 522//522
f 681//681 680//680 524//524
f 682//682 527//527 528//528
f 682//682 681//681 527//527
f 683//683 682//682 531//531
f 684//684 683//683 510//510
f 684//684 510//510 512//512
f 686//686 535//535 538//538
f 541//541 685//685 539//539
f 686//686 538//538 539//539
f 685//685 686//686 539//539
f 687//687 544//544 547//547
f 687//687 541//541 544//544
f 550//550 687//687 547//547
f 688//688 550//550 553//553
f 688//688 553//553 533//533
f 689//689 533//533 535//535
f 689//689 688//688 533//533
f 691//691 698//698 560//560
f 692//692 690//690 565//565
f 691//691 563//563 565//565
f 692//692 568//568 570//570
f 690//690 691//691 565//565
f 692//692 570//570 573//573
f 693//693 573//573 694//694
f 693//693 692//692 573//573
f 695//695 575//575 576//576
f 695//695 694//694 575//575
f 697//697 696//696 579//579
f 698//698 697//697 557//557
f 698//698 557//557 560//560
f 584//584 632//632 385//385
f 584//584 385//385 580//580
f 633//633 632//632 584//584
f 588//588 633//633 584//584
f 586//586 331//331 633//633
f 586//586 633//633 588//588
f 628//628 627//627 587//587
f 628//628 587//587 590//590
f 590//590 589//589 628//628
f 628//628 589//589 627//627
f 699//699 627//627 589//589
f 699//699 589//589 591//591
f 700//700 699//699 591//591
f 585//585 596//596 700//700
f 591//591 585//585 700//700
f 582//582 595//595 596//596
f 585//585 582//582 596//596
f 582//582 583//583 595//595
f 595//595 583//583 594//594
f 581//581 592//592 594//594
f 583//583 581//581 594//594
f 745//745 747//747 702//702
f 701//701 745//745 702//702
f 703//703 701//701 702//702
f 703//703 702//702 624//624
f 743//743 703//703 624//624
f 743//743 624//624 626//626
f 704//704 626//626 699//699
f 704//704 743//743 626//626
f 705//705 704//704 699//699
f 705//705 699//699 700//700
f 741//741 705//705 700//700
f 744//744 741//741 700//700
f 706//706 744//744 700//700
f 706//706 700//700 596//596
f 593//593 706//706 596//596
f 706//706 593//593 597//597
f 708//708 597//597 598//598
f 708//708 706//706 597//597
f 749//749 598//598 707//707
f 749//749 708//708 598//598
f 709//709 749//749 707//707
f 710//710 709//709 707//707
f 747//747 710//710 707//707
f 747//747 707//707 702//702
f 605//605 609//609 702//702
f 605//605 702//702 707//707
f 707//707 600//600 602//602
f 707//707 602//602 605//605
f 602//602 600//600 604//604
f 600//600 601//601 604//604
f 599//599 602//602 604//604
f 601//601 599//599 604//604
f 610//610 606//606 603//603
f 612//612 606//606 610//610
f 332//332 606//606 612//612
f 608//608 607//607 623//623
f 608//608 623//623 625//625
f 608//608 625//625 607//607
f 625//625 624//624 607//607
f 607//607 624//624 702//702
f 609//609 607//607 702//702
f 622//622 612//612 711//711
f 711//711 612//612 712//712
f 712//712 612//612 613//613
f 713//713 621//621 712//712
f 613//613 713//713 712//712
f 611//611 714//714 718//718
f 721//721 716//716 713//713
f 718//718 714//714 715//715
f 714//714 720//720 715//715
f 611//611 718//718 719//719
f 714//714 716//716 720//720
f 613//613 722//722 721//721
f 713//713 613//613 721//721
f 613//613 611//611 717//717
f 717//717 611//611 719//719
f 714//714 713//713 716//716
f 717//717 722//722 613//613
f 611//611 610//610 723//723
f 723//723 618//618 714//714
f 723//723 714//714 611//611
f 610//610 373//373 723//723
f 373//373 372//372 723//723
f 614//614 618//618 372//372
f 372//372 618//618 723//723
f 618//618 614//614 615//615
f 617//617 618//618 615//615
f 375//375 621//621 724//724
f 375//375 619//619 621//621
f 375//375 335//335 619//619
f 619//619 620//620 621//621
f 622//622 711//711 712//712
f 621//621 622//622 712//712
f 634//634 637//637 725//725
f 635//635 634//634 725//725
f 725//725 726//726 635//635
f 635//635 726//726 634//634
f 726//726 638//638 727//727
f 636//636 634//634 726//726
f 727//727 636//636 726//726
f 728//728 631//631 736//736
f 729//729 636//636 730//730
f 734//734 730//730 636//636
f 731//731 733//733 732//732
f 636//636 727//727 734//734
f 727//727 731//731 732//732
f 727//727 732//732 737//737
f 631//631 636//636 729//729
f 731//731 631//631 728//728
f 731//731 728//728 733//733
f 631//631 729//729 735//735
f 727//727 737//737 734//734
f 736//736 631//631 735//735
f 731//731 641//641 738//738
f 738//738 630//630 631//631
f 738//738 631//631 731//731
f 738//738 739//739 630//630
f 630//630 739//739 629//629
f 739//739 645//645 629//629
f 726//726 725//725 637//637
f 726//726 637//637 638//638
f 638//638 341//341 334//334
f 638//638 334//334 640//640
f 638//638 640//640 382//382
f 638//638 382//382 740//740
f 125//125 642//642 641//641
f 740//740 382//382 641//641
f 641//641 643//643 386//386
f 645//645 641//641 386//386
f 738//738 641//641 645//645
f 739//739 738//738 645//645
f 645//645 386//386 644//644
f 646//646 647//647 393//393
f 393//393 647//647 651//651
f 652//652 393//393 651//651
f 647//647 648//648 411//411
f 651//651 647//647 411//411
f 650//650 411//411 649//649
f 411//411 648//648 649//649
f 653//653 655//655 416//416
f 655//655 654//654 427//427
f 416//416 655//655 438//438
f 658//658 416//416 438//438
f 655//655 427//427 438//438
f 427//427 656//656 438//438
f 657//657 438//438 656//656
f 663//663 659//659 440//440
f 659//659 446//446 662//662
f 440//440 659//659 662//662
f 446//446 660//660 662//662
f 662//662 660//660 661//661
f 664//664 471//471 467//467
f 471//471 474//474 665//665
f 467//467 471//471 665//665
f 467//467 665//665 666//666
f 669//669 467//467 666//666
f 668//668 485//485 667//667
f 669//669 666//666 667//667
f 485//485 669//669 667//667
f 670//670 496//496 671//671
f 676//676 670//670 673//673
f 670//670 671//671 673//673
f 675//675 676//676 673//673
f 671//671 672//672 673//673
f 675//675 673//673 674//674
f 677//677 679//679 512//512
f 679//679 678//678 520//520
f 512//512 679//679 520//520
f 512//512 520//520 681//681
f 684//684 512//512 681//681
f 520//520 680//680 681//681
f 683//683 684//684 682//682
f 682//682 684//684 681//681
f 689//689 535//535 688//688
f 535//535 686//686 688//688
f 686//686 685//685 688//688
f 685//685 541//541 688//688
f 541//541 687//687 550//550
f 688//688 541//541 550//550
f 698//698 691//691 692//692
f 691//691 690//690 692//692
f 698//698 692//692 693//693
f 697//697 698//698 694//694
f 696//696 697//697 694//694
f 695//695 696//696 694//694
f 698//698 693//693 694//694
f 788//788 705//705 781//781
f 781//781 741//741 742//742
f 790//790 744//744 706//706
f 701//701 778//778 745//745
f 779//779 777//777 747//747
f 748//748 746//746 708//708
f 746//746 706//706 708//708
f 710//710 783//783 709//709
f 705//705 741//741 776//776
f 701//701 703//703 778//778
f 714//714 618//618 724//724
f 724//724 621//621 713//713
f 724//724 713//713 714//714
f 750//750 809//809 716//716
f 842//842 750//750 716//716
f 751//751 842//842 716//716
f 841//841 751//751 716//716
f 841//841 716//716 721//721
f 752//752 841//841 721//721
f 806//806 752//752 721//721
f 806//806 721//721 722//722
f 802//802 806//806 722//722
f 802//802 722//722 717//717
f 805//805 802//802 717//717
f 805//805 717//717 719//719
f 753//753 805//805 719//719
f 807//807 753//753 719//719
f 754//754 807//807 719//719
f 754//754 719//719 718//718
f 755//755 754//754 718//718
f 808//808 755//755 718//718
f 756//756 808//808 718//718
f 756//756 718//718 715//715
f 757//757 756//756 715//715
f 757//757 715//715 720//720
f 758//758 757//757 720//720
f 758//758 720//720 716//716
f 809//809 758//758 716//716
f 740//740 641//641 731//731
f 727//727 638//638 740//740
f 731//731 727//727 740//740
f 759//759 883//883 729//729
f 759//759 729//729 730//730
f 760//760 759//759 730//730
f 761//761 760//760 730//730
f 761//761 730//730 734//734
f 761//761 734//734 737//737
f 879//879 761//761 737//737
f 811//811 879//879 737//737
f 813//813 811//811 737//737
f 812//812 813//813 737//737
f 812//812 737//737 732//732
f 816//816 812//812 732//732
f 816//816 732//732 733//733
f 872//872 816//816 733//733
f 818//818 872//872 733//733
f 820//820 818//818 733//733
f 820//820 733//733 728//728
f 762//762 820//820 728//728
f 762//762 728//728 736//736
f 762//762 736//736 735//735
f 866//866 762//762 735//735
f 763//763 866//866 735//735
f 763//763 735//735 729//729
f 883//883 763//763 729//729
f 710//710 747//747 764//764
f 710//710 764//764 765//765
f 783//783 710//710 765//765
f 749//749 709//709 765//765
f 706//706 746//746 766//766
f 780//780 706//706 766//766
f 744//744 780//780 767//767
f 741//741 744//744 767//767
f 741//741 767//767 768//768
f 741//741 768//768 769//769
f 741//741 769//769 770//770
f 776//776 741//741 770//770
f 704//704 705//705 770//770
f 704//704 770//770 771//771
f 743//743 704//704 771//771
f 703//703 743//743 772//772
f 778//778 703//703 773//773
f 747//747 774//774 775//775
f 747//747 745//745 774//774
f 780//780 744//744 742//742
f 773//773 743//743 778//778
f 780//780 742//742 741//741
f 782//782 773//773 778//778
f 783//783 779//779 777//777
f 780//780 741//741 781//781
f 779//779 775//775 777//777
f 784//784 781//781 776//776
f 776//776 781//781 705//705
f 785//785 783//783 748//748
f 785//785 786//786 746//746
f 787//787 785//785 746//746
f 789//789 788//788 743//743
f 790//790 787//787 746//746
f 788//788 789//789 791//791
f 773//773 791//791 743//743
f 706//706 780//780 790//790
f 771//771 789//789 743//743
f 788//788 784//784 770//770
f 788//788 770//770 705//705
f 747//747 775//775 779//779
f 778//778 774//774 745//745
f 793//793 742//742 744//744
f 792//792 793//793 790//790
f 793//793 744//744 790//790
f 792//792 790//790 795//795
f 794//794 777//777 779//779
f 795//795 790//790 746//746
f 794//794 779//779 782//782
f 795//795 746//746 748//748
f 794//794 782//782 778//778
f 794//794 778//778 743//743
f 796//796 795//795 748//748
f 794//794 743//743 797//797
f 796//796 748//748 783//783
f 799//799 797//797 743//743
f 798//798 796//796 783//783
f 799//799 743//743 788//788
f 800//800 798//798 777//777
f 798//798 783//783 777//777
f 794//794 800//800 777//777
f 799//799 788//788 781//781
f 801//801 799//799 781//781
f 793//793 801//801 781//781
f 793//793 781//781 742//742
f 777//777 764//764 747//747
f 708//708 749//749 748//748
f 749//749 785//785 748//748
f 783//783 765//765 709//709
f 743//743 791//791 772//772
f 802//802 805//805 804//804
f 803//803 802//802 804//804
f 848//848 805//805 753//753
f 754//754 755//755 808//808
f 754//754 808//808 756//756
f 809//809 810//810 758//758
f 813//813 812//812 814//814
f 895//895 816//816 872//872
f 821//821 818//818 820//820
f 883//883 819//819 763//763
f 866//866 822//822 762//762
f 813//813 812//812 884//884
f 761//761 879//879 894//894
f 749//749 746//746 786//786
f 749//749 786//786 785//785
f 784//784 776//776 770//770
f 789//789 771//771 772//772
f 791//791 789//789 772//772
f 774//774 778//778 773//773
f 764//764 777//777 775//775
f 783//783 785//785 765//765
f 780//780 766//766 790//790
f 773//773 782//782 774//774
f 787//787 790//790 766//766
f 774//774 782//782 775//775
f 771//771 770//770 788//788
f 770//770 784//784 788//788
f 770//770 769//769 784//784
f 782//782 779//779 775//775
f 785//785 787//787 746//746
f 787//787 766//766 746//746
f 769//769 768//768 781//781
f 784//784 769//769 781//781
f 775//775 779//779 764//764
f 772//772 771//771 788//788
f 781//781 768//768 780//780
f 785//785 746//746 749//749
f 772//772 788//788 791//791
f 772//772 791//791 703//703
f 768//768 767//767 780//780
f 779//779 783//783 764//764
f 703//703 791//791 773//773
f 785//785 749//749 765//765
f 764//764 783//783 765//765
f 798//798 800//800 794//794
f 795//795 798//798 794//794
f 795//795 796//796 798//798
f 795//795 794//794 797//797
f 797//797 823//823 795//795
f 792//792 795//795 823//823
f 792//792 823//823 799//799
f 793//793 799//799 801//801
f 792//792 799//799 793//793
f 797//797 799//799 823//823
f 758//758 824//824 825//825
f 758//758 825//825 826//826
f 758//758 826//826 827//827
f 757//757 758//758 827//827
f 757//757 828//828 829//829
f 756//756 757//757 829//829
f 808//808 854//854 830//830
f 754//754 830//830 831//831
f 754//754 808//808 830//830
f 754//754 831//831 832//832
f 754//754 832//832 833//833
f 753//753 807//807 834//834
f 753//753 834//834 836//836
f 805//805 836//836 835//835
f 805//805 835//835 837//837
f 838//838 805//805 837//837
f 804//804 805//805 838//838
f 802//802 838//838 837//837
f 802//802 837//837 839//839
f 806//806 802//802 839//839
f 841//841 839//839 840//840
f 841//841 752//752 839//839
f 809//809 750//750 843//843
f 844//844 843//843 824//824
f 845//845 806//806 751//751
f 845//845 841//841 847//847
f 850//850 847//847 843//843
f 843//843 847//847 809//809
f 850//850 843//843 810//810
f 848//848 804//804 853//853
f 850//850 757//757 849//849
f 850//850 849//849 851//851
f 850//850 851//851 852//852
f 850//850 852//852 854//854
f 853//853 803//803 806//806
f 854//854 808//808 754//754
f 854//854 856//856 807//807
f 845//845 855//855 806//806
f 846//846 854//854 807//807
f 848//848 836//836 805//805
f 836//836 846//846 753//753
f 839//839 853//853 806//806
f 803//803 853//853 838//838
f 803//803 838//838 802//802
f 751//751 847//847 842//842
f 857//857 756//756 849//849
f 859//859 809//809 847//847
f 857//857 849//849 757//757
f 858//858 857//857 757//757
f 859//859 858//858 757//757
f 859//859 757//757 810//810
f 859//859 847//847 751//751
f 859//859 810//810 809//809
f 859//859 751//751 806//806
f 860//860 859//859 806//806
f 860//860 806//806 803//803
f 860//860 803//803 804//804
f 861//861 860//860 804//804
f 861//861 804//804 848//848
f 861//861 848//848 753//753
f 861//861 753//753 846//846
f 861//861 846//846 807//807
f 862//862 861//861 807//807
f 862//862 807//807 754//754
f 863//863 862//862 754//754
f 863//863 754//754 756//756
f 857//857 863//863 756//756
f 827//827 810//810 757//757
f 810//810 824//824 758//758
f 829//829 849//849 756//756
f 757//757 850//850 828//828
f 841//841 845//845 751//751
f 806//806 855//855 839//839
f 806//806 839//839 752//752
f 763//763 864//864 865//865
f 866//866 763//763 865//865
f 866//866 865//865 867//867
f 762//762 867//867 889//889
f 762//762 889//889 868//868
f 820//820 762//762 868//868
f 818//818 869//869 870//870
f 872//872 870//870 871//871
f 872//872 818//818 870//870
f 872//872 871//871 873//873
f 816//816 874//874 875//875
f 812//812 816//816 875//875
f 812//812 875//875 876//876
f 812//812 876//876 877//877
f 812//812 877//877 878//878
f 884//884 812//812 878//878
f 884//884 878//878 811//811
f 761//761 880//880 881//881
f 760//760 761//761 881//881
f 759//759 760//760 881//881
f 883//883 759//759 882//882
f 883//883 882//882 864//864
f 895//895 814//814 812//812
f 895//895 812//812 888//888
f 759//759 815//815 887//887
f 886//886 819//819 822//822
f 889//889 886//886 822//822
f 886//886 887//887 817//817
f 888//888 813//813 884//884
f 889//889 822//822 821//821
f 889//889 821//821 891//891
f 890//890 888//888 811//811
f 893//893 890//890 811//811
f 892//892 891//891 818//818
f 892//892 818//818 872//872
f 885//885 894//894 815//815
f 813//813 888//888 812//812
f 818//818 891//891 869//869
f 895//895 874//874 816//816
f 879//879 893//893 894//894
f 883//883 817//817 819//819
f 815//815 759//759 881//881
f 815//815 881//881 760//760
f 897//897 819//819 817//817
f 896//896 821//821 822//822
f 898//898 896//896 822//822
f 897//897 817//817 887//887
f 898//898 822//822 819//819
f 899//899 897//897 815//815
f 897//897 887//887 815//815
f 897//897 898//898 819//819
f 899//899 815//815 894//894
f 900//900 899//899 894//894
f 900//900 894//894 893//893
f 900//900 893//893 811//811
f 901//901 900//900 813//813
f 900//900 811//811 813//813
f 901//901 813//813 814//814
f 902//902 901//901 814//814
f 902//902 814//814 895//895
f 902//902 895//895 872//872
f 902//902 872//872 818//818
f 903//903 902//902 818//818
f 903//903 818//818 821//821
f 896//896 903//903 821//821
f 819//819 886//886 864//864
f 819//819 864//864 763//763
f 820//820 868//868 821//821
f 868//868 891//891 821//821
f 822//822 867//867 762//762
f 881//881 885//885 815//815
f 760//760 881//881 815//815
f 894//894 880//880 761//761
f 827//827 850//850 810//810
f 828//828 850//850 827//827
f 829//829 854//854 852//852
f 829//829 852//852 851//851
f 829//829 851//851 849//849
f 856//856 754//754 833//833
f 856//856 833//833 807//807
f 854//854 754//754 856//856
f 846//846 836//836 848//848
f 804//804 838//838 853//853
f 855//855 853//853 839//839
f 842//842 847//847 841//841
f 844//844 810//810 843//843
f 824//824 810//810 844//844
f 850//850 828//828 827//827
f 846//846 807//807 854//854
f 854//854 807//807 833//833
f 842//842 845//845 847//847
f 854//854 833//833 832//832
f 842//842 847//847 750//750
f 854//854 832//832 831//831
f 750//750 847//847 843//843
f 854//854 831//831 830//830
f 853//853 837//837 848//848
f 839//839 837//837 853//853
f 837//837 835//835 848//848
f 843//843 847//847 824//824
f 847//847 850//850 824//824
f 840//840 839//839 853//853
f 835//835 836//836 846//846
f 848//848 835//835 846//846
f 850//850 854//854 829//829
f 840//840 853//853 855//855
f 824//824 850//850 825//825
f 840//840 855//855 841//841
f 836//836 834//834 846//846
f 825//825 850//850 826//826
f 841//841 855//855 845//845
f 842//842 841//841 845//845
f 850//850 829//829 828//828
f 826//826 850//850 827//827
f 834//834 807//807 846//846
f 857//857 858//858 859//859
f 861//861 859//859 860//860
f 862//862 857//857 859//859
f 862//862 863//863 857//857
f 862//862 859//859 861//861
f 867//867 822//822 866//866
f 868//868 869//869 891//891
f 895//895 873//873 874//874
f 895//895 872//872 873//873
f 892//892 872//872 895//895
f 888//888 884//884 811//811
f 894//894 879//879 880//880
f 894//894 893//893 879//879
f 881//881 759//759 885//885
f 864//864 817//817 883//883
f 864//864 886//886 817//817
f 889//889 867//867 865//865
f 881//881 885//885 759//759
f 895//895 874//874 892//892
f 892//892 874//874 873//873
f 892//892 873//873 871//871
f 879//879 811//811 890//890
f 759//759 887//887 882//882
f 811//811 878//878 888//888
f 892//892 871//871 870//870
f 890//890 811//811 888//888
f 879//879 890//890 893//893
f 878//878 877//877 888//888
f 882//882 887//887 864//864
f 887//887 886//886 864//864
f 891//891 892//892 869//869
f 880//880 879//879 893//893
f 892//892 870//870 869//869
f 877//877 876//876 888//888
f 888//888 876//876 895//895
f 891//891 869//869 868//868
f 880//880 893//893 894//894
f 889//889 891//891 868//868
f 881//881 880//880 894//894
f 864//864 886//886 865//865
f 876//876 875//875 895//895
f 881//881 894//894 885//885
f 875//875 874//874 895//895
f 886//886 889//889 865//865
f 901//901 897//897 899//899
f 901//901 899//899 900//900
f 901//901 898//898 897//897
f 902//902 896//896 898//898
f 902//902 898//898 901//901
f 902//902 903//903 896//896

