# https://github.com/mikedh/trimesh
v -0.01581393 -0.01509995 -0.01208215
v -0.01511393 -0.01579995 -0.01208215
v -0.01579008 -0.01528112 -0.01208215
v 0.01543607 -0.01570617 -0.01208215
v 0.01569229 -0.01544995 -0.01208215
v 0.01558104 -0.01559492 -0.01208215
v 0.00898607 0.01490005 -0.01208215
v 0.01403607 0.01405005 -0.01208215
v 0.00898607 0.01405005 -0.01208215
v 0.01508607 0.01580005 -0.01208215
v 0.01578607 -0.01509995 -0.01208215
v 0.01576222 -0.01528112 -0.01208215
v -0.01501393 -0.00899995 -0.01208215
v -0.01406393 -0.00899995 -0.01208215
v -0.01406393 -0.01404995 -0.01208215
v 0.01508607 -0.01579995 -0.01208215
v 0.01526724 -0.01577610 -0.01208215
v 0.01403607 -0.01404995 -0.01208215
v 0.00898607 -0.01509995 -0.01208215
v 0.01498607 -0.00899995 -0.01208215
v 0.00898607 -0.01404995 -0.01208215
v -0.01501393 -0.00699995 -0.01208215
v 0.01403607 -0.00899995 -0.01208215
v 0.00698607 -0.01509995 -0.01208215
v 0.01498607 -0.00699995 -0.01208215
v -0.00701393 0.01490005 -0.01208215
v 0.00698607 0.01405005 -0.01208215
v -0.00701393 0.01405005 -0.01208215
v 0.00698607 0.01490005 -0.01208215
v -0.01501393 0.00700005 -0.01208215
v -0.01406393 -0.00699995 -0.01208215
v -0.01406393 0.00700005 -0.01208215
v -0.00701393 -0.01404995 -0.01208215
v -0.00701393 -0.01509995 -0.01208215
v 0.00698607 -0.01404995 -0.01208215
v 0.01403607 0.00700005 -0.01208215
v 0.01498607 0.00700005 -0.01208215
v 0.01403607 -0.00699995 -0.01208215
v -0.01406393 0.01405005 -0.01208215
v -0.01406393 0.00900005 -0.01208215
v -0.01501393 0.00900005 -0.01208215
v -0.00901393 0.01490005 -0.01208215
v -0.00901393 0.01405005 -0.01208215
v -0.01511393 0.01580005 -0.01208215
v -0.01581393 0.01510005 -0.01208215
v 0.01578607 0.01510005 -0.01208215
v 0.01498607 0.00900005 -0.01208215
v -0.00901393 -0.01509995 -0.01208215
v -0.01560890 0.01559503 -0.01208215
v -0.01579008 0.01528122 -0.01208215
v -0.01572015 0.01545005 -0.01208215
v -0.01546393 0.01570627 -0.01208215
v -0.01529510 0.01577620 -0.01208215
v -0.01546393 -0.01570617 -0.01208215
v -0.01529510 -0.01577610 -0.01208215
v 0.01558104 0.01559503 -0.01208215
v 0.01569229 0.01545005 -0.01208215
v 0.01576222 0.01528122 -0.01208215
v 0.01403607 0.00900005 -0.01208215
v -0.01560890 -0.01559492 -0.01208215
v -0.00901393 -0.01404995 -0.01208215
v 0.01543607 0.01570627 -0.01208215
v -0.01572015 -0.01544995 -0.01208215
v 0.01526724 0.01577620 -0.01208215
v -0.01511393 -0.01579995 0.00621785
v 0.01508607 -0.01579995 0.00621785
v -0.01529510 -0.01577610 0.00621785
v -0.01546393 -0.01570617 0.00621785
v -0.01560890 -0.01559492 0.00621785
v -0.01572015 -0.01544995 0.00621785
v -0.01579008 -0.01528112 0.00621785
v -0.01581393 -0.01509995 0.00621785
v 0.01526724 -0.01577610 0.00621785
v 0.01543607 -0.01570617 0.00621785
v 0.01558104 -0.01559492 0.00621785
v 0.01569229 -0.01544995 0.00621785
v 0.01576222 -0.01528112 0.00621785
v 0.01578607 -0.01509995 0.00621785
v -0.01581393 0.01510005 0.00621785
v 0.01578607 0.01510005 0.00621785
v -0.01579008 0.01528122 0.00621785
v -0.01572015 0.01545005 0.00621785
v -0.01560890 0.01559503 0.00621785
v -0.01546393 0.01570627 0.00621785
v -0.01529510 0.01577620 0.00621785
v -0.01511393 0.01580005 0.00621785
v 0.01576222 0.01528122 0.00621785
v 0.01569229 0.01545005 0.00621785
v 0.01558104 0.01559503 0.00621785
v 0.01543607 0.01570627 0.00621785
v 0.01526724 0.01577620 0.00621785
v 0.01508607 0.01580005 0.00621785
v -0.01406393 -0.00899995 0.00566785
v -0.01406393 -0.01404995 0.00566785
v -0.01406393 0.00700005 0.00566785
v -0.01406393 -0.00699995 0.00566785
v -0.01406393 0.01405005 0.00566785
v -0.01406393 0.00900005 0.00566785
v -0.00901393 0.01405005 0.00566785
v 0.00698607 0.01405005 0.00516785
v -0.00701393 0.01405005 0.00516785
v 0.01403607 0.01405005 0.00566785
v 0.00898607 0.01405005 0.00566785
v 0.01403607 0.00900005 0.00566785
v 0.01403607 -0.00699995 0.00566785
v 0.01403607 0.00700005 0.00566785
v 0.01403607 -0.01404995 0.00566785
v 0.01403607 -0.00899995 0.00566785
v 0.00898607 -0.01404995 0.00566785
v -0.00701393 -0.01404995 0.00516785
v 0.00698607 -0.01404995 0.00516785
v -0.00901393 -0.01404995 0.00566785
v -0.01511393 -0.01577610 0.00639903
v 0.01508607 -0.01577610 0.00639903
v -0.01511393 -0.01570617 0.00656785
v 0.01508607 -0.01570617 0.00656785
v -0.01511393 -0.01559492 0.00671283
v 0.01508607 -0.01559492 0.00671283
v -0.01511393 -0.01544995 0.00682407
v 0.01508607 -0.01544995 0.00682407
v -0.01511393 -0.01528112 0.00689400
v 0.01508607 -0.01528112 0.00689400
v -0.01511393 -0.01509995 0.00691785
v 0.01508607 -0.01509995 0.00691785
v -0.01579008 -0.01509995 0.00639903
v -0.01524787 -0.01542331 0.00682407
v -0.01543729 -0.01523389 0.00682407
v -0.01529510 -0.01509995 0.00689400
v -0.01546393 -0.01509995 0.00682407
v -0.01560890 -0.01509995 0.00671283
v -0.01541704 -0.01562495 0.00656785
v -0.01563893 -0.01540306 0.00656785
v -0.01572015 -0.01509995 0.00656785
v -0.01521458 -0.01525059 0.00689400
v 0.01576222 -0.01509995 0.00639903
v 0.01522001 -0.01542331 0.00682407
v 0.01543607 -0.01509995 0.00682407
v 0.01526724 -0.01509995 0.00689400
v 0.01540943 -0.01523389 0.00682407
v 0.01558104 -0.01509995 0.00671283
v 0.01538918 -0.01562495 0.00656785
v 0.01569229 -0.01509995 0.00656785
v 0.01561107 -0.01540306 0.00656785
v 0.01518672 -0.01525059 0.00689400
v -0.01579008 0.01510005 0.00639903
v -0.01560890 0.01510005 0.00671283
v -0.01572015 0.01510005 0.00656785
v -0.01546393 0.01510005 0.00682407
v -0.01529510 0.01510005 0.00689400
v -0.01511393 0.01510005 0.00691785
v 0.01576222 0.01510005 0.00639903
v 0.01569229 0.01510005 0.00656785
v 0.01558104 0.01510005 0.00671283
v 0.01543607 0.01510005 0.00682407
v 0.01526724 0.01510005 0.00689400
v 0.01508607 0.01510005 0.00691785
v -0.01511393 0.01577620 0.00639903
v -0.01543729 0.01523399 0.00682407
v -0.01524787 0.01542341 0.00682407
v -0.01511393 0.01528122 0.00689400
v -0.01511393 0.01545005 0.00682407
v -0.01511393 0.01559503 0.00671283
v -0.01563893 0.01540316 0.00656785
v -0.01541704 0.01562505 0.00656785
v -0.01511393 0.01570627 0.00656785
v -0.01521458 0.01525069 0.00689400
v 0.01508607 0.01577620 0.00639903
v 0.01540943 0.01523399 0.00682407
v 0.01508607 0.01545005 0.00682407
v 0.01508607 0.01528122 0.00689400
v 0.01522001 0.01542341 0.00682407
v 0.01508607 0.01559503 0.00671283
v 0.01561107 0.01540316 0.00656785
v 0.01508607 0.01570627 0.00656785
v 0.01538918 0.01562505 0.00656785
v 0.01523671 0.01520071 0.00689400
v -0.00901393 -0.00899995 0.00566785
v -0.01281393 -0.00899995 -0.01208215
v -0.01281393 -0.00899995 -0.00698215
v -0.00901393 -0.00899995 -0.00318215
v -0.01281393 -0.00699995 -0.01208215
v -0.01281393 -0.00699995 -0.00698215
v -0.00901393 -0.00699995 -0.00128215
v -0.00711393 -0.00699995 -0.00128215
v -0.00901393 -0.00699995 0.00566785
v -0.00901393 0.00700005 0.00566785
v -0.01281393 0.00700005 -0.01208215
v -0.01281393 0.00700005 -0.00698215
v -0.00901393 0.00700005 -0.00128215
v -0.00711393 0.00700005 -0.00128215
v -0.01281393 0.00900005 -0.01208215
v -0.01281393 0.00900005 -0.00698215
v -0.00901393 0.00900005 -0.00318215
v -0.00901393 0.00900005 0.00566785
v -0.00901393 0.01270005 -0.01208215
v -0.00901393 0.01270005 -0.00698215
v -0.00901393 0.00890005 -0.00318215
v -0.00701393 0.01270005 -0.01208215
v -0.00701393 0.01270005 -0.00698215
v -0.00701393 0.00900005 -0.00118215
v -0.00701393 0.00700005 -0.00118215
v -0.00701393 0.00900005 0.00516785
v -0.00701393 0.00030005 0.00541785
v -0.00701393 0.00700005 0.00591785
v -0.00701393 -0.01269995 -0.00698215
v -0.00701393 -0.01269995 -0.01208215
v -0.00701393 -0.00899995 0.00516785
v -0.00701393 -0.00899995 -0.00118215
v -0.00701393 -0.00699995 -0.00118215
v -0.00701393 -0.00029995 0.00541785
v -0.00701393 -0.00699995 0.00591785
v 0.00043607 0.00725005 0.00516785
v -0.00066393 0.00725005 0.00516785
v -0.00066393 0.00900005 0.00516785
v 0.00043607 0.00900005 0.00516785
v 0.00698607 0.00900005 0.00516785
v 0.00698607 0.01270005 -0.01208215
v 0.00698607 0.01270005 -0.00698215
v 0.00698607 0.00900005 -0.00138215
v 0.00698607 0.00710005 -0.00138215
v 0.00898607 0.01270005 -0.01208215
v 0.00898607 0.01270005 -0.00698215
v 0.00898607 0.00900005 -0.00328215
v 0.00898607 0.00900005 0.00566785
v 0.01258607 0.00900005 -0.00698215
v 0.01258607 0.00900005 -0.01208215
v 0.00888607 0.00900005 -0.00328215
v 0.01258607 0.00700005 -0.01208215
v -0.00041393 0.00700005 0.00541785
v 0.01258607 0.00700005 -0.00698215
v 0.00898607 0.00700005 0.00566785
v 0.00898607 0.00700005 -0.00128215
v 0.00698607 0.00700005 -0.00128215
v 0.00018607 0.00700005 0.00541785
v 0.00698607 0.00700005 0.00591785
v 0.00898607 -0.00699995 0.00566785
v -0.00041393 -0.00699995 0.00541785
v 0.01258607 -0.00699995 -0.00698215
v 0.01258607 -0.00699995 -0.01208215
v 0.00898607 -0.00699995 -0.00128215
v 0.00698607 -0.00699995 -0.00128215
v 0.00018607 -0.00699995 0.00541785
v 0.00698607 -0.00699995 0.00591785
v 0.01258607 -0.00899995 -0.01208215
v 0.01258607 -0.00899995 -0.00698215
v 0.00888607 -0.00899995 -0.00328215
v 0.00898607 -0.00899995 -0.00328215
v 0.00898607 -0.00899995 0.00566785
v 0.00898607 -0.01269995 -0.00698215
v 0.00898607 -0.01269995 -0.01208215
v 0.00698607 -0.01269995 -0.01208215
v 0.00698607 -0.01269995 -0.00698215
v 0.00698607 -0.00709995 -0.00138215
v 0.00698607 -0.00899995 -0.00138215
v 0.00698607 -0.00899995 0.00516785
v -0.00066393 -0.00899995 0.00516785
v 0.00043607 -0.00899995 0.00516785
v -0.00066393 -0.00724995 0.00516785
v 0.00043607 -0.00724995 0.00516785
v -0.00901393 -0.01269995 -0.01208215
v -0.00901393 -0.01269995 -0.00698215
v -0.00901393 -0.00889995 -0.00318215
v 0.01144867 -0.01125155 0.00691785
v 0.01053125 -0.01201051 0.00691785
v 0.01214853 -0.01028828 0.00691785
v 0.00945390 -0.01251747 0.00691785
v 0.01258684 -0.00918123 0.00691785
v 0.00828433 -0.01274058 0.00691785
v 0.01273607 -0.00799995 0.00691785
v 0.00709601 -0.01266581 0.00691785
v 0.01258684 -0.00681867 0.00691785
v 0.01144867 -0.00474835 0.00691785
v 0.01214853 -0.00571162 0.00691785
v 0.01144867 0.00474845 0.00691785
v 0.00495831 -0.01165989 0.00691785
v 0.00414324 -0.01079193 0.00691785
v -0.00455133 -0.01125155 0.00691785
v 0.00596362 -0.01229788 0.00691785
v -0.00546875 -0.01201051 0.00691785
v 0.01053125 -0.00398939 0.00691785
v 0.01053125 0.00398949 0.00691785
v 0.01214853 0.00571172 0.00691785
v -0.00385147 -0.01028828 0.00691785
v 0.00356963 -0.00974854 0.00691785
v 0.00945390 -0.00348243 0.00691785
v 0.00945390 0.00348253 0.00691785
v -0.00654610 -0.01251747 0.00691785
v 0.00327352 -0.00859528 0.00691785
v -0.00341316 -0.00918123 0.00691785
v 0.01258684 0.00681877 0.00691785
v 0.00828433 -0.00325932 0.00691785
v 0.00828433 0.00325942 0.00691785
v 0.00327352 -0.00740462 0.00691785
v -0.00326393 -0.00799995 0.00691785
v 0.00709601 -0.00333408 0.00691785
v 0.00709601 0.00333419 0.00691785
v 0.00356963 -0.00625136 0.00691785
v -0.00341316 -0.00681867 0.00691785
v 0.00596362 -0.00370202 0.00691785
v 0.00596362 0.00370212 0.00691785
v 0.00414324 -0.00520797 0.00691785
v -0.00385147 -0.00571162 0.00691785
v 0.00495831 -0.00434001 0.00691785
v 0.00495831 0.00434011 0.00691785
v -0.00455133 -0.00474835 0.00691785
v 0.01258684 0.00918133 0.00691785
v 0.01273607 0.00800005 0.00691785
v 0.01214853 0.01028838 0.00691785
v 0.01144867 0.01125165 0.00691785
v -0.01003638 -0.01229788 0.00691785
v -0.01104169 -0.01165989 0.00691785
v -0.00890399 -0.01266581 0.00691785
v -0.00771568 -0.01274058 0.00691785
v -0.01185676 -0.01079193 0.00691785
v 0.01053125 0.01201061 0.00691785
v -0.01243037 -0.00974854 0.00691785
v 0.00945390 0.01251757 0.00691785
v -0.01272648 -0.00859528 0.00691785
v 0.00828433 0.01274068 0.00691785
v -0.01272648 -0.00740462 0.00691785
v 0.00709601 0.01266592 0.00691785
v -0.00455133 0.00474845 0.00691785
v 0.00414324 0.00520807 0.00691785
v -0.00546875 0.00398949 0.00691785
v -0.00546875 -0.00398939 0.00691785
v -0.00385147 0.00571172 0.00691785
v 0.00356963 0.00625146 0.00691785
v -0.00654610 0.00348253 0.00691785
v -0.00654610 -0.00348243 0.00691785
v 0.00327352 0.00740472 0.00691785
v -0.00341316 0.00681877 0.00691785
v -0.00771568 0.00325942 0.00691785
v -0.00771568 -0.00325932 0.00691785
v 0.00327352 0.00859538 0.00691785
v -0.00326393 0.00800005 0.00691785
v -0.00890399 0.00333419 0.00691785
v -0.00890399 -0.00333408 0.00691785
v 0.00356963 0.00974864 0.00691785
v -0.00341316 0.00918133 0.00691785
v -0.01003638 0.00370212 0.00691785
v -0.01003638 -0.00370202 0.00691785
v 0.00414324 0.01079203 0.00691785
v -0.00385147 0.01028838 0.00691785
v -0.01104169 0.00434011 0.00691785
v -0.01104169 -0.00434001 0.00691785
v 0.00495831 0.01165999 0.00691785
v -0.00455133 0.01125165 0.00691785
v -0.01185676 0.00520807 0.00691785
v -0.01185676 -0.00520797 0.00691785
v 0.00596362 0.01229798 0.00691785
v -0.00546875 0.01201061 0.00691785
v -0.01243037 -0.00625136 0.00691785
v -0.01243037 0.00625146 0.00691785
v -0.00654610 0.01251757 0.00691785
v -0.01272648 0.00740472 0.00691785
v -0.00890399 0.01266592 0.00691785
v -0.00771568 0.01274068 0.00691785
v -0.01003638 0.01229798 0.00691785
v -0.01104169 0.01165999 0.00691785
v -0.01185676 0.01079203 0.00691785
v -0.01243037 0.00974864 0.00691785
v -0.01272648 0.00859538 0.00691785
v -0.00901393 -0.00029995 0.00541785
v -0.00901393 0.00030005 0.00541785
v -0.00041393 0.00725005 0.00541785
v -0.00041393 -0.00724995 0.00541785
v 0.00279621 0.00597191 0.00591785
v 0.00352253 0.00557262 0.00591785
v -0.00615046 -0.00242957 0.00591785
v -0.00579755 -0.00317952 0.00591785
v 0.00419307 -0.00508534 0.00591785
v 0.00479726 -0.00451796 0.00591785
v 0.00202558 0.00627702 0.00591785
v 0.00532558 -0.00387933 0.00591785
v -0.00640658 -0.00164130 0.00591785
v 0.00122279 0.00648315 0.00591785
v 0.00352253 -0.00557251 0.00591785
v 0.00576969 -0.00317952 0.00591785
v -0.00656189 -0.00082715 0.00591785
v 0.00279621 -0.00597181 0.00591785
v 0.00612259 -0.00242957 0.00591785
v 0.00202558 -0.00627692 0.00591785
v 0.00637872 -0.00164130 0.00591785
v 0.00122279 -0.00648305 0.00591785
v 0.00653403 -0.00082715 0.00591785
v 0.00040049 -0.00658692 0.00591785
v -0.00125065 0.00648315 0.00591785
v -0.00205344 0.00627702 0.00591785
v -0.00282407 0.00597191 0.00591785
v -0.00355039 0.00557262 0.00591785
v -0.00422093 0.00508544 0.00591785
v -0.00482512 0.00451806 0.00591785
v -0.00535344 0.00387943 0.00591785
v -0.00579755 0.00317963 0.00591785
v -0.00615046 0.00242967 0.00591785
v -0.00640658 0.00164140 0.00591785
v -0.00656189 0.00082725 0.00591785
v 0.00658607 0.00000005 0.00591785
v 0.00653403 0.00082725 0.00591785
v 0.00040049 0.00658703 0.00591785
v -0.00042835 0.00658703 0.00591785
v -0.00661393 0.00000005 0.00591785
v -0.00042835 -0.00658692 0.00591785
v -0.00422093 -0.00508534 0.00591785
v -0.00355039 -0.00557251 0.00591785
v -0.00282407 -0.00597181 0.00591785
v -0.00205344 -0.00627692 0.00591785
v -0.00125065 -0.00648305 0.00591785
v 0.00637872 0.00164140 0.00591785
v 0.00612259 0.00242967 0.00591785
v 0.00576969 0.00317963 0.00591785
v 0.00532558 0.00387943 0.00591785
v 0.00479726 0.00451806 0.00591785
v -0.00482512 -0.00451796 0.00591785
v 0.00419307 0.00508544 0.00591785
v -0.00535344 -0.00387933 0.00591785
v 0.00018607 0.00725005 0.00541785
v 0.00898607 0.00030005 0.00541785
v 0.00898607 -0.00029995 0.00541785
v 0.00698607 0.00030005 0.00541785
v 0.00698607 -0.00029995 0.00541785
v 0.00018607 -0.00724995 0.00541785
v 0.01144867 -0.01125155 0.01116785
v 0.01053125 -0.01201051 0.01116785
v 0.01214853 -0.01028828 0.01116785
v 0.01258684 -0.00681867 0.01116785
v 0.01273607 -0.00799995 0.01116785
v 0.01258684 -0.00918123 0.01116785
v 0.01214853 -0.00571162 0.01116785
v 0.01144867 -0.00474835 0.01116785
v 0.01053125 -0.00398939 0.01116785
v 0.00945390 -0.00348243 0.01116785
v 0.00828433 -0.00325932 0.01116785
v 0.00709601 -0.00333408 0.01116785
v 0.00596362 -0.00370202 0.01116785
v 0.00495831 -0.00434001 0.01116785
v 0.00414324 -0.00520797 0.01116785
v 0.00356963 -0.00625136 0.01116785
v 0.00327352 -0.00740462 0.01116785
v 0.00327352 -0.00859528 0.01116785
v 0.00356963 -0.00974854 0.01116785
v 0.00414324 -0.01079193 0.01116785
v 0.00495831 -0.01165989 0.01116785
v 0.00596362 -0.01229788 0.01116785
v 0.00709601 -0.01266581 0.01116785
v 0.00828433 -0.01274058 0.01116785
v 0.00945390 -0.01251747 0.01116785
v 0.01144867 0.00474845 0.01116785
v 0.01053125 0.00398949 0.01116785
v 0.01214853 0.00571172 0.01116785
v 0.01258684 0.00918133 0.01116785
v 0.01273607 0.00800005 0.01116785
v 0.01258684 0.00681877 0.01116785
v 0.01214853 0.01028838 0.01116785
v 0.01144867 0.01125165 0.01116785
v 0.01053125 0.01201061 0.01116785
v 0.00945390 0.01251757 0.01116785
v 0.00828433 0.01274068 0.01116785
v 0.00709601 0.01266592 0.01116785
v 0.00596362 0.01229798 0.01116785
v 0.00495831 0.01165999 0.01116785
v 0.00414324 0.01079203 0.01116785
v 0.00356963 0.00974864 0.01116785
v 0.00327352 0.00859538 0.01116785
v 0.00327352 0.00740472 0.01116785
v 0.00356963 0.00625146 0.01116785
v 0.00414324 0.00520807 0.01116785
v 0.00495831 0.00434011 0.01116785
v 0.00596362 0.00370212 0.01116785
v 0.00709601 0.00333419 0.01116785
v 0.00828433 0.00325942 0.01116785
v 0.00945390 0.00348253 0.01116785
v -0.00455133 0.00474845 0.01116785
v -0.00546875 0.00398949 0.01116785
v -0.00385147 0.00571172 0.01116785
v -0.00341316 0.00918133 0.01116785
v -0.00326393 0.00800005 0.01116785
v -0.00341316 0.00681877 0.01116785
v -0.00385147 0.01028838 0.01116785
v -0.00455133 0.01125165 0.01116785
v -0.00546875 0.01201061 0.01116785
v -0.00654610 0.01251757 0.01116785
v -0.00771568 0.01274068 0.01116785
v -0.00890399 0.01266592 0.01116785
v -0.01003638 0.01229798 0.01116785
v -0.01104169 0.01165999 0.01116785
v -0.01185676 0.01079203 0.01116785
v -0.01243037 0.00974864 0.01116785
v -0.01272648 0.00859538 0.01116785
v -0.01272648 0.00740472 0.01116785
v -0.01243037 0.00625146 0.01116785
v -0.01185676 0.00520807 0.01116785
v -0.01104169 0.00434011 0.01116785
v -0.01003638 0.00370212 0.01116785
v -0.00890399 0.00333419 0.01116785
v -0.00771568 0.00325942 0.01116785
v -0.00654610 0.00348253 0.01116785
v -0.00455133 -0.01125155 0.01116785
v -0.00546875 -0.01201051 0.01116785
v -0.00385147 -0.01028828 0.01116785
v -0.00341316 -0.00681867 0.01116785
v -0.00326393 -0.00799995 0.01116785
v -0.00341316 -0.00918123 0.01116785
v -0.00385147 -0.00571162 0.01116785
v -0.00455133 -0.00474835 0.01116785
v -0.00546875 -0.00398939 0.01116785
v -0.00654610 -0.00348243 0.01116785
v -0.00771568 -0.00325932 0.01116785
v -0.00890399 -0.00333408 0.01116785
v -0.01003638 -0.00370202 0.01116785
v -0.01104169 -0.00434001 0.01116785
v -0.01185676 -0.00520797 0.01116785
v -0.01243037 -0.00625136 0.01116785
v -0.01272648 -0.00740462 0.01116785
v -0.01272648 -0.00859528 0.01116785
v -0.01243037 -0.00974854 0.01116785
v -0.01185676 -0.01079193 0.01116785
v -0.01104169 -0.01165989 0.01116785
v -0.01003638 -0.01229788 0.01116785
v -0.00890399 -0.01266581 0.01116785
v -0.00771568 -0.01274058 0.01116785
v -0.00654610 -0.01251747 0.01116785
v 0.00658607 0.00000005 -0.00958215
v 0.00654738 0.00071364 -0.00958215
v 0.00643177 0.00141886 -0.00958215
v 0.00624058 0.00210744 -0.00958215
v 0.00597607 0.00277132 -0.00958215
v 0.00564133 0.00340271 -0.00958215
v 0.00524028 0.00399420 -0.00958215
v 0.00477764 0.00453887 -0.00958215
v 0.00425882 0.00503032 -0.00958215
v 0.00368990 0.00546280 -0.00958215
v 0.00307757 0.00583123 -0.00958215
v 0.00242898 0.00613130 -0.00958215
v 0.00175176 0.00635948 -0.00958215
v 0.00105383 0.00651311 -0.00958215
v 0.00034339 0.00659037 -0.00958215
v -0.00037125 0.00659037 -0.00958215
v -0.00108169 0.00651311 -0.00958215
v -0.00177962 0.00635948 -0.00958215
v -0.00245684 0.00613130 -0.00958215
v -0.00310543 0.00583123 -0.00958215
v -0.00371776 0.00546280 -0.00958215
v -0.00428668 0.00503032 -0.00958215
v -0.00480550 0.00453887 -0.00958215
v -0.00526814 0.00399420 -0.00958215
v -0.00566919 0.00340271 -0.00958215
v -0.00600393 0.00277132 -0.00958215
v -0.00626844 0.00210744 -0.00958215
v -0.00645963 0.00141886 -0.00958215
v -0.00657524 0.00071364 -0.00958215
v -0.00661393 0.00000005 -0.00958215
v -0.00657524 -0.00071353 -0.00958215
v -0.00645963 -0.00141875 -0.00958215
v -0.00626844 -0.00210734 -0.00958215
v -0.00600393 -0.00277122 -0.00958215
v -0.00566919 -0.00340260 -0.00958215
v -0.00526814 -0.00399410 -0.00958215
v -0.00480550 -0.00453877 -0.00958215
v -0.00428668 -0.00503022 -0.00958215
v -0.00371776 -0.00546270 -0.00958215
v -0.00310543 -0.00583113 -0.00958215
v -0.00245684 -0.00613120 -0.00958215
v -0.00177962 -0.00635938 -0.00958215
v -0.00108169 -0.00651300 -0.00958215
v -0.00037125 -0.00659027 -0.00958215
v 0.00034339 -0.00659027 -0.00958215
v 0.00105383 -0.00651300 -0.00958215
v 0.00175176 -0.00635938 -0.00958215
v 0.00242898 -0.00613120 -0.00958215
v 0.00307757 -0.00583113 -0.00958215
v 0.00368990 -0.00546270 -0.00958215
v 0.00425882 -0.00503022 -0.00958215
v 0.00477764 -0.00453877 -0.00958215
v 0.00524028 -0.00399410 -0.00958215
v 0.00564133 -0.00340260 -0.00958215
v 0.00597607 -0.00277122 -0.00958215
v 0.00624058 -0.00210734 -0.00958215
v 0.00643177 -0.00141875 -0.00958215
v 0.00654738 -0.00071353 -0.00958215
v 0.00943320 -0.01245376 0.01141785
v 0.00828012 -0.01267372 0.01141785
v 0.00944864 -0.01250126 0.01129726
v 0.00826863 -0.01249107 0.01160087
v 0.00714285 -0.01242024 0.01160087
v 0.00712345 -0.01252196 0.01152141
v 0.00827513 -0.01259442 0.01152141
v 0.01052212 -0.01199612 0.01129726
v 0.00940865 -0.01237819 0.01152141
v 0.00826106 -0.01237072 0.01165082
v 0.00929939 -0.01204194 0.01166785
v 0.00825293 -0.01224156 0.01166785
v 0.00716545 -0.01230179 0.01165082
v 0.01049535 -0.01195395 0.01141785
v 0.00937665 -0.01227970 0.01160087
v 0.01143625 -0.01123988 0.01129726
v 0.01210255 -0.00694302 0.01166785
v 0.01223607 -0.00799995 0.01166785
v 0.01236548 -0.00799995 0.01165082
v 0.01045278 -0.01188686 0.01152141
v 0.00933938 -0.01216501 0.01165082
v 0.01026333 -0.01158834 0.01166785
v 0.01139984 -0.01120569 0.01141785
v 0.01039729 -0.01179942 0.01160087
v 0.01213360 -0.01028007 0.01129726
v 0.01134192 -0.01115130 0.01152141
v 0.01033268 -0.01169761 0.01165082
v 0.01108419 -0.01090927 0.01166785
v 0.01208983 -0.01025601 0.01141785
v 0.01126643 -0.01108041 0.01160087
v 0.01257034 -0.00917699 0.01129726
v 0.01271903 -0.00799995 0.01129726
v 0.01202019 -0.01021773 0.01152141
v 0.01117852 -0.01099786 0.01165082
v 0.01171037 -0.01004740 0.01166785
v 0.01252196 -0.00916457 0.01141785
v 0.01266908 -0.00799995 0.01141785
v 0.01258962 -0.00799995 0.01152141
v 0.01192945 -0.01016784 0.01160087
v 0.01244500 -0.00914481 0.01152141
v 0.01248607 -0.00799995 0.01160087
v 0.01182378 -0.01010975 0.01165082
v 0.01210255 -0.00905688 0.01166785
v 0.01234469 -0.00911905 0.01160087
v 0.01222789 -0.00908906 0.01165082
v 0.01257034 -0.00682291 0.01129726
v 0.01252196 -0.00683533 0.01141785
v 0.01213360 -0.00571983 0.01129726
v 0.01244500 -0.00685509 0.01152141
v 0.01208983 -0.00574389 0.01141785
v 0.01234469 -0.00688084 0.01160087
v 0.01143625 -0.00476001 0.01129726
v 0.01202019 -0.00578217 0.01152141
v 0.01222789 -0.00691083 0.01165082
v 0.01171037 -0.00595250 0.01166785
v 0.01139984 -0.00479421 0.01141785
v 0.01192945 -0.00583206 0.01160087
v 0.01052212 -0.00400378 0.01129726
v 0.01134192 -0.00484860 0.01152141
v 0.01182378 -0.00589015 0.01165082
v 0.01108419 -0.00509062 0.01166785
v 0.01049535 -0.00404595 0.01141785
v 0.01126643 -0.00491949 0.01160087
v 0.00944864 -0.00349863 0.01129726
v 0.01045278 -0.00411304 0.01152141
v 0.00943320 -0.00354614 0.01141785
v 0.01117852 -0.00500204 0.01165082
v 0.01026333 -0.00441156 0.01166785
v 0.01039729 -0.00420047 0.01160087
v 0.00828326 -0.00327633 0.01129726
v 0.00940865 -0.00362171 0.01152141
v 0.01033268 -0.00430229 0.01165082
v 0.00929939 -0.00395796 0.01166785
v 0.00828012 -0.00332618 0.01141785
v 0.00937665 -0.00372019 0.01160087
v 0.00709920 -0.00335082 0.01129726
v 0.00827513 -0.00340548 0.01152141
v 0.00710856 -0.00339989 0.01141785
v 0.00933938 -0.00383488 0.01165082
v 0.00825293 -0.00375834 0.01166785
v 0.00597087 -0.00371744 0.01129726
v 0.00826863 -0.00350883 0.01160087
v 0.00712345 -0.00347794 0.01152141
v 0.00826106 -0.00362918 0.01165082
v 0.00718970 -0.00382523 0.01166785
v 0.00599214 -0.00376263 0.01141785
v 0.00714285 -0.00357966 0.01160087
v 0.00496917 -0.00435314 0.01129726
v 0.00602597 -0.00383453 0.01152141
v 0.00716545 -0.00369811 0.01165082
v 0.00617651 -0.00415443 0.01166785
v 0.00500100 -0.00439163 0.01141785
v 0.00607006 -0.00392823 0.01160087
v 0.00415702 -0.00521798 0.01129726
v 0.00505165 -0.00445285 0.01152141
v 0.00612141 -0.00403734 0.01165082
v 0.00527702 -0.00472527 0.01166785
v 0.00419743 -0.00524734 0.01141785
v 0.00511766 -0.00453264 0.01160087
v 0.00358547 -0.00625763 0.01129726
v 0.00426172 -0.00529405 0.01152141
v 0.00519453 -0.00462556 0.01165082
v 0.00454775 -0.00550186 0.01166785
v 0.00363192 -0.00627602 0.01141785
v 0.00434549 -0.00535492 0.01160087
v 0.00329043 -0.00740675 0.01129726
v 0.00370579 -0.00630527 0.01152141
v 0.00444305 -0.00542580 0.01165082
v 0.00403452 -0.00643542 0.01166785
v 0.00333998 -0.00741301 0.01141785
v 0.00380208 -0.00634339 0.01160087
v 0.00329043 -0.00859315 0.01129726
v 0.00341882 -0.00742297 0.01152141
v 0.00391420 -0.00638778 0.01165082
v 0.00376958 -0.00746728 0.01166785
v 0.00333998 -0.00858689 0.01141785
v 0.00352155 -0.00743595 0.01160087
v 0.00358547 -0.00974227 0.01129726
v 0.00341882 -0.00857693 0.01152141
v 0.00364119 -0.00745106 0.01165082
v 0.00376958 -0.00853262 0.01166785
v 0.00363192 -0.00972388 0.01141785
v 0.00352155 -0.00856395 0.01160087
v 0.00415702 -0.01078191 0.01129726
v 0.00370579 -0.00969463 0.01152141
v 0.00364119 -0.00854883 0.01165082
v 0.00403452 -0.00956448 0.01166785
v 0.00419743 -0.01075255 0.01141785
v 0.00380208 -0.00965651 0.01160087
v 0.00496917 -0.01164676 0.01129726
v 0.00426172 -0.01070585 0.01152141
v 0.00391420 -0.00961212 0.01165082
v 0.00454775 -0.01049804 0.01166785
v 0.00500100 -0.01160827 0.01141785
v 0.00434549 -0.01064498 0.01160087
v 0.00597087 -0.01228246 0.01129726
v 0.00505165 -0.01154705 0.01152141
v 0.00444305 -0.01057410 0.01165082
v 0.00527702 -0.01127463 0.01166785
v 0.00599214 -0.01223727 0.01141785
v 0.00511766 -0.01146726 0.01160087
v 0.00709920 -0.01264908 0.01129726
v 0.00602597 -0.01216537 0.01152141
v 0.00519453 -0.01137434 0.01165082
v 0.00617651 -0.01184546 0.01166785
v 0.00710856 -0.01260001 0.01141785
v 0.00607006 -0.01207167 0.01160087
v 0.00828326 -0.01272357 0.01129726
v 0.00612141 -0.01196256 0.01165082
v 0.00718970 -0.01217467 0.01166785
v 0.00943320 0.00354624 0.01141785
v 0.00828012 0.00332628 0.01141785
v 0.00944864 0.00349874 0.01129726
v 0.00826863 0.00350893 0.01160087
v 0.00714285 0.00357976 0.01160087
v 0.00712345 0.00347804 0.01152141
v 0.00827513 0.00340558 0.01152141
v 0.01052212 0.00400388 0.01129726
v 0.00940865 0.00362181 0.01152141
v 0.00826106 0.00362928 0.01165082
v 0.00929939 0.00395806 0.01166785
v 0.00825293 0.00375844 0.01166785
v 0.00716545 0.00369821 0.01165082
v 0.01049535 0.00404605 0.01141785
v 0.00937665 0.00372030 0.01160087
v 0.01143625 0.00476011 0.01129726
v 0.01210255 0.00905698 0.01166785
v 0.01223607 0.00800005 0.01166785
v 0.01236548 0.00800005 0.01165082
v 0.01045278 0.00411314 0.01152141
v 0.00933938 0.00383499 0.01165082
v 0.01026333 0.00441166 0.01166785
v 0.01139984 0.00479431 0.01141785
v 0.01039729 0.00420058 0.01160087
v 0.01213360 0.00571993 0.01129726
v 0.01134192 0.00484870 0.01152141
v 0.01033268 0.00430239 0.01165082
v 0.01108419 0.00509073 0.01166785
v 0.01208983 0.00574399 0.01141785
v 0.01126643 0.00491959 0.01160087
v 0.01257034 0.00682301 0.01129726
v 0.01271903 0.00800005 0.01129726
v 0.01202019 0.00578227 0.01152141
v 0.01117852 0.00500214 0.01165082
v 0.01171037 0.00595260 0.01166785
v 0.01252196 0.00683543 0.01141785
v 0.01266908 0.00800005 0.01141785
v 0.01258962 0.00800005 0.01152141
v 0.01192945 0.00583216 0.01160087
v 0.01244500 0.00685519 0.01152141
v 0.01248607 0.00800005 0.01160087
v 0.01182378 0.00589025 0.01165082
v 0.01210255 0.00694312 0.01166785
v 0.01234469 0.00688095 0.01160087
v 0.01222789 0.00691094 0.01165082
v 0.01257034 0.00917709 0.01129726
v 0.01252196 0.00916467 0.01141785
v 0.01213360 0.01028017 0.01129726
v 0.01244500 0.00914491 0.01152141
v 0.01208983 0.01025611 0.01141785
v 0.01234469 0.00911916 0.01160087
v 0.01143625 0.01123999 0.01129726
v 0.01202019 0.01021783 0.01152141
v 0.01222789 0.00908917 0.01165082
v 0.01171037 0.01004750 0.01166785
v 0.01139984 0.01120579 0.01141785
v 0.01192945 0.01016794 0.01160087
v 0.01052212 0.01199622 0.01129726
v 0.01134192 0.01115140 0.01152141
v 0.01182378 0.01010985 0.01165082
v 0.01108419 0.01090938 0.01166785
v 0.01049535 0.01195405 0.01141785
v 0.01126643 0.01108051 0.01160087
v 0.00944864 0.01250137 0.01129726
v 0.01045278 0.01188696 0.01152141
v 0.00943320 0.01245386 0.01141785
v 0.01117852 0.01099796 0.01165082
v 0.01026333 0.01158845 0.01166785
v 0.01039729 0.01179953 0.01160087
v 0.00828326 0.01272367 0.01129726
v 0.00940865 0.01237829 0.01152141
v 0.01033268 0.01169771 0.01165082
v 0.00929939 0.01204204 0.01166785
v 0.00828012 0.01267382 0.01141785
v 0.00937665 0.01227981 0.01160087
v 0.00709920 0.01264918 0.01129726
v 0.00827513 0.01259452 0.01152141
v 0.00710856 0.01260011 0.01141785
v 0.00933938 0.01216512 0.01165082
v 0.00825293 0.01224166 0.01166785
v 0.00597087 0.01228256 0.01129726
v 0.00826863 0.01249117 0.01160087
v 0.00712345 0.01252206 0.01152141
v 0.00826106 0.01237082 0.01165082
v 0.00718970 0.01217477 0.01166785
v 0.00599214 0.01223737 0.01141785
v 0.00714285 0.01242034 0.01160087
v 0.00496917 0.01164686 0.01129726
v 0.00602597 0.01216547 0.01152141
v 0.00716545 0.01230189 0.01165082
v 0.00617651 0.01184557 0.01166785
v 0.00500100 0.01160838 0.01141785
v 0.00607006 0.01207177 0.01160087
v 0.00415702 0.01078202 0.01129726
v 0.00505165 0.01154715 0.01152141
v 0.00612141 0.01196266 0.01165082
v 0.00527702 0.01127473 0.01166785
v 0.00419743 0.01075266 0.01141785
v 0.00511766 0.01146736 0.01160087
v 0.00358547 0.00974237 0.01129726
v 0.00426172 0.01070595 0.01152141
v 0.00519453 0.01137444 0.01165082
v 0.00454775 0.01049814 0.01166785
v 0.00363192 0.00972398 0.01141785
v 0.00434549 0.01064508 0.01160087
v 0.00329043 0.00859325 0.01129726
v 0.00370579 0.00969473 0.01152141
v 0.00444305 0.01057420 0.01165082
v 0.00403452 0.00956458 0.01166785
v 0.00333998 0.00858699 0.01141785
v 0.00380208 0.00965661 0.01160087
v 0.00329043 0.00740685 0.01129726
v 0.00341882 0.00857703 0.01152141
v 0.00391420 0.00961222 0.01165082
v 0.00376958 0.00853272 0.01166785
v 0.00333998 0.00741311 0.01141785
v 0.00352155 0.00856405 0.01160087
v 0.00358547 0.00625773 0.01129726
v 0.00341882 0.00742307 0.01152141
v 0.00364119 0.00854894 0.01165082
v 0.00376958 0.00746738 0.01166785
v 0.00363192 0.00627612 0.01141785
v 0.00352155 0.00743605 0.01160087
v 0.00415702 0.00521809 0.01129726
v 0.00370579 0.00630537 0.01152141
v 0.00364119 0.00745117 0.01165082
v 0.00403452 0.00643552 0.01166785
v 0.00419743 0.00524745 0.01141785
v 0.00380208 0.00634349 0.01160087
v 0.00496917 0.00435324 0.01129726
v 0.00426172 0.00529415 0.01152141
v 0.00391420 0.00638788 0.01165082
v 0.00454775 0.00550196 0.01166785
v 0.00500100 0.00439173 0.01141785
v 0.00434549 0.00535502 0.01160087
v 0.00597087 0.00371754 0.01129726
v 0.00505165 0.00445295 0.01152141
v 0.00444305 0.00542590 0.01165082
v 0.00527702 0.00472537 0.01166785
v 0.00599214 0.00376273 0.01141785
v 0.00511766 0.00453274 0.01160087
v 0.00709920 0.00335092 0.01129726
v 0.00602597 0.00383463 0.01152141
v 0.00519453 0.00462566 0.01165082
v 0.00617651 0.00415454 0.01166785
v 0.00710856 0.00339999 0.01141785
v 0.00607006 0.00392833 0.01160087
v 0.00828326 0.00327643 0.01129726
v 0.00612141 0.00403744 0.01165082
v 0.00718970 0.00382533 0.01166785
v -0.00656680 0.00354624 0.01141785
v -0.00771988 0.00332628 0.01141785
v -0.00655136 0.00349874 0.01129726
v -0.00773137 0.00350893 0.01160087
v -0.00885715 0.00357976 0.01160087
v -0.00887655 0.00347804 0.01152141
v -0.00772487 0.00340558 0.01152141
v -0.00547788 0.00400388 0.01129726
v -0.00659135 0.00362181 0.01152141
v -0.00773894 0.00362928 0.01165082
v -0.00670061 0.00395806 0.01166785
v -0.00774707 0.00375844 0.01166785
v -0.00883455 0.00369821 0.01165082
v -0.00550465 0.00404605 0.01141785
v -0.00662335 0.00372030 0.01160087
v -0.00456375 0.00476011 0.01129726
v -0.00389745 0.00905698 0.01166785
v -0.00376393 0.00800005 0.01166785
v -0.00363452 0.00800005 0.01165082
v -0.00554722 0.00411314 0.01152141
v -0.00666062 0.00383499 0.01165082
v -0.00573667 0.00441166 0.01166785
v -0.00460016 0.00479431 0.01141785
v -0.00560271 0.00420058 0.01160087
v -0.00386640 0.00571993 0.01129726
v -0.00465808 0.00484870 0.01152141
v -0.00566732 0.00430239 0.01165082
v -0.00491581 0.00509073 0.01166785
v -0.00391018 0.00574399 0.01141785
v -0.00473357 0.00491959 0.01160087
v -0.00342966 0.00682301 0.01129726
v -0.00328097 0.00800005 0.01129726
v -0.00397981 0.00578227 0.01152141
v -0.00482148 0.00500214 0.01165082
v -0.00428963 0.00595260 0.01166785
v -0.00347804 0.00683543 0.01141785
v -0.00333092 0.00800005 0.01141785
v -0.00341038 0.00800005 0.01152141
v -0.00407055 0.00583216 0.01160087
v -0.00355501 0.00685519 0.01152141
v -0.00351393 0.00800005 0.01160087
v -0.00417622 0.00589025 0.01165082
v -0.00389745 0.00694312 0.01166785
v -0.00365531 0.00688095 0.01160087
v -0.00377211 0.00691094 0.01165082
v -0.00342966 0.00917709 0.01129726
v -0.00347804 0.00916467 0.01141785
v -0.00386640 0.01028017 0.01129726
v -0.00355501 0.00914491 0.01152141
v -0.00391018 0.01025611 0.01141785
v -0.00365531 0.00911916 0.01160087
v -0.00456375 0.01123999 0.01129726
v -0.00397981 0.01021783 0.01152141
v -0.00377211 0.00908917 0.01165082
v -0.00428963 0.01004750 0.01166785
v -0.00460016 0.01120579 0.01141785
v -0.00407055 0.01016794 0.01160087
v -0.00547788 0.01199622 0.01129726
v -0.00465808 0.01115140 0.01152141
v -0.00417622 0.01010985 0.01165082
v -0.00491581 0.01090938 0.01166785
v -0.00550465 0.01195405 0.01141785
v -0.00473357 0.01108051 0.01160087
v -0.00655136 0.01250137 0.01129726
v -0.00554722 0.01188696 0.01152141
v -0.00656680 0.01245386 0.01141785
v -0.00482148 0.01099796 0.01165082
v -0.00573667 0.01158845 0.01166785
v -0.00560271 0.01179953 0.01160087
v -0.00771675 0.01272367 0.01129726
v -0.00659135 0.01237829 0.01152141
v -0.00566732 0.01169771 0.01165082
v -0.00670061 0.01204204 0.01166785
v -0.00771988 0.01267382 0.01141785
v -0.00662335 0.01227981 0.01160087
v -0.00890080 0.01264918 0.01129726
v -0.00772487 0.01259452 0.01152141
v -0.00889144 0.01260011 0.01141785
v -0.00666062 0.01216512 0.01165082
v -0.00774707 0.01224166 0.01166785
v -0.01002913 0.01228256 0.01129726
v -0.00773137 0.01249117 0.01160087
v -0.00887655 0.01252206 0.01152141
v -0.00773894 0.01237082 0.01165082
v -0.00881030 0.01217477 0.01166785
v -0.01000786 0.01223737 0.01141785
v -0.00885715 0.01242034 0.01160087
v -0.01103083 0.01164686 0.01129726
v -0.00997403 0.01216547 0.01152141
v -0.00883455 0.01230189 0.01165082
v -0.00982349 0.01184557 0.01166785
v -0.01099899 0.01160838 0.01141785
v -0.00992994 0.01207177 0.01160087
v -0.01184298 0.01078202 0.01129726
v -0.01094835 0.01154715 0.01152141
v -0.00987859 0.01196266 0.01165082
v -0.01072298 0.01127473 0.01166785
v -0.01180257 0.01075266 0.01141785
v -0.01088234 0.01146736 0.01160087
v -0.01241453 0.00974237 0.01129726
v -0.01173828 0.01070595 0.01152141
v -0.01080547 0.01137444 0.01165082
v -0.01145225 0.01049814 0.01166785
v -0.01236809 0.00972398 0.01141785
v -0.01165451 0.01064508 0.01160087
v -0.01270957 0.00859325 0.01129726
v -0.01229421 0.00969473 0.01152141
v -0.01155695 0.01057420 0.01165082
v -0.01196548 0.00956458 0.01166785
v -0.01266002 0.00858699 0.01141785
v -0.01219792 0.00965661 0.01160087
v -0.01270957 0.00740685 0.01129726
v -0.01258118 0.00857703 0.01152141
v -0.01208580 0.00961222 0.01165082
v -0.01223042 0.00853272 0.01166785
v -0.01266002 0.00741311 0.01141785
v -0.01247845 0.00856405 0.01160087
v -0.01241453 0.00625773 0.01129726
v -0.01258118 0.00742307 0.01152141
v -0.01235881 0.00854894 0.01165082
v -0.01223042 0.00746738 0.01166785
v -0.01236809 0.00627612 0.01141785
v -0.01247845 0.00743605 0.01160087
v -0.01184298 0.00521809 0.01129726
v -0.01229421 0.00630537 0.01152141
v -0.01235881 0.00745117 0.01165082
v -0.01196548 0.00643552 0.01166785
v -0.01180257 0.00524745 0.01141785
v -0.01219792 0.00634349 0.01160087
v -0.01103083 0.00435324 0.01129726
v -0.01173828 0.00529415 0.01152141
v -0.01208580 0.00638788 0.01165082
v -0.01145225 0.00550196 0.01166785
v -0.01099899 0.00439173 0.01141785
v -0.01165451 0.00535502 0.01160087
v -0.01002913 0.00371754 0.01129726
v -0.01094835 0.00445295 0.01152141
v -0.01155695 0.00542590 0.01165082
v -0.01072298 0.00472537 0.01166785
v -0.01000786 0.00376273 0.01141785
v -0.01088234 0.00453274 0.01160087
v -0.00890080 0.00335092 0.01129726
v -0.00997403 0.00383463 0.01152141
v -0.01080547 0.00462566 0.01165082
v -0.00982349 0.00415454 0.01166785
v -0.00889144 0.00339999 0.01141785
v -0.00992994 0.00392833 0.01160087
v -0.00771675 0.00327643 0.01129726
v -0.00987859 0.00403744 0.01165082
v -0.00881030 0.00382533 0.01166785
v -0.00656680 -0.01245376 0.01141785
v -0.00771988 -0.01267372 0.01141785
v -0.00655136 -0.01250126 0.01129726
v -0.00773137 -0.01249107 0.01160087
v -0.00885715 -0.01242024 0.01160087
v -0.00887655 -0.01252196 0.01152141
v -0.00772487 -0.01259442 0.01152141
v -0.00547788 -0.01199612 0.01129726
v -0.00659135 -0.01237819 0.01152141
v -0.00773894 -0.01237072 0.01165082
v -0.00670061 -0.01204194 0.01166785
v -0.00774707 -0.01224156 0.01166785
v -0.00883455 -0.01230179 0.01165082
v -0.00550465 -0.01195395 0.01141785
v -0.00662335 -0.01227970 0.01160087
v -0.00456375 -0.01123988 0.01129726
v -0.00389745 -0.00694302 0.01166785
v -0.00376393 -0.00799995 0.01166785
v -0.00363452 -0.00799995 0.01165082
v -0.00554722 -0.01188686 0.01152141
v -0.00666062 -0.01216501 0.01165082
v -0.00573667 -0.01158834 0.01166785
v -0.00460016 -0.01120569 0.01141785
v -0.00560271 -0.01179942 0.01160087
v -0.00386640 -0.01028007 0.01129726
v -0.00465808 -0.01115130 0.01152141
v -0.00566732 -0.01169761 0.01165082
v -0.00491581 -0.01090927 0.01166785
v -0.00391018 -0.01025601 0.01141785
v -0.00473357 -0.01108041 0.01160087
v -0.00342966 -0.00917699 0.01129726
v -0.00328097 -0.00799995 0.01129726
v -0.00397981 -0.01021773 0.01152141
v -0.00482148 -0.01099786 0.01165082
v -0.00428963 -0.01004740 0.01166785
v -0.00347804 -0.00916457 0.01141785
v -0.00333092 -0.00799995 0.01141785
v -0.00341038 -0.00799995 0.01152141
v -0.00407055 -0.01016784 0.01160087
v -0.00355501 -0.00914481 0.01152141
v -0.00351393 -0.00799995 0.01160087
v -0.00417622 -0.01010975 0.01165082
v -0.00389745 -0.00905688 0.01166785
v -0.00365531 -0.00911905 0.01160087
v -0.00377211 -0.00908906 0.01165082
v -0.00342966 -0.00682291 0.01129726
v -0.00347804 -0.00683533 0.01141785
v -0.00386640 -0.00571983 0.01129726
v -0.00355501 -0.00685509 0.01152141
v -0.00391018 -0.00574389 0.01141785
v -0.00365531 -0.00688084 0.01160087
v -0.00456375 -0.00476001 0.01129726
v -0.00397981 -0.00578217 0.01152141
v -0.00377211 -0.00691083 0.01165082
v -0.00428963 -0.00595250 0.01166785
v -0.00460016 -0.00479421 0.01141785
v -0.00407055 -0.00583206 0.01160087
v -0.00547788 -0.00400378 0.01129726
v -0.00465808 -0.00484860 0.01152141
v -0.00417622 -0.00589015 0.01165082
v -0.00491581 -0.00509062 0.01166785
v -0.00550465 -0.00404595 0.01141785
v -0.00473357 -0.00491949 0.01160087
v -0.00655136 -0.00349863 0.01129726
v -0.00554722 -0.00411304 0.01152141
v -0.00656680 -0.00354614 0.01141785
v -0.00482148 -0.00500204 0.01165082
v -0.00573667 -0.00441156 0.01166785
v -0.00560271 -0.00420047 0.01160087
v -0.00771675 -0.00327633 0.01129726
v -0.00659135 -0.00362171 0.01152141
v -0.00566732 -0.00430229 0.01165082
v -0.00670061 -0.00395796 0.01166785
v -0.00771988 -0.00332618 0.01141785
v -0.00662335 -0.00372019 0.01160087
v -0.00890080 -0.00335082 0.01129726
v -0.00772487 -0.00340548 0.01152141
v -0.00889144 -0.00339989 0.01141785
v -0.00666062 -0.00383488 0.01165082
v -0.00774707 -0.00375834 0.01166785
v -0.01002913 -0.00371744 0.01129726
v -0.00773137 -0.00350883 0.01160087
v -0.00887655 -0.00347794 0.01152141
v -0.00773894 -0.00362918 0.01165082
v -0.00881030 -0.00382523 0.01166785
v -0.01000786 -0.00376263 0.01141785
v -0.00885715 -0.00357966 0.01160087
v -0.01103083 -0.00435314 0.01129726
v -0.00997403 -0.00383453 0.01152141
v -0.00883455 -0.00369811 0.01165082
v -0.00982349 -0.00415443 0.01166785
v -0.01099899 -0.00439163 0.01141785
v -0.00992994 -0.00392823 0.01160087
v -0.01184298 -0.00521798 0.01129726
v -0.01094835 -0.00445285 0.01152141
v -0.00987859 -0.00403734 0.01165082
v -0.01072298 -0.00472527 0.01166785
v -0.01180257 -0.00524734 0.01141785
v -0.01088234 -0.00453264 0.01160087
v -0.01241453 -0.00625763 0.01129726
v -0.01173828 -0.00529405 0.01152141
v -0.01080547 -0.00462556 0.01165082
v -0.01145225 -0.00550186 0.01166785
v -0.01236809 -0.00627602 0.01141785
v -0.01165451 -0.00535492 0.01160087
v -0.01270957 -0.00740675 0.01129726
v -0.01229421 -0.00630527 0.01152141
v -0.01155695 -0.00542580 0.01165082
v -0.01196548 -0.00643542 0.01166785
v -0.01266002 -0.00741301 0.01141785
v -0.01219792 -0.00634339 0.01160087
v -0.01270957 -0.00859315 0.01129726
v -0.01258118 -0.00742297 0.01152141
v -0.01208580 -0.00638778 0.01165082
v -0.01223042 -0.00746728 0.01166785
v -0.01266002 -0.00858689 0.01141785
v -0.01247845 -0.00743595 0.01160087
v -0.01241453 -0.00974227 0.01129726
v -0.01258118 -0.00857693 0.01152141
v -0.01235881 -0.00745106 0.01165082
v -0.01223042 -0.00853262 0.01166785
v -0.01236809 -0.00972388 0.01141785
v -0.01247845 -0.00856395 0.01160087
v -0.01184298 -0.01078191 0.01129726
v -0.01229421 -0.00969463 0.01152141
v -0.01235881 -0.00854883 0.01165082
v -0.01196548 -0.00956448 0.01166785
v -0.01180257 -0.01075255 0.01141785
v -0.01219792 -0.00965651 0.01160087
v -0.01103083 -0.01164676 0.01129726
v -0.01173828 -0.01070585 0.01152141
v -0.01208580 -0.00961212 0.01165082
v -0.01145225 -0.01049804 0.01166785
v -0.01099899 -0.01160827 0.01141785
v -0.01165451 -0.01064498 0.01160087
v -0.01002913 -0.01228246 0.01129726
v -0.01094835 -0.01154705 0.01152141
v -0.01155695 -0.01057410 0.01165082
v -0.01072298 -0.01127463 0.01166785
v -0.01000786 -0.01223727 0.01141785
v -0.01088234 -0.01146726 0.01160087
v -0.00890080 -0.01264908 0.01129726
v -0.00997403 -0.01216537 0.01152141
v -0.01080547 -0.01137434 0.01165082
v -0.00982349 -0.01184546 0.01166785
v -0.00889144 -0.01260001 0.01141785
v -0.00992994 -0.01207167 0.01160087
v -0.00771675 -0.01272357 0.01129726
v -0.00987859 -0.01196256 0.01165082
v -0.00881030 -0.01217467 0.01166785
v 0.00547853 0.00328530 -0.00958215
v 0.00362769 0.00526299 -0.00958215
v 0.00376040 0.00400061 -0.00958215
v 0.00327044 0.00441173 -0.00958215
v 0.00475464 0.00426862 -0.00958215
v -0.00428250 -0.00476852 -0.00958215
v -0.00639437 -0.00049995 -0.00958215
v -0.00620875 -0.00160751 -0.00958215
v -0.00583238 -0.00266558 -0.00958215
v -0.00527687 -0.00364157 -0.00958215
v -0.00051393 0.00638049 -0.00958215
v -0.00162149 0.00619487 -0.00958215
v -0.00267956 0.00581851 -0.00958215
v -0.00365555 0.00526299 -0.00958215
v -0.00096899 0.00541649 -0.00958215
v -0.00146582 0.00561539 -0.00958215
v -0.00051393 0.00577846 -0.00958215
v -0.00478250 0.00426862 -0.00958215
v -0.00550639 0.00328530 -0.00958215
v -0.00603036 0.00218239 -0.00958215
v -0.00633532 0.00100005 -0.00958215
v -0.00492891 0.00246845 -0.00958215
v -0.00544826 0.00202688 -0.00958215
v -0.00498657 0.00298550 -0.00958215
v -0.00536568 0.00126844 -0.00958215
v -0.00572707 0.00100005 -0.00958215
v -0.00315400 -0.00557668 -0.00958215
v -0.00187780 -0.00612253 -0.00958215
v -0.00051393 -0.00638039 -0.00958215
v -0.00329830 -0.00441163 -0.00958215
v -0.00285399 -0.00505703 -0.00958215
v -0.00385752 -0.00434354 -0.00958215
v -0.00219237 -0.00505014 -0.00958215
v -0.00172246 -0.00554259 -0.00958215
v -0.00096899 -0.00541639 -0.00958215
v -0.00051393 -0.00577836 -0.00958215
v 0.00524901 -0.00364157 -0.00958215
v 0.00580452 -0.00266558 -0.00958215
v 0.00618088 -0.00160751 -0.00958215
v 0.00636651 -0.00049995 -0.00958215
v 0.00630746 0.00100005 -0.00958215
v 0.00600250 0.00218239 -0.00958215
v 0.00533782 0.00126844 -0.00958215
v 0.00542040 0.00202688 -0.00958215
v 0.00569921 0.00100005 -0.00958215
v 0.00490105 0.00246845 -0.00958215
v 0.00495871 0.00298550 -0.00958215
v 0.00280338 0.00574659 -0.00958215
v 0.00191625 0.00610205 -0.00958215
v 0.00098607 0.00632144 -0.00958215
v 0.00098607 -0.00632134 -0.00958215
v 0.00216841 -0.00601638 -0.00958215
v 0.00327132 -0.00549241 -0.00958215
v 0.00425464 -0.00476852 -0.00958215
v 0.00156349 -0.00526889 -0.00958215
v 0.00201290 -0.00543428 -0.00958215
v 0.00098607 -0.00571309 -0.00958215
v 0.00327044 -0.00441163 -0.00958215
v 0.00382966 -0.00434354 -0.00958215
v 0.00297152 -0.00497259 -0.00958215
v -0.00422717 -0.00353528 -0.00958215
v -0.00378826 -0.00400050 -0.00958215
v -0.00484489 -0.00320959 -0.00958215
v -0.00460911 -0.00302225 -0.00958215
v -0.00276393 -0.00476309 -0.00958215
v -0.00492891 -0.00246834 -0.00958215
v -0.00531051 -0.00236348 -0.00958215
v -0.00518224 -0.00188106 -0.00958215
v -0.00562927 -0.00145184 -0.00958215
v -0.00159135 -0.00526889 -0.00958215
v -0.00536568 -0.00126834 -0.00958215
v -0.00579234 -0.00049995 -0.00958215
v -0.00547674 -0.00063846 -0.00958215
v -0.00033373 -0.00549064 -0.00958215
v -0.00551393 0.00000005 -0.00958215
v 0.00030587 -0.00549064 -0.00958215
v -0.00547674 0.00063856 -0.00958215
v 0.00094113 -0.00541639 -0.00958215
v -0.00518224 0.00188116 -0.00958215
v 0.00216451 -0.00505014 -0.00958215
v 0.00273607 -0.00476309 -0.00958215
v -0.00460911 0.00302235 -0.00958215
v -0.00422717 0.00353538 -0.00958215
v -0.00435752 0.00384364 -0.00958215
v 0.00376040 -0.00400050 -0.00958215
v -0.00378826 0.00400061 -0.00958215
v 0.00419931 -0.00353528 -0.00958215
v -0.00329830 0.00441173 -0.00958215
v 0.00458125 -0.00302225 -0.00958215
v 0.00481703 -0.00320959 -0.00958215
v -0.00322357 0.00483101 -0.00958215
v -0.00276393 0.00476319 -0.00958215
v 0.00490105 -0.00246834 -0.00958215
v 0.00528265 -0.00236348 -0.00958215
v -0.00219237 0.00505024 -0.00958215
v -0.00237746 0.00529663 -0.00958215
v 0.00515438 -0.00188106 -0.00958215
v -0.00159135 0.00526899 -0.00958215
v 0.00560141 -0.00145184 -0.00958215
v 0.00533782 -0.00126834 -0.00958215
v 0.00544888 -0.00063846 -0.00958215
v 0.00576448 -0.00049995 -0.00958215
v -0.00033373 0.00549075 -0.00958215
v 0.00548607 0.00000005 -0.00958215
v 0.00030587 0.00549075 -0.00958215
v 0.00544888 0.00063856 -0.00958215
v 0.00094113 0.00541649 -0.00958215
v 0.00098607 0.00571319 -0.00958215
v 0.00156349 0.00526899 -0.00958215
v 0.00216451 0.00505024 -0.00958215
v 0.00176090 0.00552182 -0.00958215
v 0.00515438 0.00188116 -0.00958215
v 0.00273607 0.00476319 -0.00958215
v 0.00250213 0.00522589 -0.00958215
v 0.00458125 0.00302235 -0.00958215
v 0.00319571 0.00483101 -0.00958215
v 0.00419931 0.00353538 -0.00958215
v 0.00432966 0.00384364 -0.00958215
v 0.00411682 -0.00848875 0.01166785
v 0.00411682 -0.00751115 0.01166785
v 0.01082905 -0.01066968 0.01166785
v 0.01007579 -0.01129283 0.01166785
v 0.00823095 -0.00410764 0.01166785
v 0.00725528 -0.00416903 0.01166785
v 0.01140367 -0.00987879 0.01166785
v 0.00919124 -0.01170907 0.01166785
v 0.01176354 -0.00896984 0.01166785
v 0.00435994 -0.00656426 0.01166785
v 0.00632553 -0.00447112 0.01166785
v 0.00550012 -0.00499495 0.01166785
v 0.00483090 -0.00570759 0.01166785
v 0.00823095 -0.01189225 0.01166785
v 0.01188607 -0.00799995 0.01166785
v 0.00725528 -0.01183087 0.01166785
v 0.01176354 -0.00703006 0.01166785
v 0.00632553 -0.01152877 0.01166785
v 0.01140367 -0.00612111 0.01166785
v 0.00550012 -0.01100495 0.01166785
v 0.01082905 -0.00533021 0.01166785
v 0.00483090 -0.01029231 0.01166785
v 0.01007579 -0.00470707 0.01166785
v 0.00435994 -0.00943563 0.01166785
v 0.00919124 -0.00429083 0.01166785
v 0.00411682 0.00751125 0.01166785
v 0.00411682 0.00848885 0.01166785
v 0.00823095 0.01189235 0.01166785
v 0.00725528 0.01183097 0.01166785
v 0.01082905 0.00533032 0.01166785
v 0.01007579 0.00470717 0.01166785
v 0.01140367 0.00612121 0.01166785
v 0.00435994 0.00943574 0.01166785
v 0.00919124 0.00429093 0.01166785
v 0.00632553 0.01152888 0.01166785
v 0.00550012 0.01100505 0.01166785
v 0.01176354 0.00703016 0.01166785
v 0.00483090 0.01029241 0.01166785
v 0.00823095 0.00410775 0.01166785
v 0.01188607 0.00800005 0.01166785
v 0.00725528 0.00416913 0.01166785
v 0.01176354 0.00896994 0.01166785
v 0.00632553 0.00447123 0.01166785
v 0.01140367 0.00987889 0.01166785
v 0.00550012 0.00499505 0.01166785
v 0.01082905 0.01066978 0.01166785
v 0.00483090 0.00570769 0.01166785
v 0.01007579 0.01129293 0.01166785
v 0.00435994 0.00656436 0.01166785
v 0.00919124 0.01170917 0.01166785
v -0.01188318 0.00848885 0.01166785
v -0.00776905 0.01189235 0.01166785
v -0.00874472 0.01183097 0.01166785
v -0.00517095 0.00533032 0.01166785
v -0.00592421 0.00470717 0.01166785
v -0.00459633 0.00612121 0.01166785
v -0.00680876 0.00429093 0.01166785
v -0.01164006 0.00943574 0.01166785
v -0.00967447 0.01152888 0.01166785
v -0.00423646 0.00703016 0.01166785
v -0.01116910 0.01029241 0.01166785
v -0.01049988 0.01100505 0.01166785
v -0.00776905 0.00410775 0.01166785
v -0.00411393 0.00800005 0.01166785
v -0.00874472 0.00416913 0.01166785
v -0.00423646 0.00896994 0.01166785
v -0.00967447 0.00447123 0.01166785
v -0.00459633 0.00987889 0.01166785
v -0.01049988 0.00499505 0.01166785
v -0.00517095 0.01066978 0.01166785
v -0.01116910 0.00570769 0.01166785
v -0.00592421 0.01129293 0.01166785
v -0.01164006 0.00656436 0.01166785
v -0.00680876 0.01170917 0.01166785
v -0.01188318 0.00751125 0.01166785
v -0.01188318 -0.00848875 0.01166785
v -0.01188318 -0.00751115 0.01166785
v -0.00776905 -0.00410764 0.01166785
v -0.00874472 -0.00416903 0.01166785
v -0.00517095 -0.01066968 0.01166785
v -0.00592421 -0.01129283 0.01166785
v -0.01164006 -0.00656426 0.01166785
v -0.00459633 -0.00987879 0.01166785
v -0.00680876 -0.01170907 0.01166785
v -0.00423646 -0.00896984 0.01166785
v -0.00967447 -0.00447112 0.01166785
v -0.01116910 -0.00570759 0.01166785
v -0.01049988 -0.00499495 0.01166785
v -0.00776905 -0.01189225 0.01166785
v -0.00411393 -0.00799995 0.01166785
v -0.00874472 -0.01183087 0.01166785
v -0.00423646 -0.00703006 0.01166785
v -0.00967447 -0.01152877 0.01166785
v -0.00459633 -0.00612111 0.01166785
v -0.01049988 -0.01100495 0.01166785
v -0.00517095 -0.00533021 0.01166785
v -0.01116910 -0.01029231 0.01166785
v -0.00592421 -0.00470707 0.01166785
v -0.01164006 -0.00943563 0.01166785
v -0.00680876 -0.00429083 0.01166785
v 0.00641737 0.00033459 -0.00983215
v 0.00642607 0.00000005 -0.00983215
v 0.00678607 0.00000005 -0.01208215
v 0.00673245 0.00085232 -0.01208215
v 0.00639131 0.00066822 -0.00983215
v 0.00634796 0.00100005 -0.00983215
v 0.00657243 0.00169114 -0.01208215
v 0.00630855 0.00250330 -0.01208215
v 0.00594496 0.00327598 -0.01208215
v 0.00548739 0.00399699 -0.01208215
v 0.00478297 0.00429695 -0.00983215
v 0.00494306 0.00465497 -0.01208215
v 0.00443372 0.00465752 -0.00983215
v 0.00432055 0.00523954 -0.01208215
v 0.00405745 0.00498979 -0.00983215
v 0.00365644 0.00529174 -0.00983215
v 0.00362969 0.00574148 -0.01208215
v 0.00288137 0.00615288 -0.01208215
v 0.00208739 0.00646724 -0.01208215
v 0.00098607 0.00636194 -0.00983215
v 0.00126026 0.00667961 -0.01208215
v 0.00041305 0.00678663 -0.01208215
v 0.00048810 0.00642045 -0.00983215
v -0.00001291 0.00644005 -0.00983215
v -0.00044091 0.00678663 -0.01208215
v -0.00051393 0.00642061 -0.00983215
v -0.00128812 0.00667961 -0.01208215
v -0.00211525 0.00646724 -0.01208215
v -0.00290923 0.00615288 -0.01208215
v -0.00368430 0.00529174 -0.00983215
v -0.00365755 0.00574148 -0.01208215
v -0.00434841 0.00523954 -0.01208215
v -0.00408531 0.00498979 -0.00983215
v -0.00446158 0.00465752 -0.00983215
v -0.00497092 0.00465497 -0.01208215
v -0.00481083 0.00429695 -0.00983215
v -0.00551525 0.00399699 -0.01208215
v -0.00597282 0.00327598 -0.01208215
v -0.00633641 0.00250330 -0.01208215
v -0.00660030 0.00169114 -0.01208215
v -0.00637582 0.00100005 -0.00983215
v -0.00676031 0.00085232 -0.01208215
v -0.00643433 0.00050208 -0.00983215
v -0.00681393 0.00000005 -0.01208215
v -0.00645393 0.00000107 -0.00983215
v -0.00643449 -0.00049995 -0.00983215
v -0.00676031 -0.00085222 -0.01208215
v -0.00660030 -0.00169104 -0.01208215
v -0.00633641 -0.00250320 -0.01208215
v -0.00597282 -0.00327587 -0.01208215
v -0.00530562 -0.00367032 -0.00983215
v -0.00551525 -0.00399689 -0.01208215
v -0.00500367 -0.00407133 -0.00983215
v -0.00497092 -0.00465487 -0.01208215
v -0.00467140 -0.00444760 -0.00983215
v -0.00431083 -0.00479685 -0.00983215
v -0.00434841 -0.00523944 -0.01208215
v -0.00365755 -0.00574138 -0.01208215
v -0.00290923 -0.00615277 -0.01208215
v -0.00211525 -0.00646713 -0.01208215
v -0.00128812 -0.00667950 -0.01208215
v -0.00051393 -0.00642051 -0.00983215
v -0.00044091 -0.00678653 -0.01208215
v -0.00001291 -0.00643995 -0.00983215
v 0.00041305 -0.00678653 -0.01208215
v 0.00048810 -0.00642035 -0.00983215
v 0.00098607 -0.00636184 -0.00983215
v 0.00126026 -0.00667950 -0.01208215
v 0.00208739 -0.00646713 -0.01208215
v 0.00288137 -0.00615277 -0.01208215
v 0.00362969 -0.00574138 -0.01208215
v 0.00428297 -0.00479685 -0.00983215
v 0.00432055 -0.00523944 -0.01208215
v 0.00494306 -0.00465487 -0.01208215
v 0.00464354 -0.00444760 -0.00983215
v 0.00497581 -0.00407133 -0.00983215
v 0.00548739 -0.00399689 -0.01208215
v 0.00527776 -0.00367032 -0.00983215
v 0.00594496 -0.00327587 -0.01208215
v 0.00630855 -0.00250320 -0.01208215
v 0.00657243 -0.00169104 -0.01208215
v 0.00640663 -0.00049995 -0.00983215
v 0.00673245 -0.00085222 -0.01208215
v 0.00641743 -0.00033347 -0.00983215
v 0.00642391 -0.00016676 -0.00983215
v -0.00480160 -0.00316630 -0.00983215
v 0.00518607 0.00000005 -0.01208215
v 0.00572607 0.00000005 -0.00983215
v 0.00571629 0.00033490 -0.00983215
v 0.00515939 0.00052613 -0.01208215
v 0.00568700 0.00066862 -0.00983215
v 0.00563829 0.00100005 -0.00983215
v 0.00507963 0.00104680 -0.01208215
v 0.00494759 0.00155674 -0.01208215
v 0.00476465 0.00205070 -0.01208215
v 0.00453267 0.00252362 -0.01208215
v 0.00425404 0.00297065 -0.01208215
v 0.00428716 0.00380114 -0.00983215
v 0.00393161 0.00338719 -0.01208215
v 0.00356870 0.00376897 -0.01208215
v 0.00393823 0.00416274 -0.00983215
v 0.00355902 0.00449245 -0.00983215
v 0.00316902 0.00411208 -0.01208215
v 0.00273668 0.00441300 -0.01208215
v 0.00315242 0.00478772 -0.00983215
v 0.00227612 0.00466863 -0.01208215
v 0.00179206 0.00487636 -0.01208215
v 0.00128946 0.00503405 -0.01208215
v 0.00098607 0.00565227 -0.00983215
v 0.00077349 0.00514009 -0.01208215
v 0.00024945 0.00519338 -0.01208215
v 0.00048863 0.00571801 -0.00983215
v -0.00027731 0.00519338 -0.01208215
v -0.00001264 0.00574005 -0.00983215
v -0.00051393 0.00571823 -0.00983215
v -0.00080135 0.00514009 -0.01208215
v -0.00131732 0.00503405 -0.01208215
v -0.00181992 0.00487636 -0.01208215
v -0.00230398 0.00466863 -0.01208215
v -0.00318028 0.00478772 -0.00983215
v -0.00276454 0.00441300 -0.01208215
v -0.00319688 0.00411208 -0.01208215
v -0.00358688 0.00449245 -0.00983215
v -0.00359656 0.00376897 -0.01208215
v -0.00396609 0.00416274 -0.00983215
v -0.00431502 0.00380114 -0.00983215
v -0.00395947 0.00338719 -0.01208215
v -0.00428190 0.00297065 -0.01208215
v -0.00456053 0.00252362 -0.01208215
v -0.00479251 0.00205070 -0.01208215
v -0.00497545 0.00155674 -0.01208215
v -0.00566615 0.00100005 -0.00983215
v -0.00510749 0.00104680 -0.01208215
v -0.00518725 0.00052613 -0.01208215
v -0.00573189 0.00050261 -0.00983215
v -0.00521393 0.00000005 -0.01208215
v -0.00575393 0.00000134 -0.00983215
v -0.00518725 -0.00052602 -0.01208215
v -0.00573211 -0.00049995 -0.00983215
v -0.00510749 -0.00104670 -0.01208215
v -0.00497545 -0.00155664 -0.01208215
v -0.00479251 -0.00205060 -0.01208215
v -0.00456053 -0.00252352 -0.01208215
v -0.00428190 -0.00297054 -0.01208215
v -0.00395947 -0.00338709 -0.01208215
v -0.00450633 -0.00357290 -0.00983215
v -0.00359656 -0.00376887 -0.01208215
v -0.00417662 -0.00395211 -0.00983215
v -0.00319688 -0.00411198 -0.01208215
v -0.00381502 -0.00430104 -0.00983215
v -0.00276454 -0.00441290 -0.01208215
v -0.00230398 -0.00466853 -0.01208215
v -0.00181992 -0.00487626 -0.01208215
v -0.00131732 -0.00503395 -0.01208215
v -0.00080135 -0.00513998 -0.01208215
v -0.00051393 -0.00571813 -0.00983215
v -0.00027731 -0.00519327 -0.01208215
v 0.00024945 -0.00519327 -0.01208215
v -0.00001264 -0.00573995 -0.00983215
v 0.00077349 -0.00513998 -0.01208215
v 0.00048863 -0.00571791 -0.00983215
v 0.00128946 -0.00503395 -0.01208215
v 0.00098607 -0.00565217 -0.00983215
v 0.00179206 -0.00487626 -0.01208215
v 0.00227612 -0.00466853 -0.01208215
v 0.00273668 -0.00441290 -0.01208215
v 0.00316902 -0.00411198 -0.01208215
v 0.00378716 -0.00430104 -0.00983215
v 0.00356870 -0.00376887 -0.01208215
v 0.00393161 -0.00338709 -0.01208215
v 0.00414876 -0.00395211 -0.00983215
v 0.00425404 -0.00297054 -0.01208215
v 0.00447847 -0.00357290 -0.00983215
v 0.00453267 -0.00252352 -0.01208215
v 0.00477374 -0.00316630 -0.00983215
v 0.00476465 -0.00205060 -0.01208215
v 0.00494759 -0.00155664 -0.01208215
v 0.00507963 -0.00104670 -0.01208215
v 0.00570425 -0.00049995 -0.00983215
v 0.00515939 -0.00052602 -0.01208215
v 0.00571637 -0.00033352 -0.00983215
v 0.00572364 -0.00016680 -0.00983215
v 0.00480576 -0.00264959 0.00591785
v -0.00512770 0.00202474 0.00591785
v 0.00531328 -0.00136774 0.00591785
v -0.00446352 0.00323287 0.00591785
v 0.00548607 0.00000005 0.00591785
v -0.00547056 0.00068938 0.00591785
v 0.00531328 0.00136785 0.00591785
v -0.00547056 -0.00068928 0.00591785
v 0.00480576 0.00264970 0.00591785
v -0.00512770 -0.00202463 0.00591785
v 0.00399540 0.00376506 0.00591785
v -0.00446352 -0.00323277 0.00591785
v 0.00293312 0.00464385 0.00591785
v -0.00351976 -0.00423777 0.00591785
v 0.00168566 0.00523086 0.00591785
v -0.00235572 -0.00497650 0.00591785
v 0.00033142 0.00548920 0.00591785
v -0.00104453 -0.00540253 0.00591785
v 0.00033142 -0.00548910 0.00591785
v -0.00104453 0.00540263 0.00591785
v 0.00168566 -0.00523076 0.00591785
v -0.00235572 0.00497660 0.00591785
v 0.00293312 -0.00464375 0.00591785
v -0.00351976 0.00423787 0.00591785
v 0.00399540 -0.00376496 0.00591785
v 0.00650990 -0.01113697 0.01141785
v 0.00577613 -0.01067131 0.01141785
v 0.00572548 -0.01073253 0.01152141
v 0.00647607 -0.01120887 0.01152141
v 0.00732153 -0.01148358 0.01152141
v 0.00730213 -0.01158530 0.01160087
v 0.00821526 -0.01164275 0.01160087
v 0.00727953 -0.01170375 0.01165082
v 0.00822283 -0.01176310 0.01165082
v 0.00653117 -0.01109178 0.01129726
v 0.00653842 -0.01107636 0.01116785
v 0.00581883 -0.01061969 0.01116785
v 0.00580797 -0.01063282 0.01129726
v 0.00915125 -0.01158599 0.01165082
v 0.00733642 -0.01140553 0.01141785
v 0.00820875 -0.01153940 0.01152141
v 0.00911398 -0.01147131 0.01160087
v 0.00734578 -0.01135646 0.01129726
v 0.00734897 -0.01133973 0.01116785
v 0.01000645 -0.01118356 0.01165082
v 0.00820376 -0.01146009 0.01141785
v 0.00908198 -0.01137282 0.01152141
v 0.00994184 -0.01108175 0.01160087
v 0.00820063 -0.01141024 0.01129726
v 0.00819956 -0.01139324 0.01116785
v 0.01073471 -0.01058110 0.01165082
v 0.00905743 -0.01129725 0.01141785
v 0.00988635 -0.01099431 0.01152141
v 0.01064681 -0.01049855 0.01160087
v 0.00904199 -0.01124974 0.01129726
v 0.00903673 -0.01123354 0.01116785
v 0.01129026 -0.00981644 0.01165082
v 0.00984377 -0.01092722 0.01141785
v 0.01057132 -0.01042766 0.01152141
v 0.01118459 -0.00975835 0.01160087
v 0.00981701 -0.01088505 0.01129726
v 0.00980788 -0.01087066 0.01116785
v 0.01163820 -0.00893766 0.01165082
v 0.01175666 -0.00799995 0.01165082
v 0.01163607 -0.00799995 0.01160087
v 0.01051339 -0.01037327 0.01141785
v 0.01109384 -0.00970846 0.01152141
v 0.01152140 -0.00890767 0.01160087
v 0.01047698 -0.01033907 0.01129726
v 0.01046456 -0.01032741 0.01116785
v 0.01102421 -0.00967018 0.01141785
v 0.01142110 -0.00888191 0.01152141
v 0.01153252 -0.00799995 0.01152141
v 0.01098044 -0.00964612 0.01129726
v 0.01096551 -0.00963791 0.01116785
v 0.01134413 -0.00886215 0.01141785
v 0.01145306 -0.00799995 0.01141785
v 0.01129575 -0.00884973 0.01129726
v 0.01127925 -0.00884549 0.01116785
v 0.01140311 -0.00799995 0.01129726
v 0.01138607 -0.00799995 0.01116785
v 0.01163820 -0.00706224 0.01165082
v 0.01152140 -0.00709223 0.01160087
v 0.01129026 -0.00618345 0.01165082
v 0.01142110 -0.00711798 0.01152141
v 0.01118459 -0.00624155 0.01160087
v 0.01073471 -0.00541880 0.01165082
v 0.01134413 -0.00713774 0.01141785
v 0.01109384 -0.00629144 0.01152141
v 0.01064681 -0.00550135 0.01160087
v 0.01129575 -0.00715017 0.01129726
v 0.01127925 -0.00715440 0.01116785
v 0.01000645 -0.00481633 0.01165082
v 0.01102421 -0.00632972 0.01141785
v 0.01057132 -0.00557224 0.01152141
v 0.00994184 -0.00491815 0.01160087
v 0.01098044 -0.00635378 0.01129726
v 0.01096551 -0.00636199 0.01116785
v 0.00915125 -0.00441390 0.01165082
v 0.01051339 -0.00562663 0.01141785
v 0.00988635 -0.00500559 0.01152141
v 0.00911398 -0.00452859 0.01160087
v 0.01047698 -0.00566083 0.01129726
v 0.01046456 -0.00567249 0.01116785
v 0.00822283 -0.00423680 0.01165082
v 0.00984377 -0.00507268 0.01141785
v 0.00908198 -0.00462708 0.01152141
v 0.00821526 -0.00435715 0.01160087
v 0.00981701 -0.00511485 0.01129726
v 0.00980788 -0.00512923 0.01116785
v 0.00727953 -0.00429615 0.01165082
v 0.00905743 -0.00470265 0.01141785
v 0.00820875 -0.00446050 0.01152141
v 0.00730213 -0.00441460 0.01160087
v 0.00904199 -0.00475015 0.01129726
v 0.00903673 -0.00476636 0.01116785
v 0.00638063 -0.00458822 0.01165082
v 0.00820376 -0.00453980 0.01141785
v 0.00732153 -0.00451632 0.01152141
v 0.00643198 -0.00469733 0.01160087
v 0.00820063 -0.00458965 0.01129726
v 0.00819956 -0.00460666 0.01116785
v 0.00558260 -0.00509466 0.01165082
v 0.00733642 -0.00459437 0.01141785
v 0.00647607 -0.00479103 0.01152141
v 0.00565947 -0.00518758 0.01160087
v 0.00734578 -0.00464344 0.01129726
v 0.00734897 -0.00466017 0.01116785
v 0.00493560 -0.00578365 0.01165082
v 0.00650990 -0.00486293 0.01141785
v 0.00572548 -0.00526736 0.01152141
v 0.00503316 -0.00585453 0.01160087
v 0.00653117 -0.00490812 0.01129726
v 0.00653842 -0.00492354 0.01116785
v 0.00448026 -0.00661190 0.01165082
v 0.00577613 -0.00532859 0.01141785
v 0.00511694 -0.00591540 0.01152141
v 0.00459239 -0.00665629 0.01160087
v 0.00580797 -0.00536708 0.01129726
v 0.00581883 -0.00538020 0.01116785
v 0.00424521 -0.00752737 0.01165082
v 0.00518122 -0.00596211 0.01141785
v 0.00468867 -0.00669441 0.01152141
v 0.00436485 -0.00754248 0.01160087
v 0.00522163 -0.00599147 0.01129726
v 0.00523541 -0.00600148 0.01116785
v 0.00424521 -0.00847253 0.01165082
v 0.00476255 -0.00672367 0.01141785
v 0.00446759 -0.00755546 0.01152141
v 0.00436485 -0.00845742 0.01160087
v 0.00480899 -0.00674205 0.01129726
v 0.00482483 -0.00674833 0.01116785
v 0.00448026 -0.00938800 0.01165082
v 0.00454642 -0.00756542 0.01141785
v 0.00446759 -0.00844444 0.01152141
v 0.00459239 -0.00934360 0.01160087
v 0.00459598 -0.00757168 0.01129726
v 0.00461288 -0.00757382 0.01116785
v 0.00493560 -0.01021625 0.01165082
v 0.00454642 -0.00843448 0.01141785
v 0.00468867 -0.00930548 0.01152141
v 0.00503316 -0.01014537 0.01160087
v 0.00459598 -0.00842822 0.01129726
v 0.00461288 -0.00842608 0.01116785
v 0.00558260 -0.01090524 0.01165082
v 0.00476255 -0.00927623 0.01141785
v 0.00511694 -0.01008450 0.01152141
v 0.00565947 -0.01081232 0.01160087
v 0.00480899 -0.00925784 0.01129726
v 0.00482483 -0.00925157 0.01116785
v 0.00638063 -0.01141168 0.01165082
v 0.00518122 -0.01003779 0.01141785
v 0.00643198 -0.01130257 0.01160087
v 0.00522163 -0.01000843 0.01129726
v 0.00523541 -0.00999842 0.01116785
v 0.00650990 0.00486303 0.01141785
v 0.00577613 0.00532869 0.01141785
v 0.00572548 0.00526747 0.01152141
v 0.00647607 0.00479113 0.01152141
v 0.00732153 0.00451642 0.01152141
v 0.00730213 0.00441470 0.01160087
v 0.00821526 0.00435725 0.01160087
v 0.00727953 0.00429625 0.01165082
v 0.00822283 0.00423690 0.01165082
v 0.00653117 0.00490822 0.01129726
v 0.00653842 0.00492364 0.01116785
v 0.00581883 0.00538031 0.01116785
v 0.00580797 0.00536718 0.01129726
v 0.00915125 0.00441401 0.01165082
v 0.00733642 0.00459447 0.01141785
v 0.00820875 0.00446060 0.01152141
v 0.00911398 0.00452870 0.01160087
v 0.00734578 0.00464354 0.01129726
v 0.00734897 0.00466027 0.01116785
v 0.01000645 0.00481644 0.01165082
v 0.00820376 0.00453991 0.01141785
v 0.00908198 0.00462718 0.01152141
v 0.00994184 0.00491825 0.01160087
v 0.00820063 0.00458976 0.01129726
v 0.00819956 0.00460676 0.01116785
v 0.01073471 0.00541890 0.01165082
v 0.00905743 0.00470275 0.01141785
v 0.00988635 0.00500569 0.01152141
v 0.01064681 0.00550145 0.01160087
v 0.00904199 0.00475026 0.01129726
v 0.00903673 0.00476646 0.01116785
v 0.01129026 0.00618356 0.01165082
v 0.00984377 0.00507278 0.01141785
v 0.01057132 0.00557234 0.01152141
v 0.01118459 0.00624165 0.01160087
v 0.00981701 0.00511495 0.01129726
v 0.00980788 0.00512934 0.01116785
v 0.01163820 0.00706234 0.01165082
v 0.01175666 0.00800005 0.01165082
v 0.01163607 0.00800005 0.01160087
v 0.01051339 0.00562674 0.01141785
v 0.01109384 0.00629154 0.01152141
v 0.01152140 0.00709233 0.01160087
v 0.01047698 0.00566093 0.01129726
v 0.01046456 0.00567259 0.01116785
v 0.01102421 0.00632982 0.01141785
v 0.01142110 0.00711809 0.01152141
v 0.01153252 0.00800005 0.01152141
v 0.01098044 0.00635388 0.01129726
v 0.01096551 0.00636209 0.01116785
v 0.01134413 0.00713785 0.01141785
v 0.01145306 0.00800005 0.01141785
v 0.01129575 0.00715027 0.01129726
v 0.01127925 0.00715451 0.01116785
v 0.01140311 0.00800005 0.01129726
v 0.01138607 0.00800005 0.01116785
v 0.01163820 0.00893776 0.01165082
v 0.01152140 0.00890777 0.01160087
v 0.01129026 0.00981655 0.01165082
v 0.01142110 0.00888202 0.01152141
v 0.01118459 0.00975845 0.01160087
v 0.01073471 0.01058120 0.01165082
v 0.01134413 0.00886226 0.01141785
v 0.01109384 0.00970856 0.01152141
v 0.01064681 0.01049865 0.01160087
v 0.01129575 0.00884983 0.01129726
v 0.01127925 0.00884560 0.01116785
v 0.01000645 0.01118367 0.01165082
v 0.01102421 0.00967029 0.01141785
v 0.01057132 0.01042776 0.01152141
v 0.00994184 0.01108185 0.01160087
v 0.01098044 0.00964622 0.01129726
v 0.01096551 0.00963801 0.01116785
v 0.00915125 0.01158610 0.01165082
v 0.01051339 0.01037337 0.01141785
v 0.00988635 0.01099441 0.01152141
v 0.00911398 0.01147141 0.01160087
v 0.01047698 0.01033917 0.01129726
v 0.01046456 0.01032751 0.01116785
v 0.00822283 0.01176320 0.01165082
v 0.00984377 0.01092733 0.01141785
v 0.00908198 0.01137292 0.01152141
v 0.00821526 0.01164285 0.01160087
v 0.00981701 0.01088515 0.01129726
v 0.00980788 0.01087077 0.01116785
v 0.00727953 0.01170385 0.01165082
v 0.00905743 0.01129735 0.01141785
v 0.00820875 0.01153950 0.01152141
v 0.00730213 0.01158540 0.01160087
v 0.00904199 0.01124985 0.01129726
v 0.00903673 0.01123364 0.01116785
v 0.00638063 0.01141178 0.01165082
v 0.00820376 0.01146020 0.01141785
v 0.00732153 0.01148368 0.01152141
v 0.00643198 0.01130267 0.01160087
v 0.00820063 0.01141034 0.01129726
v 0.00819956 0.01139334 0.01116785
v 0.00558260 0.01090534 0.01165082
v 0.00733642 0.01140563 0.01141785
v 0.00647607 0.01120897 0.01152141
v 0.00565947 0.01081243 0.01160087
v 0.00734578 0.01135656 0.01129726
v 0.00734897 0.01133983 0.01116785
v 0.00493560 0.01021635 0.01165082
v 0.00650990 0.01113707 0.01141785
v 0.00572548 0.01073264 0.01152141
v 0.00503316 0.01014547 0.01160087
v 0.00653117 0.01109188 0.01129726
v 0.00653842 0.01107646 0.01116785
v 0.00448026 0.00938810 0.01165082
v 0.00577613 0.01067141 0.01141785
v 0.00511694 0.01008460 0.01152141
v 0.00459239 0.00934371 0.01160087
v 0.00580797 0.01063292 0.01129726
v 0.00581883 0.01061980 0.01116785
v 0.00424521 0.00847263 0.01165082
v 0.00518122 0.01003789 0.01141785
v 0.00468867 0.00930559 0.01152141
v 0.00436485 0.00845752 0.01160087
v 0.00522163 0.01000853 0.01129726
v 0.00523541 0.00999852 0.01116785
v 0.00424521 0.00752747 0.01165082
v 0.00476255 0.00927633 0.01141785
v 0.00446759 0.00844454 0.01152141
v 0.00436485 0.00754258 0.01160087
v 0.00480899 0.00925795 0.01129726
v 0.00482483 0.00925167 0.01116785
v 0.00448026 0.00661200 0.01165082
v 0.00454642 0.00843458 0.01141785
v 0.00446759 0.00755556 0.01152141
v 0.00459239 0.00665640 0.01160087
v 0.00459598 0.00842832 0.01129726
v 0.00461288 0.00842618 0.01116785
v 0.00493560 0.00578375 0.01165082
v 0.00454642 0.00756552 0.01141785
v 0.00468867 0.00669452 0.01152141
v 0.00503316 0.00585463 0.01160087
v 0.00459598 0.00757178 0.01129726
v 0.00461288 0.00757392 0.01116785
v 0.00558260 0.00509476 0.01165082
v 0.00476255 0.00672377 0.01141785
v 0.00511694 0.00591550 0.01152141
v 0.00565947 0.00518768 0.01160087
v 0.00480899 0.00674216 0.01129726
v 0.00482483 0.00674843 0.01116785
v 0.00638063 0.00458832 0.01165082
v 0.00518122 0.00596221 0.01141785
v 0.00643198 0.00469743 0.01160087
v 0.00522163 0.00599157 0.01129726
v 0.00523541 0.00600158 0.01116785
v -0.00949010 0.00486303 0.01141785
v -0.01022387 0.00532869 0.01141785
v -0.01027452 0.00526747 0.01152141
v -0.00952393 0.00479113 0.01152141
v -0.00867847 0.00451642 0.01152141
v -0.00869787 0.00441470 0.01160087
v -0.00778474 0.00435725 0.01160087
v -0.00872047 0.00429625 0.01165082
v -0.00777717 0.00423690 0.01165082
v -0.00946883 0.00490822 0.01129726
v -0.00946158 0.00492364 0.01116785
v -0.01018117 0.00538031 0.01116785
v -0.01019203 0.00536718 0.01129726
v -0.00684875 0.00441401 0.01165082
v -0.00866358 0.00459447 0.01141785
v -0.00779125 0.00446060 0.01152141
v -0.00688602 0.00452870 0.01160087
v -0.00865422 0.00464354 0.01129726
v -0.00865103 0.00466027 0.01116785
v -0.00599355 0.00481644 0.01165082
v -0.00779624 0.00453991 0.01141785
v -0.00691802 0.00462718 0.01152141
v -0.00605816 0.00491825 0.01160087
v -0.00779937 0.00458976 0.01129726
v -0.00780044 0.00460676 0.01116785
v -0.00526529 0.00541890 0.01165082
v -0.00694257 0.00470275 0.01141785
v -0.00611365 0.00500569 0.01152141
v -0.00535319 0.00550145 0.01160087
v -0.00695801 0.00475026 0.01129726
v -0.00696327 0.00476646 0.01116785
v -0.00470974 0.00618356 0.01165082
v -0.00615622 0.00507278 0.01141785
v -0.00542868 0.00557234 0.01152141
v -0.00481541 0.00624165 0.01160087
v -0.00618299 0.00511495 0.01129726
v -0.00619212 0.00512934 0.01116785
v -0.00436180 0.00706234 0.01165082
v -0.00424334 0.00800005 0.01165082
v -0.00436393 0.00800005 0.01160087
v -0.00548661 0.00562674 0.01141785
v -0.00490616 0.00629154 0.01152141
v -0.00447860 0.00709233 0.01160087
v -0.00552302 0.00566093 0.01129726
v -0.00553544 0.00567259 0.01116785
v -0.00497579 0.00632982 0.01141785
v -0.00457890 0.00711809 0.01152141
v -0.00446748 0.00800005 0.01152141
v -0.00501956 0.00635388 0.01129726
v -0.00503449 0.00636209 0.01116785
v -0.00465586 0.00713785 0.01141785
v -0.00454694 0.00800005 0.01141785
v -0.00470425 0.00715027 0.01129726
v -0.00472075 0.00715451 0.01116785
v -0.00459689 0.00800005 0.01129726
v -0.00461393 0.00800005 0.01116785
v -0.00436180 0.00893776 0.01165082
v -0.00447860 0.00890777 0.01160087
v -0.00470974 0.00981655 0.01165082
v -0.00457890 0.00888202 0.01152141
v -0.00481541 0.00975845 0.01160087
v -0.00526529 0.01058120 0.01165082
v -0.00465586 0.00886226 0.01141785
v -0.00490616 0.00970856 0.01152141
v -0.00535319 0.01049865 0.01160087
v -0.00470425 0.00884983 0.01129726
v -0.00472075 0.00884560 0.01116785
v -0.00599355 0.01118367 0.01165082
v -0.00497579 0.00967029 0.01141785
v -0.00542868 0.01042776 0.01152141
v -0.00605816 0.01108185 0.01160087
v -0.00501956 0.00964622 0.01129726
v -0.00503449 0.00963801 0.01116785
v -0.00684875 0.01158610 0.01165082
v -0.00548661 0.01037337 0.01141785
v -0.00611365 0.01099441 0.01152141
v -0.00688602 0.01147141 0.01160087
v -0.00552302 0.01033917 0.01129726
v -0.00553544 0.01032751 0.01116785
v -0.00777717 0.01176320 0.01165082
v -0.00615622 0.01092733 0.01141785
v -0.00691802 0.01137292 0.01152141
v -0.00778474 0.01164285 0.01160087
v -0.00618299 0.01088515 0.01129726
v -0.00619212 0.01087077 0.01116785
v -0.00872047 0.01170385 0.01165082
v -0.00694257 0.01129735 0.01141785
v -0.00779125 0.01153950 0.01152141
v -0.00869787 0.01158540 0.01160087
v -0.00695801 0.01124985 0.01129726
v -0.00696327 0.01123364 0.01116785
v -0.00961937 0.01141178 0.01165082
v -0.00779624 0.01146020 0.01141785
v -0.00867847 0.01148368 0.01152141
v -0.00956802 0.01130267 0.01160087
v -0.00779937 0.01141034 0.01129726
v -0.00780044 0.01139334 0.01116785
v -0.01041739 0.01090534 0.01165082
v -0.00866358 0.01140563 0.01141785
v -0.00952393 0.01120897 0.01152141
v -0.01034053 0.01081243 0.01160087
v -0.00865422 0.01135656 0.01129726
v -0.00865103 0.01133983 0.01116785
v -0.01106440 0.01021635 0.01165082
v -0.00949010 0.01113707 0.01141785
v -0.01027452 0.01073264 0.01152141
v -0.01096684 0.01014547 0.01160087
v -0.00946883 0.01109188 0.01129726
v -0.00946158 0.01107646 0.01116785
v -0.01151974 0.00938810 0.01165082
v -0.01022387 0.01067141 0.01141785
v -0.01088307 0.01008460 0.01152141
v -0.01140761 0.00934371 0.01160087
v -0.01019203 0.01063292 0.01129726
v -0.01018117 0.01061980 0.01116785
v -0.01175479 0.00847263 0.01165082
v -0.01081878 0.01003789 0.01141785
v -0.01131133 0.00930559 0.01152141
v -0.01163515 0.00845752 0.01160087
v -0.01077837 0.01000853 0.01129726
v -0.01076459 0.00999852 0.01116785
v -0.01175479 0.00752747 0.01165082
v -0.01123745 0.00927633 0.01141785
v -0.01153241 0.00844454 0.01152141
v -0.01163515 0.00754258 0.01160087
v -0.01119101 0.00925795 0.01129726
v -0.01117517 0.00925167 0.01116785
v -0.01151974 0.00661200 0.01165082
v -0.01145358 0.00843458 0.01141785
v -0.01153241 0.00755556 0.01152141
v -0.01140761 0.00665640 0.01160087
v -0.01140402 0.00842832 0.01129726
v -0.01138712 0.00842618 0.01116785
v -0.01106440 0.00578375 0.01165082
v -0.01145358 0.00756552 0.01141785
v -0.01131133 0.00669452 0.01152141
v -0.01096684 0.00585463 0.01160087
v -0.01140402 0.00757178 0.01129726
v -0.01138712 0.00757392 0.01116785
v -0.01041739 0.00509476 0.01165082
v -0.01123745 0.00672377 0.01141785
v -0.01088307 0.00591550 0.01152141
v -0.01034053 0.00518768 0.01160087
v -0.01119101 0.00674216 0.01129726
v -0.01117517 0.00674843 0.01116785
v -0.00961937 0.00458832 0.01165082
v -0.01081878 0.00596221 0.01141785
v -0.00956802 0.00469743 0.01160087
v -0.01077837 0.00599157 0.01129726
v -0.01076459 0.00600158 0.01116785
v -0.00949010 -0.01113697 0.01141785
v -0.01022387 -0.01067131 0.01141785
v -0.01027452 -0.01073253 0.01152141
v -0.00952393 -0.01120887 0.01152141
v -0.00867847 -0.01148358 0.01152141
v -0.00869787 -0.01158530 0.01160087
v -0.00778474 -0.01164275 0.01160087
v -0.00872047 -0.01170375 0.01165082
v -0.00777717 -0.01176310 0.01165082
v -0.00946883 -0.01109178 0.01129726
v -0.00946158 -0.01107636 0.01116785
v -0.01018117 -0.01061969 0.01116785
v -0.01019203 -0.01063282 0.01129726
v -0.00684875 -0.01158599 0.01165082
v -0.00866358 -0.01140553 0.01141785
v -0.00779125 -0.01153940 0.01152141
v -0.00688602 -0.01147131 0.01160087
v -0.00865422 -0.01135646 0.01129726
v -0.00865103 -0.01133973 0.01116785
v -0.00599355 -0.01118356 0.01165082
v -0.00779624 -0.01146009 0.01141785
v -0.00691802 -0.01137282 0.01152141
v -0.00605816 -0.01108175 0.01160087
v -0.00779937 -0.01141024 0.01129726
v -0.00780044 -0.01139324 0.01116785
v -0.00526529 -0.01058110 0.01165082
v -0.00694257 -0.01129725 0.01141785
v -0.00611365 -0.01099431 0.01152141
v -0.00535319 -0.01049855 0.01160087
v -0.00695801 -0.01124974 0.01129726
v -0.00696327 -0.01123354 0.01116785
v -0.00470974 -0.00981644 0.01165082
v -0.00615622 -0.01092722 0.01141785
v -0.00542868 -0.01042766 0.01152141
v -0.00481541 -0.00975835 0.01160087
v -0.00618299 -0.01088505 0.01129726
v -0.00619212 -0.01087066 0.01116785
v -0.00436180 -0.00893766 0.01165082
v -0.00424334 -0.00799995 0.01165082
v -0.00436393 -0.00799995 0.01160087
v -0.00548661 -0.01037327 0.01141785
v -0.00490616 -0.00970846 0.01152141
v -0.00447860 -0.00890767 0.01160087
v -0.00552302 -0.01033907 0.01129726
v -0.00553544 -0.01032741 0.01116785
v -0.00497579 -0.00967018 0.01141785
v -0.00457890 -0.00888191 0.01152141
v -0.00446748 -0.00799995 0.01152141
v -0.00501956 -0.00964612 0.01129726
v -0.00503449 -0.00963791 0.01116785
v -0.00465586 -0.00886215 0.01141785
v -0.00454694 -0.00799995 0.01141785
v -0.00470425 -0.00884973 0.01129726
v -0.00472075 -0.00884549 0.01116785
v -0.00459689 -0.00799995 0.01129726
v -0.00461393 -0.00799995 0.01116785
v -0.00436180 -0.00706224 0.01165082
v -0.00447860 -0.00709223 0.01160087
v -0.00470974 -0.00618345 0.01165082
v -0.00457890 -0.00711798 0.01152141
v -0.00481541 -0.00624155 0.01160087
v -0.00526529 -0.00541880 0.01165082
v -0.00465586 -0.00713774 0.01141785
v -0.00490616 -0.00629144 0.01152141
v -0.00535319 -0.00550135 0.01160087
v -0.00470425 -0.00715017 0.01129726
v -0.00472075 -0.00715440 0.01116785
v -0.00599355 -0.00481633 0.01165082
v -0.00497579 -0.00632972 0.01141785
v -0.00542868 -0.00557224 0.01152141
v -0.00605816 -0.00491815 0.01160087
v -0.00501956 -0.00635378 0.01129726
v -0.00503449 -0.00636199 0.01116785
v -0.00684875 -0.00441390 0.01165082
v -0.00548661 -0.00562663 0.01141785
v -0.00611365 -0.00500559 0.01152141
v -0.00688602 -0.00452859 0.01160087
v -0.00552302 -0.00566083 0.01129726
v -0.00553544 -0.00567249 0.01116785
v -0.00777717 -0.00423680 0.01165082
v -0.00615622 -0.00507268 0.01141785
v -0.00691802 -0.00462708 0.01152141
v -0.00778474 -0.00435715 0.01160087
v -0.00618299 -0.00511485 0.01129726
v -0.00619212 -0.00512923 0.01116785
v -0.00872047 -0.00429615 0.01165082
v -0.00694257 -0.00470265 0.01141785
v -0.00779125 -0.00446050 0.01152141
v -0.00869787 -0.00441460 0.01160087
v -0.00695801 -0.00475015 0.01129726
v -0.00696327 -0.00476636 0.01116785
v -0.00961937 -0.00458822 0.01165082
v -0.00779624 -0.00453980 0.01141785
v -0.00867847 -0.00451632 0.01152141
v -0.00956802 -0.00469733 0.01160087
v -0.00779937 -0.00458965 0.01129726
v -0.00780044 -0.00460666 0.01116785
v -0.01041739 -0.00509466 0.01165082
v -0.00866358 -0.00459437 0.01141785
v -0.00952393 -0.00479103 0.01152141
v -0.01034053 -0.00518758 0.01160087
v -0.00865422 -0.00464344 0.01129726
v -0.00865103 -0.00466017 0.01116785
v -0.01106440 -0.00578365 0.01165082
v -0.00949010 -0.00486293 0.01141785
v -0.01027452 -0.00526736 0.01152141
v -0.01096684 -0.00585453 0.01160087
v -0.00946883 -0.00490812 0.01129726
v -0.00946158 -0.00492354 0.01116785
v -0.01151974 -0.00661190 0.01165082
v -0.01022387 -0.00532859 0.01141785
v -0.01088307 -0.00591540 0.01152141
v -0.01140761 -0.00665629 0.01160087
v -0.01019203 -0.00536708 0.01129726
v -0.01018117 -0.00538020 0.01116785
v -0.01175479 -0.00752737 0.01165082
v -0.01081878 -0.00596211 0.01141785
v -0.01131133 -0.00669441 0.01152141
v -0.01163515 -0.00754248 0.01160087
v -0.01077837 -0.00599147 0.01129726
v -0.01076459 -0.00600148 0.01116785
v -0.01175479 -0.00847253 0.01165082
v -0.01123745 -0.00672367 0.01141785
v -0.01153241 -0.00755546 0.01152141
v -0.01163515 -0.00845742 0.01160087
v -0.01119101 -0.00674205 0.01129726
v -0.01117517 -0.00674833 0.01116785
v -0.01151974 -0.00938800 0.01165082
v -0.01145358 -0.00756542 0.01141785
v -0.01153241 -0.00844444 0.01152141
v -0.01140761 -0.00934360 0.01160087
v -0.01140402 -0.00757168 0.01129726
v -0.01138712 -0.00757382 0.01116785
v -0.01106440 -0.01021625 0.01165082
v -0.01145358 -0.00843448 0.01141785
v -0.01131133 -0.00930548 0.01152141
v -0.01096684 -0.01014537 0.01160087
v -0.01140402 -0.00842822 0.01129726
v -0.01138712 -0.00842608 0.01116785
v -0.01041739 -0.01090524 0.01165082
v -0.01123745 -0.00927623 0.01141785
v -0.01088307 -0.01008450 0.01152141
v -0.01034053 -0.01081232 0.01160087
v -0.01119101 -0.00925784 0.01129726
v -0.01117517 -0.00925157 0.01116785
v -0.00961937 -0.01141168 0.01165082
v -0.01081878 -0.01003779 0.01141785
v -0.00956802 -0.01130257 0.01160087
v -0.01077837 -0.01000843 0.01129726
v -0.01076459 -0.00999842 0.01116785
v 0.00903673 -0.01123354 0.00691785
v 0.00819956 -0.01139324 0.00691785
v 0.00980788 -0.01087066 0.00691785
v 0.01046456 -0.01032741 0.00691785
v 0.01127925 -0.00715440 0.00691785
v 0.01138607 -0.00799995 0.00691785
v 0.01096551 -0.00963791 0.00691785
v 0.01096551 -0.00636199 0.00691785
v 0.01127925 -0.00884549 0.00691785
v 0.01046456 -0.00567249 0.00691785
v 0.00980788 -0.00512923 0.00691785
v 0.00903673 -0.00476636 0.00691785
v 0.00819956 -0.00460666 0.00691785
v 0.00734897 -0.00466017 0.00691785
v 0.00653842 -0.00492354 0.00691785
v 0.00581883 -0.00538020 0.00691785
v 0.00523541 -0.00600148 0.00691785
v 0.00482483 -0.00674833 0.00691785
v 0.00461288 -0.00757382 0.00691785
v 0.00461288 -0.00842608 0.00691785
v 0.00482483 -0.00925157 0.00691785
v 0.00523541 -0.00999842 0.00691785
v 0.00581883 -0.01061969 0.00691785
v 0.00653842 -0.01107636 0.00691785
v 0.00734897 -0.01133973 0.00691785
v 0.00903673 0.00476646 0.00691785
v 0.00819956 0.00460676 0.00691785
v 0.00980788 0.00512934 0.00691785
v 0.01046456 0.00567259 0.00691785
v 0.01127925 0.00884560 0.00691785
v 0.01138607 0.00800005 0.00691785
v 0.01096551 0.00636209 0.00691785
v 0.01096551 0.00963801 0.00691785
v 0.01127925 0.00715451 0.00691785
v 0.01046456 0.01032751 0.00691785
v 0.00980788 0.01087077 0.00691785
v 0.00903673 0.01123364 0.00691785
v 0.00819956 0.01139334 0.00691785
v 0.00734897 0.01133983 0.00691785
v 0.00653842 0.01107646 0.00691785
v 0.00581883 0.01061980 0.00691785
v 0.00523541 0.00999852 0.00691785
v 0.00482483 0.00925167 0.00691785
v 0.00461288 0.00842618 0.00691785
v 0.00461288 0.00757392 0.00691785
v 0.00482483 0.00674843 0.00691785
v 0.00523541 0.00600158 0.00691785
v 0.00581883 0.00538031 0.00691785
v 0.00653842 0.00492364 0.00691785
v 0.00734897 0.00466027 0.00691785
v -0.00696327 0.00476646 0.00691785
v -0.00780044 0.00460676 0.00691785
v -0.00619212 0.00512934 0.00691785
v -0.00553544 0.00567259 0.00691785
v -0.00472075 0.00884560 0.00691785
v -0.00461393 0.00800005 0.00691785
v -0.00503449 0.00636209 0.00691785
v -0.00503449 0.00963801 0.00691785
v -0.00472075 0.00715451 0.00691785
v -0.00553544 0.01032751 0.00691785
v -0.00619212 0.01087077 0.00691785
v -0.00696327 0.01123364 0.00691785
v -0.00780044 0.01139334 0.00691785
v -0.00865103 0.01133983 0.00691785
v -0.00946158 0.01107646 0.00691785
v -0.01018117 0.01061980 0.00691785
v -0.01076459 0.00999852 0.00691785
v -0.01117517 0.00925167 0.00691785
v -0.01138712 0.00842618 0.00691785
v -0.01138712 0.00757392 0.00691785
v -0.01117517 0.00674843 0.00691785
v -0.01076459 0.00600158 0.00691785
v -0.01018117 0.00538031 0.00691785
v -0.00946158 0.00492364 0.00691785
v -0.00865103 0.00466027 0.00691785
v -0.00696327 -0.01123354 0.00691785
v -0.00780044 -0.01139324 0.00691785
v -0.00619212 -0.01087066 0.00691785
v -0.00553544 -0.01032741 0.00691785
v -0.00472075 -0.00715440 0.00691785
v -0.00461393 -0.00799995 0.00691785
v -0.00503449 -0.00963791 0.00691785
v -0.00503449 -0.00636199 0.00691785
v -0.00472075 -0.00884549 0.00691785
v -0.00553544 -0.00567249 0.00691785
v -0.00619212 -0.00512923 0.00691785
v -0.00696327 -0.00476636 0.00691785
v -0.00780044 -0.00460666 0.00691785
v -0.00865103 -0.00466017 0.00691785
v -0.00946158 -0.00492354 0.00691785
v -0.01018117 -0.00538020 0.00691785
v -0.01076459 -0.00600148 0.00691785
v -0.01117517 -0.00674833 0.00691785
v -0.01138712 -0.00757382 0.00691785
v -0.01138712 -0.00842608 0.00691785
v -0.01117517 -0.00925157 0.00691785
v -0.01076459 -0.00999842 0.00691785
v -0.01018117 -0.01061969 0.00691785
v -0.00946158 -0.01107636 0.00691785
v -0.00865103 -0.01133973 0.00691785
vn -0.71970204 -0.04716886 -0.69267891
vn -0.04716886 -0.71970204 -0.69267891
vn -0.70923683 -0.19003316 -0.67887445
vn 0.36714175 -0.63588057 -0.67886879
vn 0.63588057 -0.36714175 -0.67886879
vn 0.51919007 -0.51919007 -0.67888389
vn 0.00000000 0.00000000 -1.00000000
vn -0.30151134 -0.30151134 -0.90453403
vn 0.30151134 -0.30151134 -0.90453403
vn 0.04716886 0.71970204 -0.69267891
vn 0.71970204 -0.04716886 -0.69267891
vn 0.70923683 -0.19003316 -0.67887445
vn 0.00000000 0.00000000 -1.00000000
vn 0.30151134 -0.30151134 -0.90453403
vn 0.30151134 0.30151134 -0.90453403
vn 0.04716886 -0.71970204 -0.69267891
vn 0.19003316 -0.70923683 -0.67887445
vn -0.30151134 0.30151134 -0.90453403
vn 0.00000000 0.00000000 -1.00000000
vn 0.00000000 0.00000000 -1.00000000
vn 0.30151134 0.30151134 -0.90453403
vn 0.00000000 0.00000000 -1.00000000
vn -0.30151134 -0.30151134 -0.90453403
vn 0.00000000 0.00000000 -1.00000000
vn 0.00000000 0.00000000 -1.00000000
vn 0.00000000 0.00000000 -1.00000000
vn -0.30151134 -0.30151134 -0.90453403
vn 0.30151134 -0.30151134 -0.90453403
vn 0.00000000 0.00000000 -1.00000000
vn 0.00000000 0.00000000 -1.00000000
vn 0.30151134 0.30151134 -0.90453403
vn 0.30151134 -0.30151134 -0.90453403
vn 0.30151134 0.30151134 -0.90453403
vn 0.00000000 0.00000000 -1.00000000
vn -0.30151134 0.30151134 -0.90453403
vn -0.30151134 -0.30151134 -0.90453403
vn 0.00000000 0.00000000 -1.00000000
vn -0.30151134 0.30151134 -0.90453403
vn 0.30151134 -0.30151134 -0.90453403
vn 0.30151134 0.30151134 -0.90453403
vn 0.00000000 0.00000000 -1.00000000
vn 0.00000000 0.00000000 -1.00000000
vn -0.30151134 -0.30151134 -0.90453403
vn -0.04716886 0.71970204 -0.69267891
vn -0.71970204 0.04716886 -0.69267891
vn 0.71970204 0.04716886 -0.69267891
vn 0.00000000 0.00000000 -1.00000000
vn 0.00000000 0.00000000 -1.00000000
vn -0.51919262 0.51919786 -0.67887599
vn -0.70923683 0.19003316 -0.67887445
vn -0.63588394 0.36712957 -0.67887222
vn -0.36712588 0.63588496 -0.67887326
vn -0.19003316 0.70923683 -0.67887445
vn -0.36714175 -0.63588057 -0.67886879
vn -0.19003316 -0.70923683 -0.67887445
vn 0.51919262 0.51919786 -0.67887599
vn 0.63588394 0.36712957 -0.67887222
vn 0.70923683 0.19003316 -0.67887445
vn -0.30151134 0.30151134 -0.90453403
vn -0.51919007 -0.51919007 -0.67888389
vn -0.30151134 0.30151134 -0.90453403
vn 0.36712588 0.63588496 -0.67887326
vn -0.63588057 -0.36714175 -0.67886879
vn 0.19003316 0.70923683 -0.67887445
vn -0.06508615 -0.99575501 0.06508259
vn 0.06508615 -0.99575501 0.06508259
vn -0.28361066 -0.94696920 0.15104409
vn -0.48684133 -0.86259201 0.13755197
vn -0.70052389 -0.70052389 0.13613434
vn -0.86259201 -0.48684133 0.13755197
vn -0.94696920 -0.28361066 0.15104409
vn -0.99575501 -0.06508615 0.06508259
vn 0.28361066 -0.94696920 0.15104409
vn 0.48684133 -0.86259201 0.13755197
vn 0.70052389 -0.70052389 0.13613434
vn 0.86259201 -0.48684133 0.13755197
vn 0.94696920 -0.28361066 0.15104409
vn 0.99575501 -0.06508615 0.06508259
vn -0.99575501 0.06508615 0.06508259
vn 0.99575501 0.06508615 0.06508259
vn -0.94696920 0.28361066 0.15104409
vn -0.86260003 0.48682708 0.13755209
vn -0.70052009 0.70052713 0.13613720
vn -0.48682276 0.86260247 0.13755213
vn -0.28361066 0.94696920 0.15104409
vn -0.06508615 0.99575501 0.06508259
vn 0.94696920 0.28361066 0.15104409
vn 0.86260003 0.48682708 0.13755209
vn 0.70052009 0.70052713 0.13613720
vn 0.48682276 0.86260247 0.13755213
vn 0.28361066 0.94696920 0.15104409
vn 0.06508615 0.99575501 0.06508259
vn 0.57735027 -0.57735027 -0.57735027
vn 0.57735027 0.57735027 -0.57735027
vn 0.57735027 -0.57735027 -0.57735027
vn 0.57735027 0.57735027 -0.57735027
vn 0.57735027 -0.57735027 -0.57735027
vn 0.57735027 0.57735027 -0.57735027
vn -0.57735027 -0.57735027 -0.57735027
vn -0.57735027 -0.57735027 -0.57735027
vn 0.57735027 -0.57735027 -0.57735027
vn -0.57735027 -0.57735027 -0.57735027
vn 0.57735027 -0.57735027 -0.57735027
vn -0.57735027 0.57735027 -0.57735027
vn -0.57735027 0.57735027 -0.57735027
vn -0.57735027 -0.57735027 -0.57735027
vn -0.57735027 0.57735027 -0.57735027
vn -0.57735027 -0.57735027 -0.57735027
vn 0.57735027 0.57735027 -0.57735027
vn 0.57735027 0.57735027 -0.57735027
vn -0.57735027 0.57735027 -0.57735027
vn -0.57735027 0.57735027 -0.57735027
vn -0.12511566 -0.95522936 0.26810995
vn 0.12511566 -0.95522936 0.26810995
vn -0.11335618 -0.86297380 0.49236835
vn 0.11335618 -0.86297380 0.49236835
vn -0.10924765 -0.70732111 0.69839946
vn 0.10924765 -0.70732111 0.69839946
vn -0.05051252 -0.50533369 0.86144434
vn 0.05051252 -0.50533369 0.86144434
vn -0.03651862 -0.26514615 0.96351643
vn 0.03651862 -0.26514615 0.96351643
vn -0.05679914 -0.05585422 0.99682203
vn 0.05679914 -0.05585422 0.99682203
vn -0.95522936 -0.12511566 0.26810995
vn -0.27509495 -0.48948751 0.82748096
vn -0.48557217 -0.27406226 0.83012622
vn -0.26172374 -0.05578917 0.96352906
vn -0.50533369 -0.05051252 0.86144434
vn -0.70732111 -0.10924765 0.69839946
vn -0.44918139 -0.74282530 0.49643394
vn -0.74282530 -0.44918139 0.49643394
vn -0.86297380 -0.11335618 0.49236835
vn -0.17608672 -0.21961165 0.95956458
vn 0.95522936 -0.12511566 0.26810995
vn 0.27509495 -0.48948751 0.82748096
vn 0.50533369 -0.05051252 0.86144434
vn 0.26172374 -0.05578917 0.96352906
vn 0.48557217 -0.27406226 0.83012622
vn 0.70732111 -0.10924765 0.69839946
vn 0.44918139 -0.74282530 0.49643394
vn 0.86297380 -0.11335618 0.49236835
vn 0.74282530 -0.44918139 0.49643394
vn 0.17608672 -0.21961165 0.95956458
vn -0.95522936 0.12511566 0.26810995
vn -0.70732111 0.10924765 0.69839946
vn -0.86297380 0.11335618 0.49236835
vn -0.50533369 0.05051252 0.86144434
vn -0.26172374 0.05578917 0.96352906
vn -0.05679914 0.05585422 0.99682203
vn 0.95522936 0.12511566 0.26810995
vn 0.86297380 0.11335618 0.49236835
vn 0.70732111 0.10924765 0.69839946
vn 0.50533369 0.05051252 0.86144434
vn 0.26514651 0.03651596 0.96351643
vn 0.05585333 0.05679813 0.99682214
vn -0.12511566 0.95522936 0.26810995
vn -0.48557217 0.27406226 0.83012622
vn -0.27509829 0.48948057 0.82748396
vn -0.03651862 0.26514615 0.96351643
vn -0.05051101 0.50531870 0.86145322
vn -0.10925437 0.70732408 0.69839539
vn -0.74282554 0.44917785 0.49643679
vn -0.44918123 0.74282508 0.49643441
vn -0.11335755 0.86298386 0.49235041
vn -0.17608672 0.21961165 0.95956458
vn 0.12511566 0.95522936 0.26810995
vn 0.48949040 0.27509448 0.82747941
vn 0.05051101 0.50531870 0.86145322
vn 0.05578397 0.26172488 0.96352905
vn 0.27406520 0.48556809 0.83012764
vn 0.10925437 0.70732408 0.69839539
vn 0.74282554 0.44917785 0.49643679
vn 0.11335755 0.86298386 0.49235041
vn 0.44918123 0.74282508 0.49643441
vn 0.21961346 0.17609290 0.95956304
vn -0.57735027 -0.57735027 -0.57735027
vn 0.57735027 -0.57735027 -0.57735027
vn 0.54913285 -0.80418645 -0.22745828
vn -0.81028756 -0.53008632 -0.24988509
vn 0.57735027 0.57735027 -0.57735027
vn 0.54913285 0.80418645 -0.22745828
vn -0.13133977 0.97378108 -0.18574248
vn 0.07006873 0.73299543 -0.67661516
vn -0.57735027 0.57735027 -0.57735027
vn -0.57735027 -0.57735027 -0.57735027
vn 0.57735027 -0.57735027 -0.57735027
vn 0.54913285 -0.80418645 -0.22745828
vn -0.13133977 -0.97378108 -0.18574248
vn 0.07006873 -0.73299543 -0.67661516
vn 0.57735027 0.57735027 -0.57735027
vn 0.54913285 0.80418645 -0.22745828
vn -0.81028756 0.53008632 -0.24988509
vn -0.57735027 0.57735027 -0.57735027
vn -0.57735027 -0.57735027 -0.57735027
vn -0.80418645 -0.54913285 -0.22745828
vn 0.38823274 -0.32841857 -0.86105551
vn 0.57735027 -0.57735027 -0.57735027
vn 0.80418645 -0.54913285 -0.22745828
vn 0.97378108 0.13133977 -0.18574248
vn 0.97378108 -0.13133977 -0.18574248
vn 0.57735027 0.57735027 -0.57735027
vn 0.80418645 -0.22745828 -0.54913285
vn 0.57735027 -0.57735027 -0.57735027
vn 0.80418645 0.54913285 -0.22745828
vn 0.57735027 0.57735027 -0.57735027
vn 0.57735027 -0.57735027 -0.57735027
vn 0.97378108 -0.13133977 -0.18574248
vn 0.97378108 0.13133977 -0.18574248
vn 0.80418645 0.22745828 -0.54913285
vn 0.57735027 0.57735027 -0.57735027
vn -0.55722744 -0.13133977 -0.81990697
vn 0.55722744 -0.13133977 -0.81990697
vn 0.18574248 0.13133977 -0.97378108
vn -0.18574248 0.13133977 -0.97378108
vn -0.57735027 0.57735027 -0.57735027
vn -0.57735027 -0.57735027 -0.57735027
vn -0.80418645 -0.54913285 -0.22745828
vn -0.97378108 0.13133977 -0.18574248
vn -0.73299543 -0.07006873 -0.67661516
vn 0.57735027 -0.57735027 -0.57735027
vn 0.80418645 -0.54913285 -0.22745828
vn 0.53008632 0.81028756 -0.24988509
vn 0.57735027 0.57735027 -0.57735027
vn -0.54913285 0.80418645 -0.22745828
vn -0.57735027 0.57735027 -0.57735027
vn -0.32841857 -0.38823274 -0.86105551
vn -0.57735027 -0.57735027 -0.57735027
vn 0.22745828 -0.80418645 -0.54913285
vn -0.54913285 -0.80418645 -0.22745828
vn 0.57735027 -0.57735027 -0.57735027
vn 0.13133977 -0.97378108 -0.18574248
vn -0.13133977 -0.97378108 -0.18574248
vn -0.22745828 -0.80418645 -0.54913285
vn -0.57735027 -0.57735027 -0.57735027
vn 0.57735027 0.57735027 -0.57735027
vn 0.22745828 0.80418645 -0.54913285
vn -0.54913285 0.80418645 -0.22745828
vn -0.57735027 0.57735027 -0.57735027
vn 0.13133977 0.97378108 -0.18574248
vn -0.13133977 0.97378108 -0.18574248
vn -0.22745828 0.80418645 -0.54913285
vn -0.57735027 0.57735027 -0.57735027
vn -0.57735027 -0.57735027 -0.57735027
vn -0.54913285 -0.80418645 -0.22745828
vn -0.32841857 0.38823274 -0.86105551
vn 0.53008632 -0.81028756 -0.24988509
vn 0.57735027 -0.57735027 -0.57735027
vn 0.80418645 0.54913285 -0.22745828
vn 0.57735027 0.57735027 -0.57735027
vn -0.57735027 0.57735027 -0.57735027
vn -0.80418645 0.54913285 -0.22745828
vn -0.73299543 0.07006873 -0.67661516
vn -0.97378108 -0.13133977 -0.18574248
vn -0.57735027 -0.57735027 -0.57735027
vn 0.18574248 -0.13133977 -0.97378108
vn -0.18574248 -0.13133977 -0.97378108
vn 0.55722744 0.13133977 -0.81990697
vn -0.55722744 0.13133977 -0.81990697
vn -0.57735027 0.57735027 -0.57735027
vn -0.80418645 0.54913285 -0.22745828
vn 0.38823274 0.32841857 -0.86105551
vn 0.49315354 -0.46310182 0.73643485
vn 0.36249094 -0.57119378 0.73643600
vn 0.59282776 -0.32591007 0.73643593
vn 0.20905267 -0.64339763 0.73643497
vn 0.65525441 -0.16824006 0.73643529
vn 0.04247688 -0.67517189 0.73643644
vn 0.67650790 -0.00000000 0.73643538
vn -0.12676566 -0.66452629 0.73643416
vn 0.65525441 0.16824006 0.73643529
vn 0.49315354 0.46310182 0.73643485
vn 0.59282776 0.32591007 0.73643593
vn 0.49315354 -0.46310182 0.73643485
vn -0.43122238 -0.52125841 0.73643528
vn -0.54730597 -0.39764186 0.73643542
vn 0.49315354 -0.46310182 0.73643485
vn -0.28804149 -0.61212253 0.73643609
vn 0.36249094 -0.57119378 0.73643600
vn 0.36249094 0.57119378 0.73643600
vn 0.36249094 -0.57119378 0.73643600
vn 0.59282776 -0.32591007 0.73643593
vn 0.59282776 -0.32591007 0.73643593
vn -0.62900078 -0.24904036 0.73643528
vn 0.20905267 0.64339763 0.73643497
vn 0.20905267 -0.64339763 0.73643497
vn 0.20905210 -0.64339760 0.73643516
vn -0.67117290 -0.08478973 0.73643576
vn 0.65525441 -0.16824006 0.73643529
vn 0.65525441 -0.16824006 0.73643529
vn 0.04247978 0.67517281 0.73643543
vn 0.04247688 -0.67517189 0.73643644
vn -0.67117290 0.08478973 0.73643576
vn 0.67650790 -0.00000000 0.73643538
vn -0.12676513 0.66452421 0.73643614
vn -0.12676566 -0.66452629 0.73643416
vn -0.62900078 0.24904036 0.73643528
vn 0.65525441 0.16824006 0.73643529
vn -0.28804438 0.61212232 0.73643512
vn -0.28804149 -0.61212253 0.73643609
vn -0.54730597 0.39764186 0.73643542
vn 0.59282776 0.32591007 0.73643593
vn -0.43122238 0.52125841 0.73643528
vn -0.43122238 -0.52125841 0.73643528
vn 0.49315354 0.46310182 0.73643485
vn 0.65525441 0.16824006 0.73643529
vn 0.67650790 -0.00000000 0.73643538
vn 0.59282776 0.32591007 0.73643593
vn 0.49315354 0.46310182 0.73643485
vn -0.28804149 -0.61212253 0.73643609
vn -0.43122238 -0.52125841 0.73643528
vn -0.12676585 -0.66452633 0.73643410
vn 0.04247618 -0.67517207 0.73643632
vn -0.54730597 -0.39764186 0.73643542
vn 0.36249094 0.57119378 0.73643600
vn -0.62900078 -0.24904036 0.73643528
vn 0.20905267 0.64339763 0.73643497
vn -0.67117290 -0.08478973 0.73643576
vn 0.04247978 0.67517281 0.73643543
vn -0.67117290 0.08478973 0.73643576
vn -0.12676513 0.66452421 0.73643614
vn 0.49315354 -0.46310182 0.73643485
vn -0.54730597 -0.39764186 0.73643542
vn 0.36249094 -0.57119378 0.73643600
vn 0.36249094 0.57119378 0.73643600
vn 0.59282776 -0.32591007 0.73643593
vn -0.62900078 -0.24904036 0.73643528
vn 0.20905210 -0.64339760 0.73643516
vn 0.20905210 0.64339760 0.73643516
vn -0.67117290 -0.08478973 0.73643576
vn 0.65525441 -0.16824006 0.73643529
vn 0.04247618 -0.67517207 0.73643632
vn 0.04247908 0.67517299 0.73643531
vn -0.67117290 0.08478973 0.73643576
vn 0.67650790 -0.00000000 0.73643538
vn -0.12676585 -0.66452633 0.73643410
vn -0.12676532 0.66452424 0.73643607
vn -0.62900078 0.24904036 0.73643528
vn 0.65525441 0.16824006 0.73643529
vn -0.28804149 -0.61212253 0.73643609
vn -0.28804438 0.61212232 0.73643512
vn -0.54730597 0.39764186 0.73643542
vn 0.59282776 0.32591007 0.73643593
vn -0.43122238 -0.52125841 0.73643528
vn -0.43122238 0.52125841 0.73643528
vn -0.43122238 0.52125841 0.73643528
vn 0.49315354 0.46310182 0.73643485
vn -0.54730597 -0.39764186 0.73643542
vn -0.54730597 0.39764186 0.73643542
vn -0.28804438 0.61212232 0.73643512
vn 0.36249094 0.57119378 0.73643600
vn -0.62900078 0.24904036 0.73643528
vn -0.62900078 -0.24904036 0.73643528
vn 0.20905210 0.64339760 0.73643516
vn -0.67117290 -0.08478973 0.73643576
vn -0.12676532 0.66452424 0.73643607
vn 0.04247908 0.67517299 0.73643531
vn -0.28804438 0.61212232 0.73643512
vn -0.43122238 0.52125841 0.73643528
vn -0.54730597 0.39764186 0.73643542
vn -0.62900078 0.24904036 0.73643528
vn -0.67117290 0.08478973 0.73643576
vn -0.80418645 0.22745828 -0.54913285
vn -0.80418645 -0.22745828 -0.54913285
vn 0.29710858 -0.63026247 -0.71728356
vn 0.29710858 0.63026247 -0.71728356
vn 0.29493634 0.62675706 -0.72124069
vn 0.37116821 0.58479784 -0.72128056
vn -0.64404262 -0.25499292 -0.72124040
vn -0.60697966 -0.33372123 -0.72125296
vn 0.44150527 -0.53358262 -0.72136168
vn 0.50481395 -0.47409901 -0.72138270
vn 0.21403501 0.65878289 -0.72124484
vn 0.56030111 -0.40714633 -0.72131445
vn -0.67090650 -0.17222618 -0.72126459
vn 0.12974345 0.68036605 -0.72129653
vn 0.37116980 -0.58479989 -0.72127808
vn 0.60698033 -0.33371737 -0.72125418
vn -0.68713089 -0.08674426 -0.72133665
vn 0.29493908 -0.62675440 -0.72124189
vn 0.64404520 -0.25499416 -0.72123766
vn 0.21403501 -0.65878289 -0.72124484
vn 0.67090424 -0.17222963 -0.72126587
vn 0.12973898 -0.68036532 -0.72129801
vn 0.68713089 -0.08674426 -0.72133665
vn 0.04340656 -0.69117180 -0.72138576
vn -0.12974345 0.68036605 -0.72129653
vn -0.21403501 0.65878289 -0.72124484
vn -0.29493634 0.62675706 -0.72124069
vn -0.37116821 0.58479784 -0.72128056
vn -0.44150852 0.53358139 -0.72136061
vn -0.50481395 0.47409901 -0.72138270
vn -0.56030043 0.40714863 -0.72131367
vn -0.60697822 0.33372091 -0.72125432
vn -0.64404383 0.25499152 -0.72123982
vn -0.67090651 0.17222622 -0.72126457
vn -0.68713093 0.08674424 -0.72133663
vn 0.69253804 -0.00000001 -0.72138136
vn 0.68713093 0.08674424 -0.72133663
vn 0.04341035 0.69117007 -0.72138719
vn -0.04341035 0.69117007 -0.72138719
vn -0.69253804 -0.00000001 -0.72138136
vn -0.04340656 -0.69117180 -0.72138576
vn -0.44150527 -0.53358262 -0.72136168
vn -0.37116980 -0.58479989 -0.72127808
vn -0.29493908 -0.62675440 -0.72124189
vn -0.21403501 -0.65878289 -0.72124484
vn -0.12973898 -0.68036532 -0.72129801
vn 0.67090425 0.17222966 -0.72126585
vn 0.64404640 0.25499275 -0.72123708
vn 0.60697889 0.33371705 -0.72125554
vn 0.56030043 0.40714863 -0.72131367
vn 0.50481395 0.47409901 -0.72138270
vn -0.50481395 -0.47409901 -0.72138270
vn 0.44150852 0.53358139 -0.72136061
vn -0.56030111 -0.40714633 -0.72131445
vn -0.29710858 -0.63026247 -0.71728356
vn 0.80418645 -0.22745828 -0.54913285
vn 0.80418645 0.22745828 -0.54913285
vn -0.80418645 -0.22745828 -0.54913285
vn -0.80418645 0.22745828 -0.54913285
vn -0.29710858 0.63026247 -0.71728356
vn 0.72742213 -0.68309661 0.06508503
vn 0.53469086 -0.84253773 0.06508341
vn 0.87444864 -0.48073427 0.06507021
vn 0.96653090 0.24816334 0.06506130
vn 0.99788036 -0.00000083 0.06507525
vn 0.96653117 -0.24816222 0.06506164
vn 0.87444910 0.48073347 0.06507002
vn 0.72742431 0.68309663 0.06506056
vn 0.53469232 0.84253692 0.06508191
vn 0.30836168 0.94904260 0.06504786
vn 0.06265790 0.99591042 0.06508775
vn -0.18698347 0.98020494 0.06508034
vn -0.42487714 0.90290912 0.06507332
vn -0.63607164 0.76888133 0.06507200
vn -0.80730378 0.58654036 0.06504621
vn -0.92780610 0.36734593 0.06506007
vn -0.99001115 0.12506561 0.06508849
vn -0.99001115 -0.12506561 0.06508849
vn -0.92780610 -0.36734593 0.06506007
vn -0.80730065 -0.58654229 0.06506767
vn -0.63607266 -0.76888041 0.06507295
vn -0.42487355 -0.90291081 0.06507331
vn -0.18698417 -0.98020707 0.06504635
vn 0.06265523 -0.99591049 0.06508930
vn 0.30836026 -0.94904060 0.06508366
vn 0.72742484 -0.68309618 0.06505936
vn 0.53468965 -0.84253858 0.06508239
vn 0.87444923 -0.48073331 0.06506944
vn 0.96653090 0.24816334 0.06506130
vn 0.99788036 -0.00000083 0.06507525
vn 0.96653117 -0.24816222 0.06506164
vn 0.87444910 0.48073347 0.06507002
vn 0.72742431 0.68309663 0.06506056
vn 0.53469232 0.84253692 0.06508191
vn 0.30836168 0.94904260 0.06504786
vn 0.06265790 0.99591042 0.06508775
vn -0.18698347 0.98020494 0.06508034
vn -0.42487714 0.90290912 0.06507332
vn -0.63607164 0.76888133 0.06507200
vn -0.80730378 0.58654036 0.06504621
vn -0.92780610 0.36734593 0.06506007
vn -0.99001115 0.12506561 0.06508849
vn -0.99001115 -0.12506561 0.06508849
vn -0.92780610 -0.36734593 0.06506007
vn -0.80730065 -0.58654229 0.06506767
vn -0.63607266 -0.76888041 0.06507295
vn -0.42487355 -0.90291081 0.06507331
vn -0.18698417 -0.98020707 0.06504635
vn 0.06265523 -0.99591049 0.06508930
vn 0.30836026 -0.94904060 0.06508366
vn 0.72742484 -0.68309618 0.06505936
vn 0.53468965 -0.84253858 0.06508239
vn 0.87444923 -0.48073331 0.06506944
vn 0.96653090 0.24816334 0.06506130
vn 0.99788036 -0.00000083 0.06507525
vn 0.96653117 -0.24816222 0.06506164
vn 0.87444910 0.48073347 0.06507002
vn 0.72742431 0.68309663 0.06506056
vn 0.53469232 0.84253692 0.06508191
vn 0.30836094 0.94904284 0.06504786
vn 0.06265685 0.99591049 0.06508775
vn -0.18698373 0.98020489 0.06508034
vn -0.42487714 0.90290912 0.06507332
vn -0.63607164 0.76888133 0.06507200
vn -0.80730378 0.58654036 0.06504621
vn -0.92780610 0.36734593 0.06506007
vn -0.99001115 0.12506561 0.06508849
vn -0.99001115 -0.12506561 0.06508849
vn -0.92780610 -0.36734593 0.06506007
vn -0.80730065 -0.58654229 0.06506767
vn -0.63607266 -0.76888041 0.06507295
vn -0.42487355 -0.90291081 0.06507331
vn -0.18698443 -0.98020702 0.06504635
vn 0.06265419 -0.99591056 0.06508930
vn 0.30835952 -0.94904084 0.06508366
vn 0.72742213 -0.68309661 0.06508503
vn 0.53469086 -0.84253773 0.06508341
vn 0.87444864 -0.48073427 0.06507021
vn 0.96653090 0.24816334 0.06506130
vn 0.99788036 -0.00000083 0.06507525
vn 0.96653117 -0.24816222 0.06506164
vn 0.87444910 0.48073347 0.06507002
vn 0.72742431 0.68309663 0.06506056
vn 0.53469232 0.84253692 0.06508191
vn 0.30836094 0.94904284 0.06504786
vn 0.06265685 0.99591049 0.06508775
vn -0.18698373 0.98020489 0.06508034
vn -0.42487714 0.90290912 0.06507332
vn -0.63607164 0.76888133 0.06507200
vn -0.80730378 0.58654036 0.06504621
vn -0.92780610 0.36734593 0.06506007
vn -0.99001115 0.12506561 0.06508849
vn -0.99001115 -0.12506561 0.06508849
vn -0.92780610 -0.36734593 0.06506007
vn -0.80730065 -0.58654229 0.06506767
vn -0.63607266 -0.76888041 0.06507295
vn -0.42487355 -0.90291081 0.06507331
vn -0.18698443 -0.98020702 0.06504635
vn 0.06265419 -0.99591056 0.06508930
vn 0.30835952 -0.94904084 0.06508366
vn 0.71889201 -0.00000027 -0.69512177
vn 0.71463014 0.07764102 -0.69518029
vn 0.70195329 0.15446370 -0.69527156
vn 0.68107996 0.22946472 -0.69532441
vn 0.65226415 0.30177871 -0.69532804
vn 0.61582730 0.37058185 -0.69528831
vn 0.57219474 0.43506042 -0.69520904
vn 0.52188387 0.49441522 -0.69511928
vn 0.46544671 0.54783849 -0.69514916
vn 0.40340686 0.59488131 -0.69525472
vn 0.33667178 0.63497249 -0.69531435
vn 0.26601033 0.66764777 -0.69533083
vn 0.19224598 0.69252665 -0.69530449
vn 0.11622480 0.70932798 -0.69523062
vn 0.03882649 0.71784751 -0.69511687
vn -0.03882649 0.71784751 -0.69511687
vn -0.11622480 0.70932798 -0.69523062
vn -0.19224598 0.69252665 -0.69530449
vn -0.26601033 0.66764777 -0.69533083
vn -0.33667178 0.63497249 -0.69531435
vn -0.40340686 0.59488131 -0.69525472
vn -0.46544671 0.54783849 -0.69514916
vn -0.52188387 0.49441522 -0.69511928
vn -0.57219474 0.43506042 -0.69520904
vn -0.61582730 0.37058185 -0.69528831
vn -0.65226400 0.30177879 -0.69532815
vn -0.68107990 0.22946456 -0.69532452
vn -0.70195329 0.15446370 -0.69527156
vn -0.71463014 0.07764102 -0.69518029
vn -0.71889201 -0.00000027 -0.69512177
vn -0.71463001 -0.07764126 -0.69518039
vn -0.70195316 -0.15446229 -0.69527201
vn -0.68108068 -0.22946343 -0.69532413
vn -0.65226364 -0.30178125 -0.69532742
vn -0.61582627 -0.37058063 -0.69528987
vn -0.57219709 -0.43505868 -0.69520820
vn -0.52188387 -0.49441522 -0.69511928
vn -0.46544671 -0.54783849 -0.69514916
vn -0.40340681 -0.59488147 -0.69525462
vn -0.33667194 -0.63497252 -0.69531425
vn -0.26601033 -0.66764777 -0.69533083
vn -0.19224171 -0.69252924 -0.69530309
vn -0.11622418 -0.70932516 -0.69523360
vn -0.03883157 -0.71784891 -0.69511513
vn 0.03883157 -0.71784891 -0.69511513
vn 0.11622418 -0.70932516 -0.69523360
vn 0.19224171 -0.69252924 -0.69530309
vn 0.26601033 -0.66764777 -0.69533083
vn 0.33667194 -0.63497252 -0.69531425
vn 0.40340681 -0.59488147 -0.69525462
vn 0.46544671 -0.54783849 -0.69514916
vn 0.52188387 -0.49441522 -0.69511928
vn 0.57219709 -0.43505868 -0.69520820
vn 0.61582627 -0.37058063 -0.69528987
vn 0.65226379 -0.30178117 -0.69532731
vn 0.68108073 -0.22946359 -0.69532402
vn 0.70195316 -0.15446229 -0.69527201
vn 0.71463001 -0.07764126 -0.69518039
vn 0.26840935 -0.82608999 0.49551161
vn 0.05453841 -0.86688446 0.49551679
vn 0.29870188 -0.91929788 0.25625883
vn 0.03188288 -0.50674673 0.86150521
vn -0.09514472 -0.49875748 0.86150360
vn -0.13346374 -0.69964617 0.70191358
vn 0.04472245 -0.71085726 0.70191300
vn 0.51793633 -0.81613043 0.25626757
vn 0.22009965 -0.67739447 0.70192084
vn 0.01685940 -0.26795481 0.96328396
vn 0.02181171 -0.06712844 0.99750590
vn 0.00443128 -0.07043774 0.99750634
vn -0.05030892 -0.26373157 0.96328328
vn 0.46541609 -0.73338348 0.49551643
vn 0.15689930 -0.48288397 0.86151360
vn 0.70462757 -0.66168799 0.25625961
vn 0.06836403 0.01755276 0.99750602
vn 0.07058001 -0.00000000 0.99750612
vn 0.26848365 -0.00000001 0.96328424
vn 0.38164564 -0.60137570 0.70192156
vn 0.08296385 -0.25533952 0.96328538
vn 0.03781552 -0.05958896 0.99750646
vn 0.63318507 -0.59460325 0.49550343
vn 0.27206196 -0.42870052 0.86150923
vn 0.84704761 -0.46566951 0.25624649
vn 0.51921701 -0.48757751 0.70191301
vn 0.14386662 -0.22669583 0.96328158
vn 0.05145201 -0.04831569 0.99750603
vn 0.76114830 -0.41844654 0.49553583
vn 0.37012440 -0.34756876 0.86151256
vn 0.93624530 -0.24038267 0.25624383
vn 0.96660744 -0.00000088 0.25626171
vn 0.62414221 -0.34312737 0.70193312
vn 0.19571319 -0.18378764 0.96328524
vn 0.06184529 -0.03400013 0.99750647
vn 0.84131080 -0.21600937 0.49551599
vn 0.86859141 -0.00000000 0.49552898
vn 0.71226262 -0.00000000 0.70191307
vn 0.44495426 -0.24461314 0.86149876
vn 0.68987151 -0.17712934 0.70192770
vn 0.50775355 -0.00000002 0.86150237
vn 0.23527795 -0.12934586 0.96328289
vn 0.06836503 -0.01755306 0.99750595
vn 0.49177449 -0.12626745 0.86151865
vn 0.26005218 -0.06676966 0.96328328
vn 0.93624492 0.24038383 0.25624417
vn 0.84131080 0.21600937 0.49551599
vn 0.84704876 0.46566769 0.25624597
vn 0.68987556 0.17712861 0.70192390
vn 0.76114709 0.41844664 0.49553761
vn 0.49177892 0.12627073 0.86151564
vn 0.70462487 0.66169234 0.25625581
vn 0.62414258 0.34312984 0.70193159
vn 0.26005097 0.06677012 0.96328357
vn 0.06184563 0.03399920 0.99750648
vn 0.63317823 0.59459144 0.49552634
vn 0.44495447 0.24461254 0.86149882
vn 0.51793812 0.81612947 0.25626703
vn 0.51921946 0.48757727 0.70191136
vn 0.23527804 0.12934458 0.96328304
vn 0.05145382 0.04831933 0.99750576
vn 0.46541581 0.73338236 0.49551835
vn 0.37012463 0.34756887 0.86151241
vn 0.29869916 0.91929955 0.25625601
vn 0.38165410 0.60138579 0.70190831
vn 0.26840396 0.82607406 0.49554108
vn 0.19571433 0.18378906 0.96328474
vn 0.03781619 0.05958847 0.99750647
vn 0.27206530 0.42870804 0.86150443
vn 0.06069441 0.96469710 0.25627270
vn 0.22010443 0.67740850 0.70190581
vn 0.14386032 0.22668473 0.96328513
vn 0.02180976 0.06712383 0.99750625
vn 0.05453881 0.86688378 0.49551794
vn 0.15690417 0.48290234 0.86150242
vn -0.18112330 0.94948113 0.25628096
vn 0.04472131 0.71085800 0.70191233
vn -0.16275601 0.85320121 0.49553826
vn 0.08296272 0.25533659 0.96328626
vn 0.00443145 0.07043772 0.99750634
vn -0.41156775 0.87461445 0.25624511
vn 0.03188079 0.50674666 0.86150533
vn -0.13346367 0.69964627 0.70191349
vn 0.01685863 0.26795425 0.96328413
vn -0.01322492 0.06932860 0.99750621
vn -0.36982912 0.78593122 0.49551846
vn -0.09514492 0.49875750 0.86150357
vn -0.61613789 0.74478955 0.25624721
vn -0.30326196 0.64446593 0.70192297
vn -0.05030902 0.26373162 0.96328326
vn -0.03005246 0.06386441 0.99750598
vn -0.55367046 0.66926757 0.49550978
vn -0.21618767 0.45942180 0.86150711
vn -0.78200837 0.56816149 0.25623314
vn -0.45401342 0.54880739 0.70191329
vn -0.11431483 0.24293325 0.96328374
vn -0.04498965 0.05438325 0.99750609
vn -0.70269819 0.51054002 0.49554428
vn -0.32364424 0.39121909 0.86151148
vn -0.89872596 0.35583070 0.25627359
vn -0.57621880 0.41864902 0.70192941
vn -0.17113317 0.20686429 0.96328636
vn -0.05709977 0.04148603 0.99750615
vn -0.80759689 0.31974988 0.49552726
vn -0.41078496 0.29844828 0.86150121
vn -0.95898626 0.12115115 0.25625720
vn -0.66224763 0.26220097 0.70191077
vn -0.21720746 0.15781000 0.96328444
vn -0.06562452 0.02598253 0.99750606
vn -0.86174472 0.10886498 0.49552442
vn -0.47208061 0.18691088 0.86151275
vn -0.95898700 -0.12114878 0.25625554
vn -0.70663523 0.08926869 0.70192432
vn -0.24963282 0.09883723 0.96328327
vn -0.07002334 0.00884618 0.99750613
vn -0.86174422 -0.10886212 0.49552592
vn -0.50375802 0.06364028 0.86149740
vn -0.89872498 -0.35583398 0.25627250
vn -0.70663523 -0.08926869 0.70192432
vn -0.26636540 0.03365113 0.96328452
vn -0.07002391 -0.00884666 0.99750608
vn -0.80759446 -0.31975380 0.49552871
vn -0.50375658 -0.06364091 0.86149820
vn -0.78200501 -0.56815667 0.25625410
vn -0.66224766 -0.26220189 0.70191040
vn -0.26636424 -0.03364891 0.96328492
vn -0.06562454 -0.02598266 0.99750605
vn -0.70270708 -0.51054186 0.49552979
vn -0.47208061 -0.18691088 0.86151275
vn -0.61613988 -0.74478788 0.25624727
vn -0.57622799 -0.41865687 0.70191718
vn -0.24963274 -0.09883726 0.96328329
vn -0.05709989 -0.04148595 0.99750615
vn -0.55367146 -0.66926763 0.49550858
vn -0.41078444 -0.29844923 0.86150113
vn -0.41156635 -0.87461541 0.25624406
vn -0.45401299 -0.54880701 0.70191386
vn -0.21720742 -0.15781044 0.96328438
vn -0.04498952 -0.05438351 0.99750608
vn -0.36982940 -0.78593118 0.49551831
vn -0.32364515 -0.39121850 0.86151140
vn -0.18112301 -0.94949088 0.25624505
vn -0.30326196 -0.64446593 0.70192297
vn -0.17113351 -0.20686423 0.96328631
vn -0.03005058 -0.06385980 0.99750634
vn -0.16275496 -0.85320186 0.49553750
vn -0.21618767 -0.45942180 0.86150711
vn 0.06069380 -0.96469756 0.25627112
vn -0.11431307 -0.24292975 0.96328483
vn -0.01322507 -0.06932874 0.99750620
vn 0.26840935 -0.82608999 0.49551161
vn 0.05453841 -0.86688446 0.49551679
vn 0.29870188 -0.91929788 0.25625883
vn 0.03188288 -0.50674673 0.86150521
vn -0.09514472 -0.49875748 0.86150360
vn -0.13346374 -0.69964617 0.70191358
vn 0.04472245 -0.71085726 0.70191300
vn 0.51793370 -0.81613209 0.25626764
vn 0.22009965 -0.67739447 0.70192084
vn 0.01685940 -0.26795481 0.96328396
vn 0.02181171 -0.06712844 0.99750590
vn 0.00443128 -0.07043774 0.99750634
vn -0.05030892 -0.26373157 0.96328328
vn 0.46541456 -0.73338390 0.49551725
vn 0.15689930 -0.48288397 0.86151360
vn 0.70462570 -0.66169074 0.25625766
vn 0.06836403 0.01755276 0.99750602
vn 0.07058001 0.00000000 0.99750612
vn 0.26848365 -0.00000001 0.96328424
vn 0.38164564 -0.60137570 0.70192156
vn 0.08296385 -0.25533952 0.96328538
vn 0.03781552 -0.05958896 0.99750646
vn 0.63317866 -0.59459254 0.49552446
vn 0.27206196 -0.42870052 0.86150923
vn 0.84704809 -0.46566822 0.25624723
vn 0.51921701 -0.48757751 0.70191301
vn 0.14386662 -0.22669583 0.96328158
vn 0.05145201 -0.04831569 0.99750603
vn 0.76114830 -0.41844654 0.49553583
vn 0.37012440 -0.34756876 0.86151256
vn 0.93624530 -0.24038267 0.25624383
vn 0.96660744 -0.00000088 0.25626171
vn 0.62414221 -0.34312737 0.70193312
vn 0.19571319 -0.18378764 0.96328524
vn 0.06184529 -0.03400013 0.99750647
vn 0.84131080 -0.21600937 0.49551599
vn 0.86859141 0.00000000 0.49552898
vn 0.71226262 0.00000000 0.70191307
vn 0.44495426 -0.24461314 0.86149876
vn 0.68987151 -0.17712934 0.70192770
vn 0.50775355 -0.00000002 0.86150237
vn 0.23527795 -0.12934586 0.96328289
vn 0.06836503 -0.01755306 0.99750595
vn 0.49177449 -0.12626745 0.86151865
vn 0.26005218 -0.06676966 0.96328328
vn 0.93624492 0.24038383 0.25624417
vn 0.84131080 0.21600937 0.49551599
vn 0.84704876 0.46566769 0.25624597
vn 0.68987556 0.17712861 0.70192390
vn 0.76114709 0.41844664 0.49553761
vn 0.49177892 0.12627073 0.86151564
vn 0.70462487 0.66169234 0.25625581
vn 0.62414258 0.34312984 0.70193159
vn 0.26005097 0.06677012 0.96328357
vn 0.06184563 0.03399920 0.99750648
vn 0.63317823 0.59459144 0.49552634
vn 0.44495447 0.24461254 0.86149882
vn 0.51793812 0.81612947 0.25626703
vn 0.51921946 0.48757727 0.70191136
vn 0.23527804 0.12934458 0.96328304
vn 0.05145390 0.04831902 0.99750577
vn 0.46541581 0.73338236 0.49551835
vn 0.37012463 0.34756887 0.86151241
vn 0.29869916 0.91929955 0.25625601
vn 0.38165410 0.60138579 0.70190831
vn 0.26840396 0.82607406 0.49554108
vn 0.19571457 0.18378902 0.96328470
vn 0.03781823 0.05959276 0.99750613
vn 0.27206530 0.42870804 0.86150443
vn 0.06069441 0.96469710 0.25627270
vn 0.22010443 0.67740850 0.70190581
vn 0.14386221 0.22668777 0.96328413
vn 0.02180974 0.06712384 0.99750625
vn 0.05453881 0.86688378 0.49551794
vn 0.15690417 0.48290234 0.86150242
vn -0.18112330 0.94948113 0.25628096
vn 0.04472131 0.71085800 0.70191233
vn -0.16275601 0.85320121 0.49553826
vn 0.08296272 0.25533659 0.96328626
vn 0.00443145 0.07043772 0.99750634
vn -0.41156775 0.87461445 0.25624511
vn 0.03188079 0.50674666 0.86150533
vn -0.13346367 0.69964627 0.70191349
vn 0.01685863 0.26795425 0.96328413
vn -0.01322492 0.06932860 0.99750621
vn -0.36982801 0.78593224 0.49551767
vn -0.09514492 0.49875750 0.86150357
vn -0.61614221 0.74479442 0.25622264
vn -0.30326033 0.64446599 0.70192361
vn -0.05030902 0.26373162 0.96328326
vn -0.03005246 0.06386441 0.99750598
vn -0.55366868 0.66927341 0.49550387
vn -0.21618767 0.45942180 0.86150711
vn -0.78200925 0.56816065 0.25623232
vn -0.45400381 0.54879300 0.70193076
vn -0.11431483 0.24293325 0.96328374
vn -0.04498965 0.05438325 0.99750609
vn -0.70269963 0.51053794 0.49554439
vn -0.32364424 0.39121909 0.86151148
vn -0.89872596 0.35583070 0.25627359
vn -0.57621909 0.41864774 0.70192993
vn -0.17113317 0.20686429 0.96328636
vn -0.05709977 0.04148603 0.99750615
vn -0.80759689 0.31974988 0.49552726
vn -0.41078496 0.29844828 0.86150121
vn -0.95898626 0.12115115 0.25625720
vn -0.66224763 0.26220097 0.70191077
vn -0.21720746 0.15781000 0.96328444
vn -0.06562452 0.02598253 0.99750606
vn -0.86174472 0.10886498 0.49552442
vn -0.47208061 0.18691088 0.86151275
vn -0.95898700 -0.12114878 0.25625554
vn -0.70663523 0.08926869 0.70192432
vn -0.24963282 0.09883723 0.96328327
vn -0.07002334 0.00884618 0.99750613
vn -0.86174422 -0.10886212 0.49552592
vn -0.50375802 0.06364028 0.86149740
vn -0.89872498 -0.35583398 0.25627250
vn -0.70663523 -0.08926869 0.70192432
vn -0.26636540 0.03365113 0.96328452
vn -0.07002391 -0.00884666 0.99750608
vn -0.80759446 -0.31975380 0.49552871
vn -0.50375658 -0.06364091 0.86149820
vn -0.78200501 -0.56815667 0.25625410
vn -0.66224766 -0.26220189 0.70191040
vn -0.26636424 -0.03364891 0.96328492
vn -0.06562454 -0.02598266 0.99750605
vn -0.70270708 -0.51054186 0.49552979
vn -0.47208061 -0.18691088 0.86151275
vn -0.61613988 -0.74478788 0.25624727
vn -0.57622799 -0.41865687 0.70191718
vn -0.24963274 -0.09883726 0.96328329
vn -0.05709989 -0.04148595 0.99750615
vn -0.55367146 -0.66926763 0.49550858
vn -0.41078444 -0.29844923 0.86150113
vn -0.41156635 -0.87461541 0.25624406
vn -0.45401299 -0.54880701 0.70191386
vn -0.21720742 -0.15781044 0.96328438
vn -0.04498952 -0.05438351 0.99750608
vn -0.36982940 -0.78593118 0.49551831
vn -0.32364515 -0.39121850 0.86151140
vn -0.18112301 -0.94949088 0.25624505
vn -0.30326196 -0.64446593 0.70192297
vn -0.17113351 -0.20686423 0.96328631
vn -0.03005058 -0.06385980 0.99750634
vn -0.16275496 -0.85320186 0.49553750
vn -0.21618767 -0.45942180 0.86150711
vn 0.06069380 -0.96469756 0.25627112
vn -0.11431307 -0.24292975 0.96328483
vn -0.01322507 -0.06932874 0.99750620
vn 0.26840935 -0.82608999 0.49551161
vn 0.05454119 -0.86688531 0.49551500
vn 0.29870149 -0.91929808 0.25625859
vn 0.03188288 -0.50674673 0.86150521
vn -0.09514472 -0.49875748 0.86150360
vn -0.13346374 -0.69964617 0.70191358
vn 0.04472245 -0.71085726 0.70191300
vn 0.51793370 -0.81613209 0.25626764
vn 0.22009965 -0.67739447 0.70192084
vn 0.01685940 -0.26795481 0.96328396
vn 0.02181171 -0.06712844 0.99750590
vn 0.00443128 -0.07043774 0.99750634
vn -0.05030892 -0.26373157 0.96328328
vn 0.46541456 -0.73338390 0.49551725
vn 0.15689930 -0.48288397 0.86151360
vn 0.70462570 -0.66169074 0.25625766
vn 0.06836403 0.01755276 0.99750602
vn 0.07058001 0.00000000 0.99750612
vn 0.26848365 -0.00000001 0.96328424
vn 0.38164564 -0.60137570 0.70192156
vn 0.08296385 -0.25533952 0.96328538
vn 0.03781552 -0.05958896 0.99750646
vn 0.63317929 -0.59459124 0.49552522
vn 0.27206196 -0.42870052 0.86150923
vn 0.84704286 -0.46566227 0.25627535
vn 0.51921843 -0.48757688 0.70191239
vn 0.14386662 -0.22669583 0.96328158
vn 0.05145201 -0.04831569 0.99750603
vn 0.76114478 -0.41844416 0.49554325
vn 0.37012440 -0.34756876 0.86151256
vn 0.93624462 -0.24038417 0.25624494
vn 0.96660744 -0.00000088 0.25626171
vn 0.62416153 -0.34313432 0.70191254
vn 0.19571319 -0.18378764 0.96328524
vn 0.06184529 -0.03400013 0.99750647
vn 0.84129685 -0.21601027 0.49553927
vn 0.86859141 0.00000000 0.49552898
vn 0.71226145 -0.00000000 0.70191426
vn 0.44495426 -0.24461314 0.86149876
vn 0.68986456 -0.17713120 0.70193406
vn 0.50775499 -0.00000002 0.86150152
vn 0.23527795 -0.12934586 0.96328289
vn 0.06836503 -0.01755306 0.99750595
vn 0.49179432 -0.12627061 0.86150686
vn 0.26005218 -0.06676966 0.96328328
vn 0.93624423 0.24038533 0.25624528
vn 0.84129685 0.21601027 0.49553927
vn 0.84704263 0.46566285 0.25627506
vn 0.68986861 0.17713047 0.70193026
vn 0.76114416 0.41844508 0.49554341
vn 0.49179876 0.12627389 0.86150385
vn 0.70462565 0.66169114 0.25625677
vn 0.62416205 0.34313524 0.70191163
vn 0.26005097 0.06677012 0.96328357
vn 0.06184563 0.03399920 0.99750648
vn 0.63317983 0.59459045 0.49552548
vn 0.44495447 0.24461254 0.86149882
vn 0.51793812 0.81612947 0.25626703
vn 0.51921946 0.48757727 0.70191136
vn 0.23527804 0.12934458 0.96328304
vn 0.05145390 0.04831902 0.99750577
vn 0.46541581 0.73338236 0.49551835
vn 0.37012463 0.34756887 0.86151241
vn 0.29869845 0.91929979 0.25625599
vn 0.38165410 0.60138579 0.70190831
vn 0.26840364 0.82607428 0.49554088
vn 0.19571457 0.18378902 0.96328470
vn 0.03781823 0.05959276 0.99750613
vn 0.27206530 0.42870804 0.86150443
vn 0.06069109 0.96469780 0.25627084
vn 0.22010443 0.67740850 0.70190581
vn 0.14386221 0.22668777 0.96328413
vn 0.02180974 0.06712384 0.99750625
vn 0.05454185 0.86688477 0.49551588
vn 0.15690417 0.48290234 0.86150242
vn -0.18112343 0.94948108 0.25628104
vn 0.04472131 0.71085800 0.70191233
vn -0.16275601 0.85320121 0.49553826
vn 0.08296272 0.25533659 0.96328626
vn 0.00443145 0.07043772 0.99750634
vn -0.41156775 0.87461445 0.25624511
vn 0.03188079 0.50674666 0.86150533
vn -0.13346367 0.69964627 0.70191349
vn 0.01685863 0.26795425 0.96328413
vn -0.01322492 0.06932860 0.99750621
vn -0.36982871 0.78593159 0.49551817
vn -0.09514492 0.49875750 0.86150357
vn -0.61614105 0.74478832 0.25624316
vn -0.30326136 0.64446595 0.70192321
vn -0.05030902 0.26373162 0.96328326
vn -0.03005246 0.06386441 0.99750598
vn -0.55366461 0.66927330 0.49550858
vn -0.21618767 0.45942180 0.86150711
vn -0.78200764 0.56816295 0.25623215
vn -0.45401454 0.54880261 0.70191630
vn -0.11431483 0.24293325 0.96328374
vn -0.04498965 0.05438325 0.99750609
vn -0.70269651 0.51054144 0.49554521
vn -0.32364424 0.39121909 0.86151148
vn -0.89873321 0.35583463 0.25624273
vn -0.57621878 0.41864910 0.70192937
vn -0.17113317 0.20686429 0.96328636
vn -0.05709977 0.04148603 0.99750615
vn -0.80759997 0.31974883 0.49552294
vn -0.41078496 0.29844828 0.86150121
vn -0.95898678 0.12114950 0.25625605
vn -0.66222929 0.26219463 0.70193044
vn -0.21720746 0.15781000 0.96328444
vn -0.06562452 0.02598253 0.99750606
vn -0.86174441 0.10886275 0.49552545
vn -0.47208061 0.18691088 0.86151275
vn -0.95898700 -0.12114878 0.25625554
vn -0.70663523 0.08926869 0.70192432
vn -0.24963282 0.09883723 0.96328327
vn -0.07002334 0.00884618 0.99750613
vn -0.86174426 -0.10886187 0.49552591
vn -0.50375802 0.06364028 0.86149740
vn -0.89873256 -0.35583622 0.25624280
vn -0.70663523 -0.08926869 0.70192432
vn -0.26636540 0.03365113 0.96328452
vn -0.07002391 -0.00884666 0.99750608
vn -0.80759879 -0.31975118 0.49552333
vn -0.50375658 -0.06364091 0.86149820
vn -0.78200340 -0.56815896 0.25625392
vn -0.66222932 -0.26219556 0.70193007
vn -0.26636424 -0.03364891 0.96328492
vn -0.06562454 -0.02598266 0.99750605
vn -0.70270489 -0.51054472 0.49552995
vn -0.47208061 -0.18691088 0.86151275
vn -0.61613789 -0.74478225 0.25626842
vn -0.57622799 -0.41865687 0.70191718
vn -0.24963274 -0.09883726 0.96328329
vn -0.05709989 -0.04148595 0.99750615
vn -0.55366621 -0.66926941 0.49551204
vn -0.41078444 -0.29844923 0.86150113
vn -0.41156712 -0.87461486 0.25624470
vn -0.45402237 -0.54881702 0.70189997
vn -0.21720742 -0.15781044 0.96328438
vn -0.04498952 -0.05438351 0.99750608
vn -0.36983121 -0.78593038 0.49551823
vn -0.32364515 -0.39121850 0.86151140
vn -0.18112326 -0.94949083 0.25624505
vn -0.30326299 -0.64446589 0.70192256
vn -0.17113351 -0.20686423 0.96328631
vn -0.03005058 -0.06385980 0.99750634
vn -0.16275508 -0.85320179 0.49553757
vn -0.21618767 -0.45942180 0.86150711
vn 0.06069027 -0.96469835 0.25626897
vn -0.11431307 -0.24292975 0.96328483
vn -0.01322507 -0.06932874 0.99750620
vn 0.26840935 -0.82608999 0.49551161
vn 0.05454119 -0.86688531 0.49551500
vn 0.29870149 -0.91929808 0.25625859
vn 0.03188288 -0.50674673 0.86150521
vn -0.09514472 -0.49875748 0.86150360
vn -0.13346374 -0.69964617 0.70191358
vn 0.04472245 -0.71085726 0.70191300
vn 0.51793633 -0.81613043 0.25626757
vn 0.22009965 -0.67739447 0.70192084
vn 0.01685940 -0.26795481 0.96328396
vn 0.02181171 -0.06712844 0.99750590
vn 0.00443128 -0.07043774 0.99750634
vn -0.05030892 -0.26373157 0.96328328
vn 0.46541609 -0.73338348 0.49551643
vn 0.15689930 -0.48288397 0.86151360
vn 0.70462757 -0.66168799 0.25625961
vn 0.06836403 0.01755276 0.99750602
vn 0.07058001 -0.00000000 0.99750612
vn 0.26848365 -0.00000001 0.96328424
vn 0.38164564 -0.60137570 0.70192156
vn 0.08296385 -0.25533952 0.96328538
vn 0.03781552 -0.05958896 0.99750646
vn 0.63318570 -0.59460195 0.49550418
vn 0.27206196 -0.42870052 0.86150923
vn 0.84704237 -0.46566355 0.25627460
vn 0.51921843 -0.48757688 0.70191239
vn 0.14386662 -0.22669583 0.96328158
vn 0.05145201 -0.04831569 0.99750603
vn 0.76114478 -0.41844416 0.49554325
vn 0.37012440 -0.34756876 0.86151256
vn 0.93624462 -0.24038417 0.25624494
vn 0.96660744 -0.00000088 0.25626171
vn 0.62416153 -0.34313432 0.70191254
vn 0.19571319 -0.18378764 0.96328524
vn 0.06184529 -0.03400013 0.99750647
vn 0.84129685 -0.21601027 0.49553927
vn 0.86859141 -0.00000000 0.49552898
vn 0.71226145 -0.00000000 0.70191426
vn 0.44495426 -0.24461314 0.86149876
vn 0.68986456 -0.17713120 0.70193406
vn 0.50775499 -0.00000002 0.86150152
vn 0.23527795 -0.12934586 0.96328289
vn 0.06836503 -0.01755306 0.99750595
vn 0.49179432 -0.12627061 0.86150686
vn 0.26005218 -0.06676966 0.96328328
vn 0.93624423 0.24038533 0.25624528
vn 0.84129685 0.21601027 0.49553927
vn 0.84704263 0.46566285 0.25627506
vn 0.68986861 0.17713047 0.70193026
vn 0.76114416 0.41844508 0.49554341
vn 0.49179876 0.12627389 0.86150385
vn 0.70462565 0.66169114 0.25625677
vn 0.62416205 0.34313524 0.70191163
vn 0.26005097 0.06677012 0.96328357
vn 0.06184563 0.03399920 0.99750648
vn 0.63317983 0.59459045 0.49552548
vn 0.44495447 0.24461254 0.86149882
vn 0.51793812 0.81612947 0.25626703
vn 0.51921946 0.48757727 0.70191136
vn 0.23527804 0.12934458 0.96328304
vn 0.05145382 0.04831933 0.99750576
vn 0.46541581 0.73338236 0.49551835
vn 0.37012463 0.34756887 0.86151241
vn 0.29869845 0.91929979 0.25625599
vn 0.38165410 0.60138579 0.70190831
vn 0.26840364 0.82607428 0.49554088
vn 0.19571433 0.18378906 0.96328474
vn 0.03781619 0.05958847 0.99750647
vn 0.27206530 0.42870804 0.86150443
vn 0.06069109 0.96469780 0.25627084
vn 0.22010443 0.67740850 0.70190581
vn 0.14386032 0.22668473 0.96328513
vn 0.02180976 0.06712383 0.99750625
vn 0.05454185 0.86688477 0.49551588
vn 0.15690417 0.48290234 0.86150242
vn -0.18112343 0.94948108 0.25628104
vn 0.04472131 0.71085800 0.70191233
vn -0.16275601 0.85320121 0.49553826
vn 0.08296272 0.25533659 0.96328626
vn 0.00443145 0.07043772 0.99750634
vn -0.41156775 0.87461445 0.25624511
vn 0.03188079 0.50674666 0.86150533
vn -0.13346367 0.69964627 0.70191349
vn 0.01685863 0.26795425 0.96328413
vn -0.01322492 0.06932860 0.99750621
vn -0.36982982 0.78593057 0.49551896
vn -0.09514492 0.49875750 0.86150357
vn -0.61613673 0.74478345 0.25626773
vn -0.30326299 0.64446589 0.70192256
vn -0.05030902 0.26373162 0.96328326
vn -0.03005246 0.06386441 0.99750598
vn -0.55366639 0.66926745 0.49551449
vn -0.21618767 0.45942180 0.86150711
vn -0.78200676 0.56816379 0.25623297
vn -0.45402414 0.54881700 0.70189883
vn -0.11431483 0.24293325 0.96328374
vn -0.04498965 0.05438325 0.99750609
vn -0.70269507 0.51054352 0.49554511
vn -0.32364424 0.39121909 0.86151148
vn -0.89873321 0.35583463 0.25624273
vn -0.57621848 0.41865039 0.70192885
vn -0.17113317 0.20686429 0.96328636
vn -0.05709977 0.04148603 0.99750615
vn -0.80759997 0.31974883 0.49552294
vn -0.41078496 0.29844828 0.86150121
vn -0.95898678 0.12114950 0.25625605
vn -0.66222929 0.26219463 0.70193044
vn -0.21720746 0.15781000 0.96328444
vn -0.06562452 0.02598253 0.99750606
vn -0.86174441 0.10886275 0.49552545
vn -0.47208061 0.18691088 0.86151275
vn -0.95898700 -0.12114878 0.25625554
vn -0.70663523 0.08926869 0.70192432
vn -0.24963282 0.09883723 0.96328327
vn -0.07002334 0.00884618 0.99750613
vn -0.86174426 -0.10886187 0.49552591
vn -0.50375802 0.06364028 0.86149740
vn -0.89873256 -0.35583622 0.25624280
vn -0.70663523 -0.08926869 0.70192432
vn -0.26636540 0.03365113 0.96328452
vn -0.07002391 -0.00884666 0.99750608
vn -0.80759879 -0.31975118 0.49552333
vn -0.50375658 -0.06364091 0.86149820
vn -0.78200340 -0.56815896 0.25625392
vn -0.66222932 -0.26219556 0.70193007
vn -0.26636424 -0.03364891 0.96328492
vn -0.06562454 -0.02598266 0.99750605
vn -0.70270489 -0.51054472 0.49552995
vn -0.47208061 -0.18691088 0.86151275
vn -0.61613789 -0.74478225 0.25626842
vn -0.57622799 -0.41865687 0.70191718
vn -0.24963274 -0.09883726 0.96328329
vn -0.05709989 -0.04148595 0.99750615
vn -0.55366621 -0.66926941 0.49551204
vn -0.41078444 -0.29844923 0.86150113
vn -0.41156712 -0.87461486 0.25624470
vn -0.45402237 -0.54881702 0.70189997
vn -0.21720742 -0.15781044 0.96328438
vn -0.04498952 -0.05438351 0.99750608
vn -0.36983121 -0.78593038 0.49551823
vn -0.32364515 -0.39121850 0.86151140
vn -0.18112326 -0.94949083 0.25624505
vn -0.30326299 -0.64446589 0.70192256
vn -0.17113351 -0.20686423 0.96328631
vn -0.03005058 -0.06385980 0.99750634
vn -0.16275508 -0.85320179 0.49553757
vn -0.21618767 -0.45942180 0.86150711
vn 0.06069027 -0.96469835 0.25626897
vn -0.11431307 -0.24292975 0.96328483
vn -0.01322507 -0.06932874 0.99750620
vn 0.63744901 0.38095153 -0.66972732
vn 0.39518417 0.02883653 -0.91814919
vn -0.47536160 -0.50465260 -0.72066435
vn -0.41442548 -0.55576919 -0.72067478
vn 0.00887986 0.42347060 -0.90586632
vn -0.41996168 -0.01158618 -0.90746787
vn -0.30506466 0.28811021 -0.90770483
vn -0.71970457 -0.18471382 -0.66925790
vn -0.67637761 -0.31043140 -0.66794137
vn -0.03119499 -0.39139782 -0.91969268
vn 0.28811021 0.30506466 -0.90770483
vn -0.18633839 0.72057600 -0.66786842
vn -0.31136499 0.67493864 -0.66896165
vn -0.39140006 0.03119361 -0.91969177
vn 0.12030607 -0.68300103 -0.72044156
vn 0.19865069 -0.77433880 -0.60078060
vn 0.42075215 -0.30010190 -0.85609957
vn -0.00887986 0.42347060 -0.90586632
vn -0.63744901 0.38095153 -0.66972732
vn -0.69797670 0.25341376 -0.66978354
vn -0.29996402 -0.25968826 -0.91792352
vn 0.61941724 -0.31152483 -0.72060708
vn 0.74960725 -0.27940461 -0.60001836
vn 0.68575000 -0.41191138 -0.60006329
vn 0.67466818 -0.16010074 -0.72054882
vn 0.29144066 -0.45127829 -0.84345139
vn -0.36439036 -0.64457383 -0.67211922
vn -0.21529854 -0.70881178 -0.67173835
vn 0.28114725 -0.30403488 -0.91023020
vn 0.41366960 0.55643230 -0.72059737
vn 0.39333593 0.69895355 -0.59728618
vn -0.08455981 0.50924362 -0.85645816
vn 0.27439059 0.63686017 -0.72049909
vn 0.23562224 0.76662567 -0.59729996
vn 0.12030042 0.68300010 -0.72044338
vn 0.42804405 0.29828381 -0.85311492
vn 0.03119499 -0.39139782 -0.91969268
vn 0.67637810 -0.31042847 -0.66794224
vn 0.71970663 -0.18471424 -0.66925557
vn 0.30506426 0.28810726 -0.90770590
vn 0.29996402 -0.25968826 -0.91792352
vn 0.69797645 0.25341295 -0.66978410
vn -0.67484784 -0.15976689 -0.72045467
vn -0.74960725 -0.27940461 -0.60001836
vn -0.29144066 -0.45127829 -0.84345139
vn -0.61982687 -0.31091111 -0.72051990
vn -0.68575000 -0.41191138 -0.60006329
vn 0.32910678 0.66805823 -0.66737315
vn 0.22363833 0.71060120 -0.66710706
vn -0.26659974 0.30143560 -0.91545680
vn -0.25968826 -0.29996402 -0.91792352
vn 0.25155525 -0.69866534 -0.66976615
vn 0.38272079 -0.63618591 -0.66991961
vn 0.42347060 -0.00887986 -0.90586632
vn -0.19868975 0.66441870 -0.72046525
vn -0.27813430 0.75064965 -0.59930494
vn -0.45127829 0.29144066 -0.84345139
vn -0.41442788 0.55576575 -0.72067605
vn 0.08053709 0.50671641 -0.85834274
vn -0.41322697 0.68534549 -0.59962075
vn 0.53067664 0.44606065 -0.72070258
vn 0.47616914 0.50384176 -0.72069857
vn 0.52777330 -0.11826352 -0.84111181
vn 0.57954576 0.38066779 -0.72056835
vn 0.34704543 0.60021440 -0.72062621
vn 0.61941896 0.31152505 -0.72060551
vn 0.72970279 0.32731221 -0.60033370
vn 0.65173970 0.23694639 -0.72048024
vn 0.77347457 0.19960770 -0.60157614
vn 0.19910073 0.66419503 -0.72055802
vn 0.67466814 0.16010077 -0.72054885
vn 0.30010190 0.42075215 -0.85609957
vn 0.68884244 0.08042673 -0.72043573
vn 0.04036758 0.69224916 -0.72052867
vn 0.69342567 0.00000000 -0.72052817
vn -0.04028192 0.69235446 -0.72043228
vn 0.68884244 -0.08042673 -0.72043573
vn -0.12055393 0.68285499 -0.72053856
vn 0.65174120 -0.23694464 -0.72047945
vn -0.27494223 0.63652105 -0.72058846
vn -0.34637603 0.60070249 -0.72054157
vn 0.57954506 -0.38067061 -0.72056742
vn 0.53067984 -0.44605868 -0.72070144
vn 0.50671641 0.08053709 -0.85834274
vn -0.47536401 0.50465435 -0.72066154
vn 0.47616690 -0.50383987 -0.72070137
vn -0.53144248 0.44527037 -0.72062694
vn 0.41366715 -0.55643588 -0.72059601
vn -0.57897192 0.38138553 -0.72065012
vn -0.52777330 -0.11826352 -0.84111181
vn -0.11826352 -0.52777330 -0.84111181
vn 0.34704543 -0.60021440 -0.72062621
vn -0.61982861 0.31091141 -0.72051828
vn -0.72970279 0.32731221 -0.60033370
vn 0.27439059 -0.63686017 -0.72049909
vn 0.32601686 -0.72925181 -0.60158524
vn -0.65146281 0.23743010 -0.72057141
vn 0.19910073 -0.66419503 -0.72055802
vn -0.77347457 0.19960770 -0.60157614
vn -0.67484778 0.15976690 -0.72045473
vn -0.68872218 0.08059711 -0.72053165
vn -0.30010190 0.42075215 -0.85609957
vn 0.04037268 -0.69224687 -0.72053058
vn -0.69352591 0.00000000 -0.72043169
vn -0.04028717 -0.69235204 -0.72043431
vn -0.68872221 -0.08059709 -0.72053163
vn -0.12055940 -0.68285582 -0.72053685
vn -0.44420009 -0.29372871 -0.84640991
vn -0.19868975 -0.66441870 -0.72046525
vn -0.27494223 -0.63652105 -0.72058846
vn -0.24244762 -0.76041365 -0.60248670
vn -0.65146425 -0.23742840 -0.72057067
vn -0.34637603 -0.60070249 -0.72054157
vn -0.34628273 -0.71794852 -0.60385279
vn -0.57897123 -0.38138834 -0.72064919
vn 0.11406076 -0.52573011 -0.84296975
vn -0.53144580 -0.44526836 -0.72062573
vn -0.50671641 0.08053709 -0.85834274
vn 0.05969026 0.00754072 0.99818846
vn 0.05969039 -0.00754060 0.99818846
vn -0.04385895 0.04118634 0.99818840
vn -0.03223703 0.05079755 0.99818855
vn -0.00377723 -0.06004405 0.99818858
vn 0.01127371 -0.05909842 0.99818850
vn -0.05271936 0.02898234 0.99818871
vn -0.01859162 0.05721872 0.99818854
vn -0.05827684 0.01496303 0.99818832
vn 0.05594059 -0.02214866 0.99818840
vn 0.02561591 -0.05443634 0.99818861
vn 0.03835245 -0.04636080 0.99818824
vn 0.04867435 -0.03536365 0.99818847
vn -0.00377756 0.06004862 0.99818831
vn -0.06016489 0.00000012 0.99818845
vn 0.01127349 0.05909817 0.99818852
vn -0.05827701 -0.01496310 0.99818831
vn 0.02561783 0.05444045 0.99818834
vn -0.05272131 -0.02898320 0.99818858
vn 0.03835260 0.04636055 0.99818825
vn -0.04385646 -0.04118422 0.99818859
vn 0.04867410 0.03536383 0.99818847
vn -0.03223925 -0.05080070 0.99818832
vn 0.05594250 0.02214877 0.99818829
vn -0.01859311 -0.05722284 0.99818828
vn 0.05969033 0.00754066 0.99818846
vn 0.05969039 -0.00754060 0.99818846
vn -0.00377754 -0.06004864 0.99818830
vn 0.01127339 -0.05909827 0.99818851
vn -0.04385895 0.04118634 0.99818840
vn -0.03223703 0.05079755 0.99818855
vn -0.05271936 0.02898234 0.99818871
vn 0.05594059 -0.02214866 0.99818840
vn -0.01859162 0.05721872 0.99818854
vn 0.02561591 -0.05443634 0.99818861
vn 0.03835245 -0.04636080 0.99818824
vn -0.05827684 0.01496303 0.99818832
vn 0.04867435 -0.03536365 0.99818847
vn -0.00377756 0.06004862 0.99818831
vn -0.06016489 0.00000012 0.99818845
vn 0.01127349 0.05909817 0.99818852
vn -0.05827701 -0.01496310 0.99818831
vn 0.02561783 0.05444045 0.99818834
vn -0.05272112 -0.02898329 0.99818859
vn 0.03835260 0.04636055 0.99818825
vn -0.04385918 -0.04118616 0.99818840
vn 0.04867410 0.03536384 0.99818847
vn -0.03223927 -0.05080068 0.99818832
vn 0.05594067 0.02214851 0.99818840
vn -0.01859277 -0.05722273 0.99818829
vn 0.05969039 -0.00754060 0.99818846
vn -0.00377754 -0.06004864 0.99818830
vn 0.01127339 -0.05909827 0.99818851
vn -0.04385895 0.04118634 0.99818840
vn -0.03223703 0.05079755 0.99818855
vn -0.05271936 0.02898234 0.99818871
vn -0.01859162 0.05721872 0.99818854
vn 0.05594059 -0.02214866 0.99818840
vn 0.02561591 -0.05443634 0.99818861
vn -0.05827684 0.01496303 0.99818832
vn 0.04867411 -0.03536371 0.99818848
vn 0.03835096 -0.04635838 0.99818841
vn -0.00377756 0.06004862 0.99818831
vn -0.06016489 0.00000012 0.99818845
vn 0.01127349 0.05909817 0.99818852
vn -0.05827701 -0.01496310 0.99818831
vn 0.02561791 0.05444029 0.99818835
vn -0.05272112 -0.02898329 0.99818859
vn 0.03835088 0.04635837 0.99818841
vn -0.04385918 -0.04118616 0.99818840
vn 0.04867410 0.03536384 0.99818847
vn -0.03223927 -0.05080068 0.99818832
vn 0.05594067 0.02214851 0.99818840
vn -0.01859277 -0.05722273 0.99818829
vn 0.05969033 0.00754066 0.99818846
vn 0.05969026 0.00754072 0.99818846
vn 0.05969039 -0.00754060 0.99818846
vn -0.00377723 -0.06004405 0.99818858
vn 0.01127371 -0.05909842 0.99818850
vn -0.04385895 0.04118634 0.99818840
vn -0.03223703 0.05079755 0.99818855
vn 0.05594059 -0.02214866 0.99818840
vn -0.05271936 0.02898234 0.99818871
vn -0.01859162 0.05721872 0.99818854
vn -0.05827684 0.01496303 0.99818832
vn 0.02561591 -0.05443634 0.99818861
vn 0.04867411 -0.03536371 0.99818848
vn 0.03835096 -0.04635838 0.99818841
vn -0.00377756 0.06004862 0.99818831
vn -0.06016489 0.00000012 0.99818845
vn 0.01127349 0.05909817 0.99818852
vn -0.05827701 -0.01496310 0.99818831
vn 0.02561791 0.05444029 0.99818835
vn -0.05272131 -0.02898320 0.99818858
vn 0.03835088 0.04635837 0.99818841
vn -0.04385646 -0.04118422 0.99818859
vn 0.04867410 0.03536383 0.99818847
vn -0.03223925 -0.05080070 0.99818832
vn 0.05594250 0.02214877 0.99818829
vn -0.01859311 -0.05722284 0.99818828
vn 0.65470360 0.03456173 0.75509514
vn 0.65344597 0.00427278 0.75696110
vn 0.77162470 0.00000209 -0.63607808
vn 0.76568962 0.09704942 -0.63584653
vn 0.65180281 0.06727743 0.75539847
vn 0.87542846 -0.08845084 0.47518572
vn 0.74850059 0.19229740 -0.63464052
vn 0.71841154 0.28684591 -0.63372256
vn 0.67903027 0.37056938 -0.63371621
vn 0.62509560 0.45441848 -0.63463323
vn 0.49414852 0.74616785 0.44615107
vn 0.56305163 0.52806298 -0.63570618
vn 0.45411450 0.47590741 0.75318800
vn 0.49183753 0.59475087 -0.63589877
vn 0.41573968 0.51004129 0.75300625
vn 0.67687431 0.56301220 0.47419239
vn 0.41178273 0.65544483 -0.63310903
vn 0.33134040 0.69988003 -0.63275705
vn 0.23795666 0.73664439 -0.63303371
vn -0.10105520 0.87796113 0.46794454
vn 0.14774208 0.75949874 -0.63350922
vn 0.04877008 0.77028301 -0.63583455
vn 0.05204262 0.65605661 0.75291519
vn 0.00010014 0.65777228 0.75321685
vn -0.04924849 0.77049868 -0.63553629
vn 0.16266311 0.87760036 0.45095268
vn -0.14408283 0.75908646 -0.63484477
vn -0.23961727 0.73457616 -0.63480818
vn -0.33194170 0.69931652 -0.63306486
vn -0.67229834 0.56679906 0.47618670
vn -0.41178273 0.65544483 -0.63310903
vn -0.49183753 0.59475087 -0.63589877
vn -0.41573968 0.51004129 0.75300625
vn -0.45411450 0.47590741 0.75318800
vn -0.56305163 0.52806298 -0.63570618
vn -0.49414852 0.74616785 0.44615107
vn -0.62509560 0.45441848 -0.63463323
vn -0.67903027 0.37056938 -0.63371621
vn -0.71840917 0.28684936 -0.63372368
vn -0.74850316 0.19229787 -0.63463733
vn -0.87621334 -0.09205421 0.47304990
vn -0.76574193 0.09701471 -0.63578884
vn -0.65588988 0.05081646 0.75314418
vn -0.77175876 0.00000342 -0.63591542
vn -0.65797247 0.00011291 0.75304197
vn -0.87888255 0.16085584 0.44910005
vn -0.76776254 -0.10114861 -0.63270028
vn -0.75075734 -0.18990091 -0.63269350
vn -0.71893512 -0.28343044 -0.63466485
vn -0.67679622 -0.37258277 -0.63492438
vn -0.56491756 -0.67247323 0.47817142
vn -0.62484587 -0.45329829 -0.63567939
vn -0.50953295 -0.41602036 0.75319534
vn -0.56248396 -0.52844799 -0.63588876
vn -0.47560623 -0.45475056 0.75299445
vn -0.74223646 -0.49995207 0.44624317
vn -0.49074368 -0.59852838 -0.63319382
vn -0.41769508 -0.65178276 -0.63301663
vn -0.32752518 -0.70087639 -0.63363991
vn -0.24034291 -0.73503093 -0.63400695
vn -0.14485604 -0.75978074 -0.63383749
vn 0.15249021 -0.87800693 0.45370758
vn -0.04925288 -0.77049941 -0.63553506
vn 0.00010014 -0.65777228 0.75321685
vn 0.04877384 -0.77028346 -0.63583371
vn 0.05204262 -0.65605661 0.75291519
vn -0.09152028 -0.87734044 0.47106028
vn 0.14774581 -0.75949571 -0.63351199
vn 0.23651580 -0.73672411 -0.63348076
vn 0.32917162 -0.69915825 -0.63468401
vn 0.41722817 -0.65188110 -0.63322326
vn 0.74634054 -0.49559275 0.44425626
vn 0.49074368 -0.59852838 -0.63319382
vn 0.56248396 -0.52844799 -0.63588876
vn 0.47560623 -0.45475056 0.75299445
vn 0.50953295 -0.41602036 0.75319534
vn 0.62484587 -0.45329829 -0.63567939
vn 0.56491756 -0.67247323 0.47817142
vn 0.67679622 -0.37258277 -0.63492438
vn 0.71893776 -0.28342681 -0.63466348
vn 0.75075548 -0.18990029 -0.63269588
vn 0.87819259 0.15418779 0.45277357
vn 0.76774159 -0.10118487 -0.63271990
vn 0.65245992 -0.03451761 0.75703672
vn 0.65208925 -0.01730828 0.75794461
vn 0.86041169 0.25357042 0.44203367
vn -0.77608591 -0.00000395 -0.63062719
vn -0.61373473 -0.00447682 0.78949962
vn -0.61095571 -0.03555755 0.79086584
vn -0.77200291 -0.07864960 -0.63073429
vn -0.60760860 -0.07164603 0.79099851
vn -0.79372773 -0.41574262 0.44402068
vn -0.75864159 -0.15766928 -0.63214187
vn -0.73975002 -0.23017834 -0.63228778
vn -0.71108889 -0.30734788 -0.63236846
vn -0.67832333 -0.37428664 -0.63228709
vn -0.63535028 -0.44365439 -0.63206075
vn -0.80939491 -0.34746415 0.47344328
vn -0.58870024 -0.50419953 -0.63183452
vn -0.53433888 -0.56216695 -0.63122919
vn -0.41878726 -0.44113137 0.79373821
vn -0.37889205 -0.47603344 0.79362017
vn -0.47502663 -0.61327615 -0.63106423
vn -0.40844701 -0.65847895 -0.63212065
vn -0.26170074 -0.85756703 0.44282221
vn -0.34230320 -0.69502040 -0.63227776
vn -0.26471986 -0.72669620 -0.63390538
vn -0.19829373 -0.74657834 -0.63505934
vn -0.40412694 -0.79630238 0.45009324
vn -0.11766423 -0.76692846 -0.63085328
vn -0.03935982 -0.77503350 -0.63069317
vn -0.05339513 -0.60652438 0.79326990
vn 0.03936380 -0.77503088 -0.63069614
vn -0.00013271 -0.60893962 0.79321657
vn 0.34387169 -0.81369703 0.46866769
vn 0.12107776 -0.76378259 -0.63401603
vn 0.19086236 -0.74969819 -0.63365936
vn 0.26862258 -0.72727852 -0.63159154
vn 0.34279880 -0.69489520 -0.63214685
vn 0.25550751 -0.86033448 0.44106744
vn 0.40844701 -0.65847895 -0.63212065
vn 0.47502663 -0.61327615 -0.63106423
vn 0.37889205 -0.47603344 0.79362017
vn 0.53433888 -0.56216695 -0.63122919
vn 0.41878726 -0.44113137 0.79373821
vn 0.80939491 -0.34746415 0.47344328
vn 0.58870024 -0.50419953 -0.63183452
vn 0.63535028 -0.44365439 -0.63206075
vn 0.67832333 -0.37428664 -0.63228709
vn 0.71108889 -0.30734788 -0.63236846
vn 0.73975002 -0.23017834 -0.63228778
vn 0.79425224 -0.41247719 0.44612325
vn 0.75864159 -0.15766928 -0.63214187
vn 0.77178690 -0.07823138 -0.63105057
vn 0.60612574 -0.05304863 0.79359777
vn 0.77559952 -0.00000912 -0.63122530
vn 0.60827188 -0.00014224 0.79372873
vn 0.77103993 0.07929324 -0.63183068
vn 0.81464202 0.34229315 0.46818135
vn 0.75948128 0.15480611 -0.63184116
vn 0.73922356 0.23319879 -0.63179653
vn 0.70896177 0.30808109 -0.63439676
vn 0.67775021 0.37070333 -0.63500684
vn 0.63693450 0.44311870 -0.63084092
vn 0.58885543 0.50544833 -0.63069111
vn 0.47657321 0.37892927 0.79327838
vn 0.53461345 0.56250264 -0.63069742
vn 0.44159828 0.41926737 0.79322495
vn 0.47015055 0.61397579 -0.63402855
vn 0.34023954 0.81333224 0.47194039
vn 0.41258894 0.65440236 -0.63366230
vn 0.33801323 0.69624235 -0.63324059
vn 0.27175225 0.72467444 -0.63324378
vn 0.19006095 0.74990811 -0.63365184
vn 0.12107047 0.76378758 -0.63401142
vn 0.35407441 0.81102007 0.46570137
vn 0.03936387 0.77503221 -0.63069451
vn -0.03935989 0.77503483 -0.63069153
vn -0.00013271 0.60893796 0.79321784
vn -0.11765779 0.76693257 -0.63084949
vn -0.05339498 0.60652274 0.79327116
vn -0.19828724 0.74657858 -0.63506109
vn -0.41373783 0.79311771 0.44697350
vn -0.26463603 0.72649863 -0.63416678
vn -0.34103661 0.69602046 -0.63186198
vn -0.41232749 0.65469575 -0.63352941
vn -0.47015055 0.61397579 -0.63402855
vn -0.34593771 0.80984004 0.47379975
vn -0.53461345 0.56250264 -0.63069742
vn -0.58885543 0.50544833 -0.63069111
vn -0.44159828 0.41926737 0.79322495
vn -0.63693450 0.44311870 -0.63084092
vn -0.47657321 0.37892927 0.79327838
vn -0.67775021 0.37070333 -0.63500684
vn -0.86041169 0.25357042 0.44203367
vn -0.70896177 0.30808109 -0.63439676
vn -0.73922356 0.23319879 -0.63179653
vn -0.75948128 0.15480611 -0.63184116
vn -0.81445328 0.34979818 0.46293313
vn -0.77122242 0.07970808 -0.63155570
vn -0.61400156 0.03550006 0.78850607
vn -0.61492427 0.01825084 0.78837494
vn -0.64178865 0.35289051 -0.68086387
vn 0.68092969 -0.26964585 -0.68090079
vn -0.70933547 0.18215519 -0.68092780
vn 0.59252537 -0.43058522 -0.68081572
vn -0.73233016 0.00000032 -0.68094973
vn 0.72655887 -0.09179949 -0.68094424
vn -0.70933568 -0.18215495 -0.68092766
vn 0.72655895 0.09180015 -0.68094407
vn -0.64178833 -0.35289212 -0.68086334
vn 0.68092943 0.26964513 -0.68090133
vn -0.53392893 -0.50142052 -0.68080640
vn 0.59252642 0.43058438 -0.68081534
vn -0.39250969 -0.61837798 -0.68084125
vn 0.46693522 0.56433733 -0.68080458
vn -0.22634707 -0.69650558 -0.68091628
vn 0.31188379 0.66266631 -0.68088315
vn -0.04599137 -0.73088667 -0.68094748
vn 0.13724839 0.71936568 -0.68093752
vn -0.04599122 0.73088679 -0.68094736
vn 0.13724852 -0.71936554 -0.68093763
vn -0.22634707 0.69650558 -0.68091628
vn 0.31188379 -0.66266631 -0.68088315
vn -0.39250969 0.61837798 -0.68084125
vn 0.46693522 -0.56433732 -0.68080459
vn -0.53393023 0.50141968 -0.68080600
vn 0.36761576 0.78121410 0.50454255
vn 0.55033970 0.66524742 0.50455137
vn 0.44736281 0.54076922 0.71234484
vn 0.29882190 0.63502697 0.71235259
vn 0.13151156 0.68939838 0.71234443
vn 0.09220965 0.48338238 0.87053941
vn -0.03090030 0.49112353 0.87054170
vn 0.04665866 0.24459100 0.96850308
vn -0.01563470 0.24851237 0.96850253
vn 0.41096690 0.87335384 0.26145607
vn 0.42486245 0.90286678 0.06575306
vn 0.63604351 0.76884656 0.06575425
vn 0.61524860 0.74370644 0.26147636
vn -0.07694794 0.23681689 0.96850234
vn 0.16177867 0.84808449 0.50455958
vn -0.04406450 0.70042619 0.71236330
vn -0.15206442 0.46800853 0.87054261
vn 0.18086220 0.94811828 0.26145859
vn 0.18697795 0.98016300 0.06572474
vn -0.13342582 0.21024485 0.96850124
vn -0.05421072 0.86166884 0.50456715
vn -0.21687660 0.66747276 0.71235150
vn -0.26367578 0.41548806 0.87054279
vn -0.06061322 0.96331397 0.26144259
vn -0.06265819 0.99586804 0.06573275
vn -0.18151545 0.17045623 0.96850236
vn -0.26679810 0.82111697 0.50456485
vn -0.37604798 0.59255895 0.71236354
vn -0.35872115 0.33685961 0.87054278
vn -0.29826107 0.91797435 0.26146400
vn -0.30835011 0.94899932 0.06573056
vn -0.21820231 0.11995633 0.96850309
vn -0.46262630 0.72898222 0.50454120
vn -0.51160360 0.48042420 0.71235830
vn -0.43122291 0.23706645 0.87054368
vn -0.51719176 0.81495546 0.26145799
vn -0.53466960 0.84249840 0.06576362
vn -0.24117933 0.06192513 0.96850287
vn -0.24899860 0.00000017 0.96850385
vn -0.49210090 0.00000057 0.87053817
vn -0.62936720 0.59102304 0.50456783
vn -0.61500873 0.33810207 0.71235612
vn -0.47663273 0.12238003 0.87054257
vn -0.70360942 0.66073375 0.26146645
vn -0.72739011 0.68306790 0.06574095
vn -0.75659405 0.41593581 0.50454221
vn -0.67976271 0.17453304 0.71236288
vn -0.70183172 0.00000219 0.71234278
vn -0.84582549 0.46499482 0.26145565
vn -0.87441149 0.48070922 0.06575102
vn -0.83624827 0.21471609 0.50456499
vn -0.86337950 0.00000187 0.50455509
vn -0.93489082 0.24004467 0.26145306
vn -0.96648737 0.24815324 0.06574297
vn -0.96521133 -0.00000100 0.26147100
vn -0.99783572 -0.00000075 0.06575622
vn -0.24117948 -0.06192483 0.96850285
vn -0.47663684 -0.12238045 0.87054026
vn -0.21819779 -0.11995611 0.96850413
vn -0.67976701 -0.17453867 0.71235740
vn -0.43121761 -0.23706235 0.87054742
vn -0.18151404 -0.17045340 0.96850312
vn -0.83624290 -0.21471739 0.50457333
vn -0.61500923 -0.33810398 0.71235479
vn -0.35872140 -0.33685870 0.87054303
vn -0.93489273 -0.24003667 0.26145358
vn -0.96648750 -0.24815518 0.06573366
vn -0.13342127 -0.21023953 0.96850302
vn -0.75659197 -0.41593888 0.50454279
vn -0.51160360 -0.48042420 0.71235830
vn -0.26367047 -0.41547836 0.87054903
vn -0.84582377 -0.46499774 0.26145602
vn -0.87440988 -0.48071217 0.06575081
vn -0.07694439 -0.23680919 0.96850450
vn -0.62936720 -0.59102304 0.50456783
vn -0.37604915 -0.59255838 0.71236339
vn -0.15206017 -0.46799736 0.87054936
vn -0.70361115 -0.66073216 0.26146580
vn -0.72739351 -0.68306435 0.06574017
vn -0.01563441 -0.24850728 0.96850385
vn -0.46262623 -0.72898163 0.50454212
vn -0.21687541 -0.66747331 0.71235135
vn -0.03090047 -0.49112340 0.87054177
vn -0.51719742 -0.81496171 0.26142731
vn -0.53466896 -0.84250112 0.06573400
vn 0.04665900 -0.24459076 0.96850312
vn -0.26680805 -0.82113054 0.50453751
vn -0.04406751 -0.70044549 0.71234413
vn 0.09220980 -0.48338223 0.87053947
vn -0.29826546 -0.91797274 0.26146467
vn -0.30834798 -0.94899761 0.06576523
vn 0.10601813 -0.22529866 0.96850435
vn -0.05421004 -0.86168438 0.50454069
vn 0.13151340 -0.68939901 0.71234348
vn 0.20952140 -0.44525905 0.87054303
vn -0.06060460 -0.96330486 0.26147818
vn -0.06265486 -0.99586587 0.06576888
vn 0.15871589 -0.19185487 0.96850450
vn 0.16178209 -0.84808352 0.50456011
vn 0.29882060 -0.63502854 0.71235174
vn 0.31367513 -0.37916644 0.87054048
vn 0.18086113 -0.94811863 0.26145807
vn 0.18697511 -0.98016346 0.06572600
vn 0.20144379 -0.14635726 0.96850398
vn 0.36761378 -0.78121435 0.50454361
vn 0.44736038 -0.54076967 0.71234602
vn 0.39810578 -0.28924153 0.87054646
vn 0.41096893 -0.87335340 0.26145434
vn 0.42486191 -0.90286703 0.06575325
vn 0.23150534 -0.09165991 0.96850593
vn 0.55033352 -0.66523703 0.50457181
vn 0.56778459 -0.41252074 0.71235335
vn 0.45753147 -0.18115141 0.87054530
vn 0.61525373 -0.74371092 0.26145154
vn 0.63604274 -0.76884971 0.06572486
vn 0.24703448 -0.03120694 0.96850405
vn 0.69849300 -0.50748052 0.50455035
vn 0.65253707 -0.25836156 0.71235151
vn 0.48820676 -0.06167606 0.87054593
vn 0.78087817 -0.56734237 0.26144201
vn 0.80726748 -0.58651431 0.06572809
vn 0.24703383 0.03120787 0.96850418
vn 0.80275451 -0.31783055 0.50454825
vn 0.69629374 -0.08796332 0.71234646
vn 0.48820745 0.06167702 0.87054548
vn 0.89743509 -0.35532160 0.26145138
vn 0.92776623 -0.36732293 0.06575472
vn 0.23150291 0.09165838 0.96850666
vn 0.85657027 -0.10821076 0.50455704
vn 0.69629294 0.08796386 0.71234718
vn 0.45752798 0.18114757 0.87054794
vn 0.95760140 -0.12097618 0.26146573
vn 0.98996886 -0.12506070 0.06573791
vn 0.20144314 0.14635843 0.96850393
vn 0.85657111 0.10821086 0.50455558
vn 0.65254477 0.25836227 0.71234420
vn 0.39810543 0.28924050 0.87054695
vn 0.95760134 0.12097482 0.26146656
vn 0.98996887 0.12506060 0.06573798
vn 0.15871640 0.19185417 0.96850456
vn 0.80275265 0.31783511 0.50454834
vn 0.56778570 0.41251989 0.71235296
vn 0.31366662 0.37915698 0.87054766
vn 0.89743555 0.35531977 0.26145229
vn 0.92776542 0.36732752 0.06574051
vn 0.10601959 0.22530279 0.96850323
vn 0.69849233 0.50748056 0.50455123
vn 0.20952140 0.44525905 0.87054303
vn 0.78088004 0.56733976 0.26144207
vn 0.80726755 0.58651423 0.06572790
vn 0.36761576 0.78121410 0.50454255
vn 0.55033970 0.66524742 0.50455137
vn 0.44736281 0.54076922 0.71234484
vn 0.29882190 0.63502697 0.71235259
vn 0.13151156 0.68939838 0.71234443
vn 0.09220965 0.48338238 0.87053941
vn -0.03090168 0.49112400 0.87054139
vn 0.04665866 0.24459100 0.96850308
vn -0.01563546 0.24851170 0.96850269
vn 0.41096690 0.87335384 0.26145607
vn 0.42486245 0.90286678 0.06575306
vn 0.63604351 0.76884656 0.06575425
vn 0.61524860 0.74370644 0.26147636
vn -0.07694326 0.23680587 0.96850540
vn 0.16177867 0.84808449 0.50455958
vn -0.04406450 0.70042619 0.71236330
vn -0.15206726 0.46801331 0.87053954
vn 0.18086220 0.94811828 0.26145859
vn 0.18697795 0.98016300 0.06572474
vn -0.13342582 0.21024485 0.96850124
vn -0.05421072 0.86166884 0.50456715
vn -0.21688255 0.66748772 0.71233567
vn -0.26367414 0.41548811 0.87054327
vn -0.06061322 0.96331397 0.26144259
vn -0.06265819 0.99586804 0.06573275
vn -0.18151545 0.17045623 0.96850236
vn -0.26679810 0.82111697 0.50456485
vn -0.37604780 0.59255894 0.71236364
vn -0.35872115 0.33685961 0.87054278
vn -0.29826107 0.91797435 0.26146400
vn -0.30835011 0.94899932 0.06573056
vn -0.21820231 0.11995633 0.96850309
vn -0.46262841 0.72898156 0.50454023
vn -0.51159196 0.48041692 0.71237157
vn -0.43122291 0.23706645 0.87054368
vn -0.51719176 0.81495546 0.26145799
vn -0.53466960 0.84249840 0.06576362
vn -0.24117933 0.06192513 0.96850287
vn -0.24899860 0.00000017 0.96850385
vn -0.49210090 0.00000057 0.87053817
vn -0.62937096 0.59102059 0.50456601
vn -0.61500873 0.33810207 0.71235612
vn -0.47663273 0.12238003 0.87054257
vn -0.70361376 0.66073815 0.26144362
vn -0.72739011 0.68306790 0.06574095
vn -0.75659283 0.41593696 0.50454309
vn -0.67976271 0.17453304 0.71236288
vn -0.70183172 0.00000219 0.71234278
vn -0.84582499 0.46499628 0.26145468
vn -0.87441149 0.48070922 0.06575102
vn -0.83624827 0.21471609 0.50456499
vn -0.86337950 0.00000187 0.50455509
vn -0.93489082 0.24004467 0.26145306
vn -0.96648737 0.24815324 0.06574297
vn -0.96521133 -0.00000100 0.26147100
vn -0.99783572 -0.00000075 0.06575622
vn -0.24117948 -0.06192483 0.96850285
vn -0.47663684 -0.12238045 0.87054026
vn -0.21819780 -0.11995635 0.96850410
vn -0.67976755 -0.17453810 0.71235703
vn -0.43121761 -0.23706235 0.87054742
vn -0.18151648 -0.17045579 0.96850224
vn -0.83624290 -0.21471634 0.50457380
vn -0.61501883 -0.33810710 0.71234502
vn -0.35872140 -0.33685870 0.87054303
vn -0.93489273 -0.24003667 0.26145358
vn -0.96648750 -0.24815518 0.06573366
vn -0.13342127 -0.21023953 0.96850302
vn -0.75658819 -0.41594284 0.50454521
vn -0.51160330 -0.48042541 0.71235770
vn -0.26367047 -0.41547836 0.87054903
vn -0.84582114 -0.46499389 0.26147140
vn -0.87440988 -0.48071217 0.06575081
vn -0.07694411 -0.23680949 0.96850445
vn -0.62936769 -0.59102287 0.50456741
vn -0.37605830 -0.59257110 0.71234798
vn -0.15206017 -0.46799736 0.87054936
vn -0.70361225 -0.66073048 0.26146708
vn -0.72739351 -0.68306435 0.06574017
vn -0.01563471 -0.24851248 0.96850250
vn -0.46262361 -0.72898355 0.50454175
vn -0.21687541 -0.66747331 0.71235135
vn -0.03090047 -0.49112340 0.87054177
vn -0.51719448 -0.81495404 0.26145706
vn -0.53466896 -0.84250112 0.06573400
vn 0.04665868 -0.24459103 0.96850307
vn -0.26680596 -0.82113205 0.50453616
vn -0.04406751 -0.70044549 0.71234413
vn 0.09220980 -0.48338223 0.87053947
vn -0.29826009 -0.91797354 0.26146796
vn -0.30834553 -0.94899853 0.06576341
vn 0.10601813 -0.22529866 0.96850435
vn -0.05420894 -0.86166888 0.50456728
vn 0.13151340 -0.68939901 0.71234348
vn 0.20952054 -0.44526033 0.87054258
vn -0.06060755 -0.96330454 0.26147867
vn -0.06265748 -0.99586810 0.06573251
vn 0.15872211 -0.19186161 0.96850215
vn 0.16178209 -0.84808352 0.50456011
vn 0.29881899 -0.63502858 0.71235238
vn 0.31367144 -0.37916534 0.87054229
vn 0.18086060 -0.94811872 0.26145808
vn 0.18697511 -0.98016346 0.06572600
vn 0.20144379 -0.14635726 0.96850398
vn 0.36761378 -0.78121435 0.50454361
vn 0.44735277 -0.54075828 0.71235945
vn 0.39810692 -0.28924104 0.87054609
vn 0.41096893 -0.87335340 0.26145434
vn 0.42486191 -0.90286703 0.06575325
vn 0.23150534 -0.09165991 0.96850593
vn 0.55033352 -0.66523703 0.50457181
vn 0.56778486 -0.41251947 0.71235387
vn 0.45753147 -0.18115141 0.87054530
vn 0.61525373 -0.74371092 0.26145154
vn 0.63604274 -0.76884971 0.06572486
vn 0.24703448 -0.03120694 0.96850405
vn 0.69849300 -0.50748052 0.50455035
vn 0.65253707 -0.25836156 0.71235151
vn 0.48820676 -0.06167606 0.87054593
vn 0.78087817 -0.56734237 0.26144201
vn 0.80726748 -0.58651431 0.06572809
vn 0.24703379 0.03120778 0.96850420
vn 0.80275451 -0.31783055 0.50454825
vn 0.69629374 -0.08796332 0.71234646
vn 0.48820745 0.06167702 0.87054548
vn 0.89743509 -0.35532160 0.26145138
vn 0.92776623 -0.36732293 0.06575472
vn 0.23150132 0.09165744 0.96850713
vn 0.85657027 -0.10821076 0.50455704
vn 0.69629294 0.08796386 0.71234718
vn 0.45752798 0.18114757 0.87054794
vn 0.95760140 -0.12097618 0.26146573
vn 0.98996886 -0.12506070 0.06573791
vn 0.20144314 0.14635843 0.96850393
vn 0.85657111 0.10821086 0.50455558
vn 0.65254477 0.25836227 0.71234420
vn 0.39810543 0.28924050 0.87054695
vn 0.95760134 0.12097482 0.26146656
vn 0.98996887 0.12506060 0.06573798
vn 0.15871640 0.19185417 0.96850456
vn 0.80275265 0.31783511 0.50454834
vn 0.56778570 0.41251989 0.71235296
vn 0.31366662 0.37915698 0.87054766
vn 0.89743555 0.35531977 0.26145229
vn 0.92776542 0.36732752 0.06574051
vn 0.10601959 0.22530279 0.96850323
vn 0.69849233 0.50748056 0.50455123
vn 0.20952140 0.44525905 0.87054303
vn 0.78088004 0.56733976 0.26144207
vn 0.80726755 0.58651423 0.06572790
vn 0.36761576 0.78121410 0.50454255
vn 0.55033810 0.66524805 0.50455228
vn 0.44736206 0.54077081 0.71234410
vn 0.29882190 0.63502697 0.71235259
vn 0.13151156 0.68939838 0.71234443
vn 0.09220965 0.48338238 0.87053941
vn -0.03090168 0.49112400 0.87054139
vn 0.04665866 0.24459100 0.96850308
vn -0.01563546 0.24851170 0.96850269
vn 0.41096690 0.87335384 0.26145607
vn 0.42486245 0.90286678 0.06575306
vn 0.63604351 0.76884656 0.06575425
vn 0.61524860 0.74370644 0.26147636
vn -0.07694326 0.23680587 0.96850540
vn 0.16177867 0.84808449 0.50455958
vn -0.04406450 0.70042619 0.71236330
vn -0.15206726 0.46801331 0.87053954
vn 0.18086220 0.94811828 0.26145859
vn 0.18697795 0.98016300 0.06572474
vn -0.13342582 0.21024485 0.96850124
vn -0.05421072 0.86166884 0.50456715
vn -0.21688193 0.66748838 0.71233524
vn -0.26367414 0.41548811 0.87054327
vn -0.06061322 0.96331397 0.26144259
vn -0.06265819 0.99586804 0.06573275
vn -0.18151545 0.17045623 0.96850236
vn -0.26679688 0.82111704 0.50456539
vn -0.37605282 0.59256803 0.71235343
vn -0.35872115 0.33685961 0.87054278
vn -0.29826107 0.91797435 0.26146400
vn -0.30835011 0.94899932 0.06573056
vn -0.21820231 0.11995633 0.96850309
vn -0.46263245 0.72897834 0.50454117
vn -0.51159196 0.48041692 0.71237157
vn -0.43122291 0.23706645 0.87054368
vn -0.51718603 0.81495327 0.26147616
vn -0.53466960 0.84249840 0.06576362
vn -0.24117933 0.06192513 0.96850287
vn -0.24899860 0.00000017 0.96850385
vn -0.49210090 0.00000057 0.87053817
vn -0.62937255 0.59101971 0.50456506
vn -0.61500874 0.33810405 0.71235518
vn -0.47663273 0.12238003 0.87054257
vn -0.70361467 0.66073676 0.26144468
vn -0.72739011 0.68306790 0.06574095
vn -0.75659099 0.41593889 0.50454425
vn -0.67978188 0.17453851 0.71234325
vn -0.70183274 0.00000034 0.71234178
vn -0.84582499 0.46499628 0.26145468
vn -0.87441149 0.48070922 0.06575102
vn -0.83624590 0.21471393 0.50456984
vn -0.86337964 0.00000181 0.50455485
vn -0.93488256 0.24004317 0.26148398
vn -0.96648737 0.24815324 0.06574297
vn -0.96521089 0.00000155 0.26147265
vn -0.99783572 -0.00000075 0.06575622
vn -0.24117948 -0.06192483 0.96850285
vn -0.47663684 -0.12238045 0.87054026
vn -0.21819780 -0.11995635 0.96850410
vn -0.67978482 -0.17454297 0.71233935
vn -0.43121761 -0.23706235 0.87054742
vn -0.18151648 -0.17045579 0.96850224
vn -0.83624351 -0.21471494 0.50457337
vn -0.61501883 -0.33810710 0.71234502
vn -0.35872140 -0.33685870 0.87054303
vn -0.93488359 -0.24003510 0.26148770
vn -0.96648750 -0.24815518 0.06573366
vn -0.13342127 -0.21023953 0.96850302
vn -0.75658769 -0.41594544 0.50454382
vn -0.51160330 -0.48042541 0.71235770
vn -0.26367047 -0.41547836 0.87054903
vn -0.84581962 -0.46499578 0.26147295
vn -0.87440988 -0.48071217 0.06575081
vn -0.07694411 -0.23680949 0.96850445
vn -0.62936928 -0.59102199 0.50456646
vn -0.37606241 -0.59258025 0.71233820
vn -0.15206017 -0.46799736 0.87054936
vn -0.70361316 -0.66072909 0.26146815
vn -0.72739351 -0.68306435 0.06574017
vn -0.01563471 -0.24851248 0.96850250
vn -0.46262800 -0.72898093 0.50454151
vn -0.21687541 -0.66747331 0.71235135
vn -0.03090047 -0.49112340 0.87054177
vn -0.51718957 -0.81495110 0.26147593
vn -0.53466896 -0.84250112 0.06573400
vn 0.04665868 -0.24459103 0.96850307
vn -0.26680498 -0.82113276 0.50453552
vn -0.04406751 -0.70044549 0.71234413
vn 0.09220980 -0.48338223 0.87053947
vn -0.29825899 -0.91797370 0.26146867
vn -0.30834553 -0.94899853 0.06576341
vn 0.10601843 -0.22529815 0.96850443
vn -0.05420894 -0.86166888 0.50456728
vn 0.13151340 -0.68939901 0.71234348
vn 0.20952120 -0.44526035 0.87054241
vn -0.06060755 -0.96330454 0.26147867
vn -0.06265748 -0.99586810 0.06573251
vn 0.15872453 -0.19186603 0.96850088
vn 0.16178209 -0.84808352 0.50456011
vn 0.29881899 -0.63502858 0.71235238
vn 0.31367752 -0.37917254 0.87053696
vn 0.18086060 -0.94811872 0.26145808
vn 0.18697511 -0.98016346 0.06572600
vn 0.20144300 -0.14635784 0.96850405
vn 0.36761378 -0.78121435 0.50454361
vn 0.44735120 -0.54075886 0.71236000
vn 0.39811871 -0.28925027 0.87053764
vn 0.41096893 -0.87335340 0.26145434
vn 0.42486191 -0.90286703 0.06575325
vn 0.23150534 -0.09165991 0.96850593
vn 0.55033352 -0.66523703 0.50457181
vn 0.56778459 -0.41251574 0.71235625
vn 0.45753147 -0.18115141 0.87054530
vn 0.61525373 -0.74371092 0.26145154
vn 0.63604274 -0.76884971 0.06572486
vn 0.24703448 -0.03120694 0.96850405
vn 0.69848098 -0.50747581 0.50457172
vn 0.65253862 -0.25836011 0.71235062
vn 0.48820676 -0.06167606 0.87054593
vn 0.78087817 -0.56734237 0.26144201
vn 0.80726748 -0.58651431 0.06572809
vn 0.24703379 0.03120778 0.96850420
vn 0.80275464 -0.31782848 0.50454935
vn 0.69629374 -0.08796332 0.71234646
vn 0.48820745 0.06167702 0.87054548
vn 0.89743509 -0.35532160 0.26145138
vn 0.92776623 -0.36732293 0.06575472
vn 0.23150132 0.09165744 0.96850713
vn 0.85657027 -0.10821076 0.50455704
vn 0.69629294 0.08796386 0.71234718
vn 0.45752918 0.18114677 0.87054747
vn 0.95760140 -0.12097618 0.26146573
vn 0.98996886 -0.12506070 0.06573791
vn 0.20144308 0.14635849 0.96850394
vn 0.85657111 0.10821086 0.50455558
vn 0.65254484 0.25836027 0.71234486
vn 0.39811617 0.28925069 0.87053865
vn 0.95760134 0.12097482 0.26146656
vn 0.98996887 0.12506060 0.06573798
vn 0.15871826 0.19185958 0.96850318
vn 0.80275265 0.31783511 0.50454834
vn 0.56778523 0.41251598 0.71235560
vn 0.31367215 0.37916321 0.87054296
vn 0.89743555 0.35531977 0.26145229
vn 0.92776542 0.36732752 0.06574051
vn 0.10602012 0.22530229 0.96850328
vn 0.69848253 0.50747299 0.50457242
vn 0.20952206 0.44525908 0.87054285
vn 0.78088004 0.56733976 0.26144207
vn 0.80726755 0.58651423 0.06572790
vn 0.36761576 0.78121410 0.50454255
vn 0.55033810 0.66524805 0.50455228
vn 0.44736206 0.54077081 0.71234410
vn 0.29882190 0.63502697 0.71235259
vn 0.13151156 0.68939838 0.71234443
vn 0.09220965 0.48338238 0.87053941
vn -0.03090030 0.49112353 0.87054170
vn 0.04665866 0.24459100 0.96850308
vn -0.01563470 0.24851237 0.96850253
vn 0.41096690 0.87335384 0.26145607
vn 0.42486245 0.90286678 0.06575306
vn 0.63604351 0.76884656 0.06575425
vn 0.61524860 0.74370644 0.26147636
vn -0.07694794 0.23681689 0.96850234
vn 0.16177867 0.84808449 0.50455958
vn -0.04406450 0.70042619 0.71236330
vn -0.15206442 0.46800853 0.87054261
vn 0.18086220 0.94811828 0.26145859
vn 0.18697795 0.98016300 0.06572474
vn -0.13342582 0.21024485 0.96850124
vn -0.05421072 0.86166884 0.50456715
vn -0.21687598 0.66747342 0.71235106
vn -0.26367578 0.41548806 0.87054279
vn -0.06061322 0.96331397 0.26144259
vn -0.06265819 0.99586804 0.06573275
vn -0.18151545 0.17045623 0.96850236
vn -0.26679688 0.82111704 0.50456539
vn -0.37605299 0.59256804 0.71235333
vn -0.35872115 0.33685961 0.87054278
vn -0.29826107 0.91797435 0.26146400
vn -0.30835011 0.94899932 0.06573056
vn -0.21820231 0.11995633 0.96850309
vn -0.46263035 0.72897901 0.50454213
vn -0.51160360 0.48042420 0.71235830
vn -0.43122291 0.23706645 0.87054368
vn -0.51718603 0.81495327 0.26147616
vn -0.53466960 0.84249840 0.06576362
vn -0.24117933 0.06192513 0.96850287
vn -0.24899860 0.00000017 0.96850385
vn -0.49210090 0.00000057 0.87053817
vn -0.62936879 0.59102216 0.50456687
vn -0.61500874 0.33810405 0.71235518
vn -0.47663273 0.12238003 0.87054257
vn -0.70361033 0.66073236 0.26146751
vn -0.72739011 0.68306790 0.06574095
vn -0.75659221 0.41593774 0.50454338
vn -0.67978188 0.17453851 0.71234325
vn -0.70183274 0.00000034 0.71234178
vn -0.84582549 0.46499482 0.26145565
vn -0.87441149 0.48070922 0.06575102
vn -0.83624590 0.21471393 0.50456984
vn -0.86337964 0.00000181 0.50455485
vn -0.93488256 0.24004317 0.26148398
vn -0.96648737 0.24815324 0.06574297
vn -0.96521089 0.00000155 0.26147265
vn -0.99783572 -0.00000075 0.06575622
vn -0.24117948 -0.06192483 0.96850285
vn -0.47663684 -0.12238045 0.87054026
vn -0.21819779 -0.11995611 0.96850413
vn -0.67978429 -0.17454353 0.71233972
vn -0.43121761 -0.23706235 0.87054742
vn -0.18151404 -0.17045340 0.96850312
vn -0.83624352 -0.21471600 0.50457291
vn -0.61500923 -0.33810398 0.71235479
vn -0.35872140 -0.33685870 0.87054303
vn -0.93488359 -0.24003510 0.26148770
vn -0.96648750 -0.24815518 0.06573366
vn -0.13342127 -0.21023953 0.96850302
vn -0.75659147 -0.41594148 0.50454141
vn -0.51160360 -0.48042420 0.71235830
vn -0.26367047 -0.41547836 0.87054903
vn -0.84582225 -0.46499963 0.26145757
vn -0.87440988 -0.48071217 0.06575081
vn -0.07694439 -0.23680919 0.96850450
vn -0.62936879 -0.59102216 0.50456687
vn -0.37605327 -0.59256752 0.71235361
vn -0.15206017 -0.46799736 0.87054936
vn -0.70361206 -0.66073077 0.26146686
vn -0.72739351 -0.68306435 0.06574017
vn -0.01563441 -0.24850728 0.96850385
vn -0.46263062 -0.72897901 0.50454188
vn -0.21687541 -0.66747331 0.71235135
vn -0.03090047 -0.49112340 0.87054177
vn -0.51719251 -0.81495877 0.26144619
vn -0.53466896 -0.84250112 0.06573400
vn 0.04665900 -0.24459076 0.96850312
vn -0.26680707 -0.82113125 0.50453687
vn -0.04406751 -0.70044549 0.71234413
vn 0.09220980 -0.48338223 0.87053947
vn -0.29826436 -0.91797289 0.26146538
vn -0.30834798 -0.94899761 0.06576523
vn 0.10601843 -0.22529815 0.96850443
vn -0.05421004 -0.86168438 0.50454069
vn 0.13151340 -0.68939901 0.71234348
vn 0.20952206 -0.44525908 0.87054285
vn -0.06060460 -0.96330486 0.26147818
vn -0.06265486 -0.99586587 0.06576888
vn 0.15871831 -0.19185930 0.96850323
vn 0.16178209 -0.84808352 0.50456011
vn 0.29882060 -0.63502854 0.71235174
vn 0.31368121 -0.37917364 0.87053515
vn 0.18086113 -0.94811863 0.26145807
vn 0.18697511 -0.98016346 0.06572600
vn 0.20144300 -0.14635784 0.96850405
vn 0.36761378 -0.78121435 0.50454361
vn 0.44735881 -0.54077025 0.71234657
vn 0.39811756 -0.28925076 0.87053800
vn 0.41096893 -0.87335340 0.26145434
vn 0.42486191 -0.90286703 0.06575325
vn 0.23150534 -0.09165991 0.96850593
vn 0.55033352 -0.66523703 0.50457181
vn 0.56778431 -0.41251702 0.71235573
vn 0.45753147 -0.18115141 0.87054530
vn 0.61525373 -0.74371092 0.26145154
vn 0.63604274 -0.76884971 0.06572486
vn 0.24703448 -0.03120694 0.96850405
vn 0.69848098 -0.50747581 0.50457172
vn 0.65253862 -0.25836011 0.71235062
vn 0.48820676 -0.06167606 0.87054593
vn 0.78087817 -0.56734237 0.26144201
vn 0.80726748 -0.58651431 0.06572809
vn 0.24703383 0.03120787 0.96850418
vn 0.80275464 -0.31782848 0.50454935
vn 0.69629374 -0.08796332 0.71234646
vn 0.48820745 0.06167702 0.87054548
vn 0.89743509 -0.35532160 0.26145138
vn 0.92776623 -0.36732293 0.06575472
vn 0.23150291 0.09165838 0.96850666
vn 0.85657027 -0.10821076 0.50455704
vn 0.69629294 0.08796386 0.71234718
vn 0.45752918 0.18114677 0.87054747
vn 0.95760140 -0.12097618 0.26146573
vn 0.98996886 -0.12506070 0.06573791
vn 0.20144308 0.14635849 0.96850394
vn 0.85657111 0.10821086 0.50455558
vn 0.65254484 0.25836027 0.71234486
vn 0.39811617 0.28925069 0.87053865
vn 0.95760134 0.12097482 0.26146656
vn 0.98996887 0.12506060 0.06573798
vn 0.15871826 0.19185958 0.96850318
vn 0.80275265 0.31783511 0.50454834
vn 0.56778523 0.41251598 0.71235560
vn 0.31367215 0.37916321 0.87054296
vn 0.89743555 0.35531977 0.26145229
vn 0.92776542 0.36732752 0.06574051
vn 0.10602012 0.22530229 0.96850328
vn 0.69848253 0.50747299 0.50457242
vn 0.20952206 0.44525908 0.87054285
vn 0.78088004 0.56733976 0.26144207
vn 0.80726755 0.58651423 0.06572790
vn -0.22659009 0.69736535 0.67995477
vn -0.04604387 0.73180631 0.67995550
vn -0.39289724 0.61910564 0.67995585
vn -0.53451883 0.50194741 0.67995472
vn -0.71021677 -0.18235475 0.67995506
vn -0.73325438 0.00000054 0.67995442
vn -0.64255562 0.35324693 0.67995506
vn -0.64255449 -0.35324812 0.67995551
vn -0.71021649 0.18235360 0.67995566
vn -0.53452046 -0.50194440 0.67995565
vn -0.39289776 -0.61910754 0.67995382
vn -0.22658607 -0.69736559 0.67995587
vn -0.04604387 -0.73180631 0.67995550
vn 0.13739889 -0.72026687 0.67995381
vn 0.31220422 -0.66346650 0.67995641
vn 0.46739250 -0.56498336 0.67995445
vn 0.59321612 -0.43099446 0.67995471
vn 0.68176225 -0.26992713 0.67995558
vn 0.72747184 -0.09190115 0.67995508
vn 0.72747184 0.09190115 0.67995508
vn 0.68176225 0.26992713 0.67995558
vn 0.59321501 0.43099730 0.67995388
vn 0.46739194 0.56498160 0.67995630
vn 0.31220791 0.66346582 0.67995539
vn 0.13739889 0.72026687 0.67995381
vn -0.22659009 0.69736535 0.67995477
vn -0.04604387 0.73180631 0.67995550
vn -0.39289724 0.61910564 0.67995585
vn -0.53451883 0.50194741 0.67995472
vn -0.71021677 -0.18235475 0.67995506
vn -0.73325438 0.00000054 0.67995442
vn -0.64255562 0.35324693 0.67995506
vn -0.64255449 -0.35324812 0.67995551
vn -0.71021649 0.18235360 0.67995566
vn -0.53452046 -0.50194440 0.67995565
vn -0.39289776 -0.61910754 0.67995382
vn -0.22658607 -0.69736559 0.67995587
vn -0.04604387 -0.73180631 0.67995550
vn 0.13739889 -0.72026687 0.67995381
vn 0.31220422 -0.66346650 0.67995641
vn 0.46739250 -0.56498336 0.67995445
vn 0.59321612 -0.43099446 0.67995471
vn 0.68176225 -0.26992713 0.67995558
vn 0.72747184 -0.09190115 0.67995508
vn 0.72747184 0.09190115 0.67995508
vn 0.68176225 0.26992713 0.67995558
vn 0.59321501 0.43099730 0.67995388
vn 0.46739194 0.56498160 0.67995630
vn 0.31220791 0.66346582 0.67995539
vn 0.13739889 0.72026687 0.67995381
vn -0.22659009 0.69736535 0.67995477
vn -0.04604387 0.73180631 0.67995550
vn -0.39289724 0.61910564 0.67995585
vn -0.53451883 0.50194741 0.67995472
vn -0.71021677 -0.18235475 0.67995506
vn -0.73325438 0.00000054 0.67995442
vn -0.64255562 0.35324693 0.67995506
vn -0.64255449 -0.35324812 0.67995551
vn -0.71021649 0.18235360 0.67995566
vn -0.53452046 -0.50194440 0.67995565
vn -0.39289776 -0.61910754 0.67995382
vn -0.22658607 -0.69736559 0.67995587
vn -0.04604387 -0.73180631 0.67995550
vn 0.13739889 -0.72026687 0.67995381
vn 0.31220422 -0.66346650 0.67995641
vn 0.46739250 -0.56498336 0.67995445
vn 0.59321612 -0.43099446 0.67995471
vn 0.68176225 -0.26992713 0.67995558
vn 0.72747184 -0.09190115 0.67995508
vn 0.72747184 0.09190115 0.67995508
vn 0.68176225 0.26992713 0.67995558
vn 0.59321501 0.43099730 0.67995388
vn 0.46739194 0.56498160 0.67995630
vn 0.31220791 0.66346582 0.67995539
vn 0.13739889 0.72026687 0.67995381
vn -0.22659009 0.69736535 0.67995477
vn -0.04604387 0.73180631 0.67995550
vn -0.39289724 0.61910564 0.67995585
vn -0.53451883 0.50194741 0.67995472
vn -0.71021677 -0.18235475 0.67995506
vn -0.73325438 0.00000054 0.67995442
vn -0.64255562 0.35324693 0.67995506
vn -0.64255449 -0.35324812 0.67995551
vn -0.71021649 0.18235360 0.67995566
vn -0.53452046 -0.50194440 0.67995565
vn -0.39289776 -0.61910754 0.67995382
vn -0.22658607 -0.69736559 0.67995587
vn -0.04604387 -0.73180631 0.67995550
vn 0.13739889 -0.72026687 0.67995381
vn 0.31220422 -0.66346650 0.67995641
vn 0.46739250 -0.56498336 0.67995445
vn 0.59321612 -0.43099446 0.67995471
vn 0.68176225 -0.26992713 0.67995558
vn 0.72747184 -0.09190115 0.67995508
vn 0.72747184 0.09190115 0.67995508
vn 0.68176225 0.26992713 0.67995558
vn 0.59321501 0.43099730 0.67995388
vn 0.46739194 0.56498160 0.67995630
vn 0.31220791 0.66346582 0.67995539
vn 0.13739889 0.72026687 0.67995381
f 1//1 2//2 3//3
f 4//4 5//5 6//6
f 7//7 8//8 9//9
f 7//7 10//10 8//8
f 11//11 12//12 5//5
f 13//13 14//14 15//15
f 13//13 15//15 1//1
f 11//11 5//5 4//4
f 16//16 4//4 17//17
f 16//16 11//11 4//4
f 18//18 11//11 16//16
f 19//19 18//18 16//16
f 20//20 11//11 18//18
f 21//21 18//18 19//19
f 22//22 13//13 1//1
f 23//23 20//20 18//18
f 24//24 19//19 16//16
f 25//25 11//11 20//20
f 26//26 27//27 28//28
f 26//26 29//29 27//27
f 30//30 31//31 22//22
f 30//30 32//32 31//31
f 33//33 24//24 34//34
f 33//33 35//35 24//24
f 36//36 37//37 25//25
f 36//36 25//25 38//38
f 39//39 40//40 41//41
f 39//39 42//42 43//43
f 44//44 42//42 39//39
f 45//45 41//41 30//30
f 45//45 39//39 41//41
f 45//45 44//44 39//39
f 46//46 37//37 47//47
f 2//2 48//48 34//34
f 49//49 45//45 50//50
f 49//49 50//50 51//51
f 49//49 52//52 53//53
f 49//49 53//53 44//44
f 49//49 44//44 45//45
f 54//54 2//2 55//55
f 16//16 2//2 24//24
f 24//24 2//2 34//34
f 1//1 45//45 30//30
f 1//1 30//30 22//22
f 46//46 11//11 25//25
f 46//46 25//25 37//37
f 56//56 57//57 58//58
f 44//44 10//10 7//7
f 44//44 7//7 29//29
f 44//44 29//29 26//26
f 44//44 26//26 42//42
f 8//8 46//46 47//47
f 8//8 47//47 59//59
f 60//60 2//2 54//54
f 15//15 48//48 2//2
f 15//15 61//61 48//48
f 62//62 56//56 58//58
f 63//63 2//2 60//60
f 64//64 58//58 46//46
f 64//64 62//62 58//58
f 3//3 2//2 63//63
f 10//10 46//46 8//8
f 10//10 64//64 46//46
f 1//1 15//15 2//2
f 65//65 2//2 16//16
f 66//66 65//65 16//16
f 55//55 2//2 67//67
f 54//54 55//55 67//67
f 2//2 65//65 67//67
f 54//54 67//67 68//68
f 60//60 54//54 69//69
f 54//54 68//68 69//69
f 63//63 60//60 70//70
f 60//60 69//69 70//70
f 3//3 63//63 71//71
f 1//1 3//3 71//71
f 63//63 70//70 71//71
f 1//1 71//71 72//72
f 66//66 16//16 17//17
f 73//73 17//17 4//4
f 73//73 66//66 17//17
f 74//74 4//4 6//6
f 74//74 73//73 4//4
f 75//75 6//6 5//5
f 75//75 74//74 6//6
f 76//76 5//5 12//12
f 76//76 75//75 5//5
f 77//77 12//12 11//11
f 77//77 76//76 12//12
f 78//78 77//77 11//11
f 79//79 45//45 1//1
f 72//72 79//79 1//1
f 78//78 11//11 46//46
f 80//80 78//78 46//46
f 50//50 45//45 79//79
f 50//50 79//79 81//81
f 51//51 50//50 82//82
f 49//49 51//51 82//82
f 50//50 81//81 82//82
f 49//49 82//82 83//83
f 52//52 49//49 84//84
f 49//49 83//83 84//84
f 53//53 52//52 85//85
f 52//52 84//84 85//85
f 44//44 53//53 86//86
f 53//53 85//85 86//86
f 80//80 46//46 58//58
f 87//87 58//58 57//57
f 87//87 80//80 58//58
f 88//88 57//57 56//56
f 88//88 87//87 57//57
f 89//89 56//56 62//62
f 89//89 88//88 56//56
f 90//90 62//62 64//64
f 90//90 89//89 62//62
f 91//91 64//64 10//10
f 91//91 90//90 64//64
f 92//92 91//91 10//10
f 92//92 10//10 44//44
f 86//86 92//92 44//44
f 15//15 93//93 94//94
f 15//15 14//14 93//93
f 14//14 13//13 31//31
f 13//13 22//22 31//31
f 31//31 95//95 96//96
f 31//31 32//32 95//95
f 32//32 30//30 40//40
f 30//30 41//41 40//40
f 40//40 97//97 98//98
f 40//40 39//39 97//97
f 39//39 99//99 97//97
f 39//39 43//43 99//99
f 43//43 42//42 26//26
f 28//28 43//43 26//26
f 27//27 100//100 101//101
f 28//28 27//27 101//101
f 27//27 29//29 7//7
f 9//9 27//27 7//7
f 9//9 102//102 103//103
f 9//9 8//8 102//102
f 8//8 104//104 102//102
f 8//8 59//59 104//104
f 37//37 36//36 47//47
f 36//36 59//59 47//47
f 36//36 105//105 106//106
f 36//36 38//38 105//105
f 20//20 23//23 25//25
f 23//23 38//38 25//25
f 23//23 107//107 108//108
f 23//23 18//18 107//107
f 18//18 109//109 107//107
f 18//18 21//21 109//109
f 24//24 35//35 19//19
f 19//19 35//35 21//21
f 33//33 110//110 111//111
f 35//35 33//33 111//111
f 48//48 61//61 34//34
f 34//34 61//61 33//33
f 61//61 94//94 112//112
f 61//61 15//15 94//94
f 113//113 65//65 66//66
f 113//113 66//66 114//114
f 115//115 113//113 116//116
f 113//113 114//114 116//116
f 117//117 115//115 118//118
f 115//115 116//116 118//118
f 119//119 117//117 120//120
f 117//117 118//118 120//120
f 121//121 119//119 122//122
f 119//119 120//120 122//122
f 123//123 121//121 124//124
f 121//121 122//122 124//124
f 67//67 65//65 113//113
f 68//68 67//67 113//113
f 71//71 70//70 125//125
f 72//72 71//71 125//125
f 126//126 119//119 121//121
f 126//126 117//117 119//119
f 127//127 128//128 129//129
f 127//127 129//129 130//130
f 131//131 115//115 117//117
f 131//131 113//113 115//115
f 131//131 69//69 68//68
f 131//131 117//117 126//126
f 131//131 68//68 113//113
f 132//132 130//130 133//133
f 132//132 133//133 125//125
f 132//132 70//70 69//69
f 132//132 126//126 127//127
f 132//132 131//131 126//126
f 132//132 125//125 70//70
f 132//132 127//127 130//130
f 132//132 69//69 131//131
f 134//134 121//121 123//123
f 134//134 123//123 128//128
f 134//134 127//127 126//126
f 134//134 126//126 121//121
f 134//134 128//128 127//127
f 114//114 66//66 73//73
f 114//114 73//73 74//74
f 135//135 76//76 77//77
f 135//135 77//77 78//78
f 122//122 120//120 136//136
f 120//120 118//118 136//136
f 137//137 138//138 139//139
f 140//140 137//137 139//139
f 118//118 116//116 141//141
f 116//116 114//114 141//141
f 74//74 75//75 141//141
f 139//139 136//136 141//141
f 136//136 118//118 141//141
f 114//114 74//74 141//141
f 142//142 140//140 143//143
f 135//135 142//142 143//143
f 75//75 76//76 143//143
f 139//139 141//141 143//143
f 76//76 135//135 143//143
f 140//140 139//139 143//143
f 141//141 75//75 143//143
f 124//124 122//122 144//144
f 138//138 124//124 144//144
f 136//136 139//139 144//144
f 122//122 136//136 144//144
f 139//139 138//138 144//144
f 145//145 79//79 125//125
f 79//79 72//72 125//125
f 146//146 147//147 133//133
f 147//147 145//145 133//133
f 145//145 125//125 133//133
f 148//148 146//146 130//130
f 146//146 133//133 130//130
f 149//149 148//148 129//129
f 148//148 130//130 129//129
f 150//150 149//149 128//128
f 149//149 129//129 128//128
f 150//150 128//128 123//123
f 135//135 78//78 151//151
f 78//78 80//80 151//151
f 140//140 142//142 152//152
f 142//142 135//135 152//152
f 135//135 151//151 152//152
f 137//137 140//140 153//153
f 140//140 152//152 153//153
f 137//137 153//153 154//154
f 124//124 138//138 155//155
f 138//138 137//137 155//155
f 137//137 154//154 155//155
f 124//124 155//155 156//156
f 81//81 79//79 145//145
f 82//82 81//81 145//145
f 85//85 84//84 157//157
f 86//86 85//85 157//157
f 158//158 148//148 149//149
f 158//158 146//146 148//148
f 159//159 160//160 161//161
f 159//159 161//161 162//162
f 163//163 147//147 146//146
f 163//163 145//145 147//147
f 163//163 83//83 82//82
f 163//163 146//146 158//158
f 163//163 82//82 145//145
f 164//164 162//162 165//165
f 164//164 165//165 157//157
f 164//164 84//84 83//83
f 164//164 83//83 163//163
f 164//164 163//163 158//158
f 164//164 157//157 84//84
f 164//164 159//159 162//162
f 164//164 158//158 159//159
f 166//166 149//149 150//150
f 166//166 150//150 160//160
f 166//166 158//158 149//149
f 166//166 160//160 159//159
f 166//166 159//159 158//158
f 151//151 80//80 87//87
f 151//151 87//87 88//88
f 167//167 90//90 91//91
f 167//167 91//91 92//92
f 155//155 154//154 168//168
f 154//154 153//153 168//168
f 169//169 170//170 171//171
f 172//172 169//169 171//171
f 153//153 152//152 173//173
f 152//152 151//151 173//173
f 88//88 89//89 173//173
f 171//171 168//168 173//173
f 168//168 153//153 173//173
f 151//151 88//88 173//173
f 174//174 172//172 175//175
f 167//167 174//174 175//175
f 89//89 90//90 175//175
f 171//171 173//173 175//175
f 90//90 167//167 175//175
f 172//172 171//171 175//175
f 173//173 89//89 175//175
f 156//156 155//155 176//176
f 170//170 156//156 176//176
f 168//168 171//171 176//176
f 155//155 168//168 176//176
f 171//171 170//170 176//176
f 167//167 92//92 157//157
f 92//92 86//86 157//157
f 174//174 167//167 165//165
f 167//167 157//157 165//165
f 172//172 174//174 162//162
f 174//174 165//165 162//162
f 170//170 169//169 161//161
f 169//169 172//172 161//161
f 172//172 162//162 161//161
f 170//170 161//161 160//160
f 156//156 170//170 150//150
f 170//170 160//160 150//150
f 112//112 94//94 93//93
f 112//112 93//93 177//177
f 14//14 178//178 179//179
f 179//179 180//180 93//93
f 14//14 179//179 93//93
f 93//93 180//180 177//177
f 178//178 14//14 181//181
f 14//14 31//31 181//181
f 182//182 181//181 31//31
f 96//96 182//182 31//31
f 96//96 183//183 182//182
f 184//184 182//182 183//183
f 185//185 183//183 96//96
f 185//185 96//96 186//186
f 96//96 95//95 186//186
f 32//32 187//187 188//188
f 32//32 188//188 95//95
f 188//188 189//189 95//95
f 189//189 188//188 190//190
f 95//95 189//189 186//186
f 187//187 32//32 191//191
f 32//32 40//40 191//191
f 192//192 191//191 40//40
f 98//98 193//193 192//192
f 98//98 192//192 40//40
f 194//194 193//193 98//98
f 194//194 98//98 97//97
f 194//194 97//97 99//99
f 43//43 195//195 196//196
f 193//193 196//196 197//197
f 43//43 196//196 99//99
f 196//196 193//193 99//99
f 99//99 193//193 194//194
f 195//195 43//43 198//198
f 198//198 43//43 28//28
f 199//199 198//198 28//28
f 101//101 199//199 28//28
f 101//101 200//200 199//199
f 201//201 199//199 200//200
f 202//202 200//200 101//101
f 203//203 201//201 204//204
f 205//205 33//33 206//206
f 110//110 205//205 207//207
f 203//203 199//199 201//201
f 110//110 33//33 205//205
f 208//208 207//207 205//205
f 208//208 205//205 209//209
f 209//209 205//205 210//210
f 209//209 210//210 211//211
f 204//204 211//211 210//210
f 204//204 210//210 203//203
f 212//212 213//213 214//214
f 202//202 101//101 214//214
f 214//214 101//101 215//215
f 212//212 214//214 215//215
f 216//216 215//215 100//100
f 215//215 101//101 100//100
f 27//27 217//217 218//218
f 27//27 218//218 100//100
f 218//218 219//219 100//100
f 219//219 218//218 220//220
f 100//100 219//219 216//216
f 217//217 27//27 221//221
f 221//221 27//27 9//9
f 222//222 221//221 9//9
f 103//103 223//223 222//222
f 103//103 222//222 9//9
f 224//224 223//223 103//103
f 104//104 224//224 102//102
f 224//224 103//103 102//102
f 225//225 59//59 226//226
f 223//223 225//225 227//227
f 104//104 223//223 224//224
f 104//104 225//225 223//223
f 104//104 59//59 225//225
f 36//36 228//228 226//226
f 36//36 226//226 59//59
f 204//204 201//201 229//229
f 228//228 36//36 230//230
f 231//231 230//230 106//106
f 230//230 36//36 106//106
f 230//230 231//231 232//232
f 233//233 230//230 232//232
f 234//234 230//230 233//233
f 235//235 234//234 233//233
f 234//234 235//235 204//204
f 229//229 234//234 204//204
f 105//105 236//236 106//106
f 236//236 231//231 106//106
f 237//237 209//209 211//211
f 238//238 38//38 239//239
f 105//105 238//238 236//236
f 105//105 38//38 238//238
f 240//240 236//236 238//238
f 240//240 238//238 241//241
f 241//241 238//238 242//242
f 241//241 242//242 243//243
f 211//211 243//243 242//242
f 211//211 242//242 237//237
f 23//23 244//244 239//239
f 23//23 239//239 38//38
f 244//244 23//23 245//245
f 246//246 245//245 247//247
f 248//248 247//247 108//108
f 247//247 245//245 108//108
f 245//245 23//23 108//108
f 109//109 248//248 108//108
f 107//107 109//109 108//108
f 249//249 21//21 250//250
f 109//109 249//249 247//247
f 109//109 247//247 248//248
f 109//109 21//21 249//249
f 35//35 251//251 250//250
f 21//21 35//35 250//250
f 251//251 35//35 252//252
f 253//253 252//252 254//254
f 255//255 254//254 111//111
f 254//254 252//252 111//111
f 252//252 35//35 111//111
f 110//110 207//207 256//256
f 110//110 256//256 257//257
f 257//257 256//256 258//258
f 110//110 257//257 111//111
f 257//257 258//258 259//259
f 111//111 257//257 255//255
f 61//61 260//260 206//206
f 33//33 61//61 206//206
f 260//260 61//61 261//261
f 262//262 261//261 180//180
f 177//177 180//180 112//112
f 180//180 261//261 112//112
f 261//261 61//61 112//112
f 124//124 263//263 264//264
f 263//263 124//124 265//265
f 124//124 264//264 266//266
f 265//265 124//124 267//267
f 124//124 266//266 268//268
f 267//267 124//124 269//269
f 124//124 268//268 270//270
f 269//269 124//124 271//271
f 272//272 273//273 274//274
f 275//275 276//276 277//277
f 278//278 275//275 279//279
f 275//275 277//277 279//279
f 280//280 272//272 281//281
f 272//272 274//274 281//281
f 273//273 271//271 282//282
f 274//274 273//273 282//282
f 277//277 276//276 283//283
f 276//276 284//284 283//283
f 285//285 280//280 286//286
f 280//280 281//281 286//286
f 270//270 278//278 287//287
f 278//278 279//279 287//287
f 284//284 288//288 289//289
f 283//283 284//284 289//289
f 282//282 271//271 290//290
f 291//291 285//285 292//292
f 285//285 286//286 292//292
f 288//288 293//293 294//294
f 289//289 288//288 294//294
f 295//295 291//291 296//296
f 291//291 292//292 296//296
f 293//293 297//297 298//298
f 294//294 293//293 298//298
f 299//299 295//295 300//300
f 295//295 296//296 300//300
f 297//297 301//301 302//302
f 298//298 297//297 302//302
f 303//303 299//299 304//304
f 299//299 300//300 304//304
f 303//303 304//304 305//305
f 301//301 303//303 305//305
f 302//302 301//301 305//305
f 271//271 124//124 156//156
f 306//306 307//307 156//156
f 308//308 306//306 156//156
f 309//309 308//308 156//156
f 307//307 290//290 156//156
f 290//290 271//271 156//156
f 124//124 270//270 123//123
f 270//270 287//287 123//123
f 310//310 311//311 123//123
f 312//312 310//310 123//123
f 313//313 312//312 123//123
f 287//287 313//313 123//123
f 123//123 311//311 314//314
f 309//309 156//156 315//315
f 123//123 314//314 316//316
f 315//315 156//156 317//317
f 123//123 316//316 318//318
f 317//317 156//156 319//319
f 123//123 318//318 320//320
f 319//319 156//156 321//321
f 305//305 304//304 322//322
f 304//304 323//323 322//322
f 305//305 322//322 324//324
f 325//325 305//305 324//324
f 322//322 323//323 326//326
f 323//323 327//327 326//326
f 325//325 324//324 328//328
f 329//329 325//325 328//328
f 327//327 330//330 331//331
f 326//326 327//327 331//331
f 329//329 328//328 332//332
f 333//333 329//329 332//332
f 330//330 334//334 335//335
f 331//331 330//330 335//335
f 333//333 332//332 336//336
f 337//337 333//333 336//336
f 334//334 338//338 339//339
f 335//335 334//334 339//339
f 337//337 336//336 340//340
f 341//341 337//337 340//340
f 338//338 342//342 343//343
f 339//339 338//338 343//343
f 341//341 340//340 344//344
f 345//345 341//341 344//344
f 342//342 346//346 347//347
f 343//343 342//342 347//347
f 345//345 344//344 348//348
f 349//349 345//345 348//348
f 346//346 350//350 351//351
f 347//347 346//346 351//351
f 352//352 349//349 353//353
f 349//349 348//348 353//353
f 351//351 350//350 354//354
f 320//320 352//352 355//355
f 352//352 353//353 355//355
f 123//123 320//320 150//150
f 356//356 357//357 150//150
f 358//358 356//356 150//150
f 359//359 358//358 150//150
f 360//360 359//359 150//150
f 361//361 360//360 150//150
f 362//362 361//361 150//150
f 355//355 362//362 150//150
f 320//320 355//355 150//150
f 357//357 156//156 150//150
f 354//354 156//156 357//357
f 321//321 156//156 354//354
f 350//350 321//321 354//354
f 182//182 178//178 181//181
f 179//179 178//178 182//182
f 262//262 179//179 182//182
f 262//262 180//180 179//179
f 184//184 262//262 182//182
f 205//205 261//261 262//262
f 205//205 262//262 184//184
f 184//184 183//183 363//363
f 184//184 363//363 210//210
f 184//184 210//210 205//205
f 186//186 189//189 364//364
f 363//363 183//183 185//185
f 363//363 185//185 186//186
f 364//364 363//363 186//186
f 188//188 191//191 192//192
f 188//188 187//187 191//191
f 197//197 188//188 192//192
f 193//193 197//197 192//192
f 190//190 188//188 197//197
f 197//197 196//196 199//199
f 190//190 197//197 199//199
f 364//364 189//189 190//190
f 203//203 364//364 190//190
f 199//199 203//203 190//190
f 196//196 195//195 199//199
f 195//195 198//198 199//199
f 213//213 201//201 200//200
f 229//229 201//201 213//213
f 365//365 229//229 213//213
f 214//214 213//213 200//200
f 214//214 200//200 202//202
f 363//363 364//364 203//203
f 210//210 363//363 203//203
f 205//205 260//260 261//261
f 205//205 206//206 260//260
f 207//207 208//208 256//256
f 258//258 208//208 209//209
f 258//258 256//256 208//208
f 237//237 366//366 258//258
f 237//237 258//258 209//209
f 367//367 235//235 368//368
f 369//369 370//370 211//211
f 371//371 372//372 243//243
f 373//373 235//235 367//367
f 374//374 243//243 372//372
f 375//375 369//369 211//211
f 376//376 235//235 373//373
f 377//377 371//371 243//243
f 378//378 243//243 374//374
f 379//379 375//375 211//211
f 380//380 377//377 243//243
f 381//381 243//243 378//378
f 382//382 380//380 243//243
f 383//383 243//243 381//381
f 384//384 382//382 243//243
f 385//385 243//243 383//383
f 386//386 384//384 243//243
f 204//204 387//387 388//388
f 204//204 388//388 389//389
f 204//204 389//389 390//390
f 204//204 390//390 391//391
f 204//204 391//391 392//392
f 204//204 392//392 393//393
f 204//204 393//393 394//394
f 204//204 394//394 395//395
f 204//204 395//395 396//396
f 204//204 396//396 397//397
f 235//235 243//243 398//398
f 235//235 398//398 399//399
f 398//398 243//243 385//385
f 204//204 235//235 400//400
f 204//204 400//400 401//401
f 204//204 401//401 387//387
f 400//400 235//235 376//376
f 211//211 204//204 402//402
f 211//211 402//402 379//379
f 402//402 204//204 397//397
f 243//243 211//211 403//403
f 243//243 403//403 386//386
f 211//211 404//404 405//405
f 211//211 405//405 406//406
f 211//211 406//406 407//407
f 211//211 407//407 408//408
f 211//211 408//408 403//403
f 235//235 399//399 409//409
f 235//235 409//409 410//410
f 235//235 410//410 411//411
f 235//235 411//411 412//412
f 235//235 412//412 413//413
f 414//414 404//404 211//211
f 415//415 235//235 413//413
f 416//416 414//414 211//211
f 368//368 235//235 415//415
f 370//370 416//416 211//211
f 216//216 219//219 215//215
f 225//225 230//230 227//227
f 227//227 230//230 220//220
f 219//219 220//220 212//212
f 212//212 220//220 234//234
f 212//212 234//234 417//417
f 219//219 212//212 215//215
f 220//220 230//230 234//234
f 417//417 365//365 212//212
f 365//365 213//213 212//212
f 218//218 217//217 222//222
f 217//217 221//221 222//222
f 227//227 218//218 222//222
f 223//223 227//227 222//222
f 220//220 218//218 227//227
f 225//225 226//226 230//230
f 226//226 228//228 230//230
f 229//229 365//365 234//234
f 234//234 365//365 417//417
f 418//418 232//232 231//231
f 236//236 240//240 419//419
f 231//231 236//236 419//419
f 231//231 419//419 418//418
f 420//420 233//233 232//232
f 418//418 420//420 232//232
f 235//235 233//233 420//420
f 421//421 241//241 243//243
f 421//421 243//243 235//235
f 420//420 421//421 235//235
f 366//366 237//237 422//422
f 422//422 237//237 242//242
f 238//238 245//245 246//246
f 238//238 246//246 253//253
f 253//253 254//254 259//259
f 254//254 257//257 259//259
f 259//259 422//422 242//242
f 253//253 259//259 242//242
f 253//253 242//242 238//238
f 239//239 244//244 238//238
f 238//238 244//244 245//245
f 240//240 241//241 419//419
f 241//241 421//421 419//419
f 249//249 252//252 246//246
f 249//249 246//246 247//247
f 246//246 252//252 253//253
f 249//249 251//251 252//252
f 249//249 250//250 251//251
f 257//257 254//254 255//255
f 259//259 258//258 366//366
f 422//422 259//259 366//366
f 423//423 424//424 264//264
f 424//424 266//266 264//264
f 425//425 423//423 263//263
f 423//423 264//264 263//263
f 426//426 427//427 271//271
f 428//428 425//425 265//265
f 425//425 263//263 265//265
f 427//427 269//269 271//271
f 427//427 428//428 267//267
f 428//428 265//265 267//267
f 429//429 426//426 273//273
f 426//426 271//271 273//273
f 427//427 267//267 269//269
f 430//430 429//429 272//272
f 429//429 273//273 272//272
f 431//431 430//430 280//280
f 432//432 431//431 280//280
f 430//430 272//272 280//280
f 433//433 432//432 285//285
f 432//432 280//280 285//285
f 433//433 285//285 291//291
f 434//434 433//433 295//295
f 435//435 434//434 295//295
f 433//433 291//291 295//295
f 436//436 435//435 299//299
f 435//435 295//295 299//299
f 437//437 436//436 303//303
f 436//436 299//299 303//303
f 438//438 437//437 301//301
f 437//437 303//303 301//301
f 438//438 301//301 297//297
f 439//439 438//438 297//297
f 439//439 297//297 293//293
f 440//440 439//439 293//293
f 440//440 293//293 288//288
f 441//441 440//440 288//288
f 441//441 288//288 284//284
f 442//442 441//441 284//284
f 442//442 284//284 276//276
f 443//443 442//442 276//276
f 444//444 443//443 275//275
f 443//443 276//276 275//275
f 445//445 444//444 278//278
f 444//444 275//275 278//278
f 446//446 445//445 270//270
f 445//445 278//278 270//270
f 447//447 446//446 268//268
f 446//446 270//270 268//268
f 424//424 447//447 266//266
f 447//447 268//268 266//266
f 448//448 449//449 281//281
f 449//449 286//286 281//281
f 450//450 448//448 274//274
f 448//448 281//281 274//274
f 451//451 452//452 306//306
f 453//453 450//450 282//282
f 450//450 274//274 282//282
f 452//452 307//307 306//306
f 452//452 453//453 290//290
f 453//453 282//282 290//290
f 454//454 451//451 308//308
f 451//451 306//306 308//308
f 452//452 290//290 307//307
f 455//455 454//454 309//309
f 454//454 308//308 309//309
f 456//456 455//455 315//315
f 457//457 456//456 315//315
f 455//455 309//309 315//315
f 458//458 457//457 317//317
f 457//457 315//315 317//317
f 458//458 317//317 319//319
f 459//459 458//458 321//321
f 460//460 459//459 321//321
f 458//458 319//319 321//321
f 461//461 460//460 350//350
f 460//460 321//321 350//350
f 462//462 461//461 346//346
f 461//461 350//350 346//346
f 463//463 462//462 342//342
f 462//462 346//346 342//342
f 463//463 342//342 338//338
f 464//464 463//463 338//338
f 464//464 338//338 334//334
f 465//465 464//464 334//334
f 465//465 334//334 330//330
f 466//466 465//465 330//330
f 466//466 330//330 327//327
f 467//467 466//466 327//327
f 467//467 327//327 323//323
f 468//468 467//467 323//323
f 469//469 468//468 304//304
f 468//468 323//323 304//304
f 470//470 469//469 300//300
f 469//469 304//304 300//300
f 471//471 470//470 296//296
f 470//470 300//300 296//296
f 472//472 471//471 292//292
f 471//471 296//296 292//292
f 449//449 472//472 286//286
f 472//472 292//292 286//286
f 473//473 474//474 324//324
f 474//474 328//328 324//324
f 475//475 473//473 322//322
f 473//473 324//324 322//322
f 476//476 477//477 339//339
f 478//478 475//475 326//326
f 475//475 322//322 326//326
f 477//477 335//335 339//339
f 477//477 478//478 331//331
f 478//478 326//326 331//331
f 479//479 476//476 343//343
f 476//476 339//339 343//343
f 477//477 331//331 335//335
f 480//480 479//479 347//347
f 479//479 343//343 347//347
f 481//481 480//480 351//351
f 482//482 481//481 351//351
f 480//480 347//347 351//351
f 483//483 482//482 354//354
f 482//482 351//351 354//354
f 483//483 354//354 357//357
f 484//484 483//483 356//356
f 485//485 484//484 356//356
f 483//483 357//357 356//356
f 486//486 485//485 358//358
f 485//485 356//356 358//358
f 487//487 486//486 359//359
f 486//486 358//358 359//359
f 488//488 487//487 360//360
f 487//487 359//359 360//360
f 488//488 360//360 361//361
f 489//489 488//488 361//361
f 489//489 361//361 362//362
f 490//490 489//489 362//362
f 490//490 362//362 355//355
f 491//491 490//490 355//355
f 491//491 355//355 353//353
f 492//492 491//491 353//353
f 492//492 353//353 348//348
f 493//493 492//492 348//348
f 494//494 493//493 344//344
f 493//493 348//348 344//344
f 495//495 494//494 340//340
f 494//494 344//344 340//340
f 496//496 495//495 336//336
f 495//495 340//340 336//336
f 497//497 496//496 332//332
f 496//496 336//336 332//332
f 474//474 497//497 328//328
f 497//497 332//332 328//328
f 498//498 499//499 279//279
f 499//499 287//287 279//279
f 500//500 498//498 277//277
f 498//498 279//279 277//277
f 501//501 502//502 298//298
f 503//503 500//500 283//283
f 500//500 277//277 283//283
f 502//502 294//294 298//298
f 502//502 503//503 289//289
f 503//503 283//283 289//289
f 504//504 501//501 302//302
f 501//501 298//298 302//302
f 502//502 289//289 294//294
f 505//505 504//504 305//305
f 504//504 302//302 305//305
f 506//506 505//505 325//325
f 507//507 506//506 325//325
f 505//505 305//305 325//325
f 508//508 507//507 329//329
f 507//507 325//325 329//329
f 508//508 329//329 333//333
f 509//509 508//508 337//337
f 510//510 509//509 337//337
f 508//508 333//333 337//337
f 511//511 510//510 341//341
f 510//510 337//337 341//341
f 512//512 511//511 345//345
f 511//511 341//341 345//345
f 513//513 512//512 349//349
f 512//512 345//345 349//349
f 513//513 349//349 352//352
f 514//514 513//513 352//352
f 514//514 352//352 320//320
f 515//515 514//514 320//320
f 515//515 320//320 318//318
f 516//516 515//515 318//318
f 516//516 318//318 316//316
f 517//517 516//516 316//316
f 517//517 316//316 314//314
f 518//518 517//517 314//314
f 519//519 518//518 311//311
f 518//518 314//314 311//311
f 520//520 519//519 310//310
f 519//519 311//311 310//310
f 521//521 520//520 312//312
f 520//520 310//310 312//312
f 522//522 521//521 313//313
f 521//521 312//312 313//313
f 499//499 522//522 287//287
f 522//522 313//313 287//287
f 398//398 523//523 524//524
f 399//399 398//398 524//524
f 399//399 524//524 525//525
f 409//409 399//399 525//525
f 409//409 525//525 526//526
f 410//410 409//409 526//526
f 410//410 526//526 527//527
f 411//411 410//410 527//527
f 411//411 527//527 528//528
f 412//412 411//411 528//528
f 412//412 528//528 529//529
f 413//413 412//412 529//529
f 413//413 529//529 530//530
f 413//413 530//530 531//531
f 415//415 413//413 531//531
f 415//415 531//531 532//532
f 368//368 415//415 532//532
f 368//368 532//532 533//533
f 367//367 368//368 533//533
f 367//367 533//533 534//534
f 373//373 367//367 534//534
f 373//373 534//534 535//535
f 376//376 535//535 536//536
f 376//376 373//373 535//535
f 400//400 536//536 537//537
f 400//400 376//376 536//536
f 401//401 537//537 538//538
f 401//401 538//538 539//539
f 401//401 400//400 537//537
f 387//387 539//539 540//540
f 387//387 401//401 539//539
f 388//388 540//540 541//541
f 388//388 387//387 540//540
f 389//389 541//541 542//542
f 389//389 388//388 541//541
f 390//390 542//542 543//543
f 390//390 389//389 542//542
f 391//391 543//543 544//544
f 391//391 390//390 543//543
f 392//392 544//544 545//545
f 392//392 545//545 546//546
f 392//392 391//391 544//544
f 393//393 546//546 547//547
f 393//393 392//392 546//546
f 394//394 393//393 547//547
f 394//394 547//547 548//548
f 395//395 394//394 548//548
f 395//395 548//548 549//549
f 396//396 395//395 549//549
f 396//396 549//549 550//550
f 397//397 396//396 550//550
f 397//397 550//550 551//551
f 402//402 397//397 551//551
f 402//402 551//551 552//552
f 402//402 552//552 553//553
f 379//379 402//402 553//553
f 379//379 553//553 554//554
f 375//375 379//379 554//554
f 375//375 554//554 555//555
f 369//369 375//375 555//555
f 369//369 555//555 556//556
f 370//370 369//369 556//556
f 370//370 556//556 557//557
f 416//416 370//370 557//557
f 416//416 557//557 558//558
f 414//414 416//416 558//558
f 414//414 558//558 559//559
f 414//414 559//559 560//560
f 404//404 414//414 560//560
f 404//404 560//560 561//561
f 405//405 404//404 561//561
f 405//405 561//561 562//562
f 406//406 405//405 562//562
f 406//406 562//562 563//563
f 407//407 406//406 563//563
f 407//407 563//563 564//564
f 408//408 407//407 564//564
f 408//408 564//564 565//565
f 403//403 408//408 565//565
f 403//403 565//565 566//566
f 386//386 403//403 566//566
f 386//386 566//566 567//567
f 386//386 567//567 568//568
f 384//384 386//386 568//568
f 384//384 568//568 569//569
f 382//382 384//384 569//569
f 382//382 569//569 570//570
f 380//380 382//382 570//570
f 380//380 570//570 571//571
f 377//377 380//380 571//571
f 377//377 571//571 572//572
f 371//371 572//572 573//573
f 371//371 377//377 572//572
f 372//372 573//573 574//574
f 372//372 574//574 575//575
f 372//372 371//371 573//573
f 374//374 575//575 576//576
f 374//374 372//372 575//575
f 378//378 576//576 577//577
f 378//378 374//374 576//576
f 381//381 577//577 578//578
f 381//381 378//378 577//577
f 383//383 578//578 579//579
f 383//383 381//381 578//578
f 385//385 579//579 580//580
f 385//385 383//383 579//579
f 398//398 580//580 523//523
f 398//398 385//385 580//580
f 421//421 420//420 418//418
f 419//419 421//421 418//418
f 581//581 582//582 583//583
f 584//584 585//585 586//586
f 584//584 586//586 587//587
f 588//588 447//447 424//424
f 588//588 583//583 447//447
f 589//589 582//582 581//581
f 589//589 587//587 582//582
f 590//590 585//585 584//584
f 590//590 591//591 592//592
f 590//590 593//593 585//585
f 590//590 592//592 593//593
f 594//594 583//583 588//588
f 594//594 581//581 583//583
f 595//595 587//587 589//589
f 595//595 584//584 587//587
f 596//596 424//424 423//423
f 596//596 423//423 425//425
f 597//597 598//598 599//599
f 596//596 594//594 588//588
f 596//596 588//588 424//424
f 600//600 589//589 581//581
f 600//600 581//581 594//594
f 601//601 591//591 590//590
f 601//601 584//584 595//595
f 601//601 602//602 591//591
f 601//601 590//590 584//584
f 603//603 594//594 596//596
f 604//604 589//589 600//600
f 604//604 595//595 589//589
f 605//605 603//603 596//596
f 605//605 596//596 425//425
f 606//606 600//600 594//594
f 606//606 594//594 603//603
f 607//607 601//601 595//595
f 607//607 602//602 601//601
f 607//607 595//595 604//604
f 607//607 608//608 602//602
f 609//609 606//606 603//603
f 609//609 603//603 605//605
f 610//610 604//604 600//600
f 610//610 600//600 606//606
f 611//611 425//425 428//428
f 611//611 605//605 425//425
f 611//611 609//609 605//605
f 611//611 428//428 612//612
f 613//613 610//610 606//606
f 613//613 606//606 609//609
f 614//614 608//608 607//607
f 614//614 607//607 604//604
f 614//614 604//604 610//610
f 614//614 615//615 608//608
f 616//616 611//611 612//612
f 616//616 612//612 617//617
f 616//616 617//617 618//618
f 616//616 609//609 611//611
f 619//619 610//610 613//613
f 619//619 614//614 610//610
f 620//620 613//613 609//609
f 620//620 609//609 616//616
f 620//620 618//618 621//621
f 620//620 616//616 618//618
f 622//622 623//623 615//615
f 622//622 615//615 614//614
f 622//622 614//614 619//619
f 624//624 619//619 613//613
f 624//624 613//613 620//620
f 624//624 620//620 621//621
f 625//625 624//624 621//621
f 625//625 619//619 624//624
f 625//625 621//621 599//599
f 625//625 622//622 619//619
f 625//625 623//623 622//622
f 625//625 599//599 623//623
f 612//612 428//428 427//427
f 598//598 623//623 599//599
f 626//626 612//612 427//427
f 626//626 427//427 426//426
f 627//627 617//617 612//612
f 627//627 618//618 617//617
f 627//627 612//612 626//626
f 628//628 426//426 429//429
f 628//628 429//429 430//430
f 628//628 626//626 426//426
f 629//629 621//621 618//618
f 629//629 618//618 627//627
f 630//630 627//627 626//626
f 630//630 626//626 628//628
f 630//630 629//629 627//627
f 631//631 599//599 621//621
f 631//631 621//621 629//629
f 632//632 628//628 430//430
f 632//632 630//630 628//628
f 633//633 629//629 630//630
f 633//633 631//631 629//629
f 634//634 635//635 597//597
f 634//634 599//599 631//631
f 634//634 597//597 599//599
f 636//636 633//633 630//630
f 636//636 630//630 632//632
f 637//637 631//631 633//633
f 637//637 634//634 631//631
f 638//638 430//430 431//431
f 638//638 632//632 430//430
f 639//639 633//633 636//636
f 639//639 637//637 633//633
f 640//640 641//641 635//635
f 640//640 635//635 634//634
f 640//640 634//634 637//637
f 642//642 632//632 638//638
f 642//642 636//636 632//632
f 643//643 640//640 637//637
f 643//643 637//637 639//639
f 644//644 431//431 432//432
f 644//644 432//432 433//433
f 644//644 642//642 638//638
f 644//644 638//638 431//431
f 645//645 636//636 642//642
f 645//645 639//639 636//636
f 646//646 642//642 644//644
f 647//647 648//648 641//641
f 647//647 640//640 643//643
f 647//647 641//641 640//640
f 649//649 639//639 645//645
f 649//649 643//643 639//639
f 650//650 644//644 433//433
f 650//650 646//646 644//644
f 651//651 642//642 646//646
f 651//651 645//645 642//642
f 652//652 648//648 647//647
f 652//652 653//653 648//648
f 652//652 647//647 643//643
f 652//652 643//643 649//649
f 654//654 651//651 646//646
f 654//654 646//646 650//650
f 655//655 649//649 645//645
f 655//655 645//645 651//651
f 656//656 433//433 434//434
f 656//656 654//654 650//650
f 656//656 650//650 433//433
f 657//657 655//655 651//651
f 657//657 651//651 654//654
f 658//658 654//654 656//656
f 659//659 660//660 653//653
f 659//659 653//653 652//652
f 659//659 652//652 649//649
f 659//659 649//649 655//655
f 661//661 434//434 435//435
f 661//661 435//435 436//436
f 661//661 656//656 434//434
f 662//662 659//659 655//655
f 662//662 655//655 657//657
f 663//663 654//654 658//658
f 663//663 657//657 654//654
f 664//664 659//659 662//662
f 664//664 665//665 660//660
f 664//664 660//660 659//659
f 666//666 656//656 661//661
f 666//666 658//658 656//656
f 667//667 657//657 663//663
f 667//667 662//662 657//657
f 668//668 666//666 661//661
f 668//668 661//661 436//436
f 669//669 663//663 658//658
f 669//669 658//658 666//666
f 670//670 664//664 662//662
f 670//670 665//665 664//664
f 670//670 662//662 667//667
f 670//670 671//671 665//665
f 672//672 666//666 668//668
f 672//672 669//669 666//666
f 673//673 663//663 669//669
f 673//673 667//667 663//663
f 674//674 668//668 436//436
f 674//674 436//436 437//437
f 674//674 672//672 668//668
f 675//675 673//673 669//669
f 675//675 669//669 672//672
f 676//676 667//667 673//673
f 676//676 670//670 667//667
f 676//676 671//671 670//670
f 676//676 677//677 671//671
f 678//678 672//672 674//674
f 679//679 676//676 673//673
f 679//679 673//673 675//675
f 680//680 437//437 438//438
f 680//680 438//438 439//439
f 680//680 674//674 437//437
f 681//681 675//675 672//672
f 681//681 672//672 678//678
f 682//682 683//683 677//677
f 682//682 676//676 679//679
f 682//682 677//677 676//676
f 684//684 674//674 680//680
f 684//684 678//678 674//674
f 685//685 679//679 675//675
f 685//685 675//675 681//681
f 686//686 680//680 439//439
f 686//686 684//684 680//680
f 687//687 681//681 678//678
f 687//687 678//678 684//684
f 688//688 689//689 683//683
f 688//688 683//683 682//682
f 688//688 679//679 685//685
f 688//688 682//682 679//679
f 690//690 687//687 684//684
f 690//690 684//684 686//686
f 691//691 685//685 681//681
f 691//691 681//681 687//687
f 692//692 439//439 440//440
f 692//692 686//686 439//439
f 693//693 687//687 690//690
f 693//693 691//691 687//687
f 694//694 695//695 689//689
f 694//694 685//685 691//691
f 694//694 689//689 688//688
f 694//694 688//688 685//685
f 696//696 690//690 686//686
f 696//696 686//686 692//692
f 697//697 691//691 693//693
f 697//697 694//694 691//691
f 698//698 440//440 441//441
f 698//698 441//441 442//442
f 698//698 692//692 440//440
f 698//698 696//696 692//692
f 699//699 690//690 696//696
f 699//699 693//693 690//690
f 700//700 701//701 695//695
f 700//700 695//695 694//694
f 700//700 694//694 697//697
f 702//702 696//696 698//698
f 703//703 697//697 693//693
f 703//703 693//693 699//699
f 704//704 702//702 698//698
f 704//704 698//698 442//442
f 705//705 699//699 696//696
f 705//705 696//696 702//702
f 706//706 700//700 697//697
f 706//706 707//707 701//701
f 706//706 701//701 700//700
f 706//706 697//697 703//703
f 708//708 705//705 702//702
f 708//708 702//702 704//704
f 709//709 699//699 705//705
f 709//709 703//703 699//699
f 710//710 442//442 443//443
f 710//710 704//704 442//442
f 711//711 705//705 708//708
f 711//711 709//709 705//705
f 712//712 703//703 709//709
f 712//712 707//707 706//706
f 712//712 706//706 703//703
f 712//712 713//713 707//707
f 714//714 708//708 704//704
f 714//714 704//704 710//710
f 715//715 709//709 711//711
f 715//715 712//712 709//709
f 716//716 710//710 443//443
f 716//716 443//443 444//444
f 716//716 444//444 445//445
f 716//716 714//714 710//710
f 717//717 711//711 708//708
f 717//717 708//708 714//714
f 718//718 712//712 715//715
f 718//718 713//713 712//712
f 718//718 719//719 713//713
f 720//720 714//714 716//716
f 721//721 715//715 711//711
f 721//721 711//711 717//717
f 722//722 716//716 445//445
f 722//722 720//720 716//716
f 723//723 717//717 714//714
f 723//723 714//714 720//720
f 724//724 725//725 719//719
f 724//724 715//715 721//721
f 724//724 718//718 715//715
f 724//724 719//719 718//718
f 726//726 720//720 722//722
f 726//726 723//723 720//720
f 727//727 721//721 717//717
f 727//727 717//717 723//723
f 728//728 445//445 446//446
f 728//728 722//722 445//445
f 728//728 726//726 722//722
f 586//586 723//723 726//726
f 586//586 727//727 723//723
f 729//729 730//730 725//725
f 729//729 721//721 727//727
f 729//729 725//725 724//724
f 729//729 724//724 721//721
f 582//582 726//726 728//728
f 585//585 727//727 586//586
f 585//585 729//729 727//727
f 583//583 446//446 447//447
f 583//583 728//728 446//446
f 583//583 582//582 728//728
f 587//587 586//586 726//726
f 587//587 726//726 582//582
f 593//593 729//729 585//585
f 593//593 592//592 730//730
f 593//593 730//730 729//729
f 731//731 732//732 733//733
f 734//734 735//735 736//736
f 734//734 736//736 737//737
f 738//738 472//472 449//449
f 738//738 733//733 472//472
f 739//739 732//732 731//731
f 739//739 737//737 732//732
f 740//740 735//735 734//734
f 740//740 741//741 742//742
f 740//740 743//743 735//735
f 740//740 742//742 743//743
f 744//744 733//733 738//738
f 744//744 731//731 733//733
f 745//745 737//737 739//739
f 745//745 734//734 737//737
f 746//746 449//449 448//448
f 746//746 448//448 450//450
f 747//747 748//748 749//749
f 746//746 744//744 738//738
f 746//746 738//738 449//449
f 750//750 739//739 731//731
f 750//750 731//731 744//744
f 751//751 741//741 740//740
f 751//751 734//734 745//745
f 751//751 752//752 741//741
f 751//751 740//740 734//734
f 753//753 744//744 746//746
f 754//754 739//739 750//750
f 754//754 745//745 739//739
f 755//755 753//753 746//746
f 755//755 746//746 450//450
f 756//756 750//750 744//744
f 756//756 744//744 753//753
f 757//757 751//751 745//745
f 757//757 752//752 751//751
f 757//757 745//745 754//754
f 757//757 758//758 752//752
f 759//759 756//756 753//753
f 759//759 753//753 755//755
f 760//760 754//754 750//750
f 760//760 750//750 756//756
f 761//761 450//450 453//453
f 761//761 755//755 450//450
f 761//761 759//759 755//755
f 761//761 453//453 762//762
f 763//763 760//760 756//756
f 763//763 756//756 759//759
f 764//764 758//758 757//757
f 764//764 757//757 754//754
f 764//764 754//754 760//760
f 764//764 765//765 758//758
f 766//766 761//761 762//762
f 766//766 762//762 767//767
f 766//766 767//767 768//768
f 766//766 759//759 761//761
f 769//769 760//760 763//763
f 769//769 764//764 760//760
f 770//770 763//763 759//759
f 770//770 759//759 766//766
f 770//770 768//768 771//771
f 770//770 766//766 768//768
f 772//772 773//773 765//765
f 772//772 765//765 764//764
f 772//772 764//764 769//769
f 774//774 769//769 763//763
f 774//774 763//763 770//770
f 774//774 770//770 771//771
f 775//775 774//774 771//771
f 775//775 769//769 774//774
f 775//775 771//771 749//749
f 775//775 772//772 769//769
f 775//775 773//773 772//772
f 775//775 749//749 773//773
f 762//762 453//453 452//452
f 748//748 773//773 749//749
f 776//776 762//762 452//452
f 776//776 452//452 451//451
f 777//777 767//767 762//762
f 777//777 768//768 767//767
f 777//777 762//762 776//776
f 778//778 451//451 454//454
f 778//778 454//454 455//455
f 778//778 776//776 451//451
f 779//779 771//771 768//768
f 779//779 768//768 777//777
f 780//780 777//777 776//776
f 780//780 776//776 778//778
f 780//780 779//779 777//777
f 781//781 749//749 771//771
f 781//781 771//771 779//779
f 782//782 778//778 455//455
f 782//782 780//780 778//778
f 783//783 779//779 780//780
f 783//783 781//781 779//779
f 784//784 785//785 747//747
f 784//784 749//749 781//781
f 784//784 747//747 749//749
f 786//786 783//783 780//780
f 786//786 780//780 782//782
f 787//787 781//781 783//783
f 787//787 784//784 781//781
f 788//788 455//455 456//456
f 788//788 782//782 455//455
f 789//789 783//783 786//786
f 789//789 787//787 783//783
f 790//790 791//791 785//785
f 790//790 785//785 784//784
f 790//790 784//784 787//787
f 792//792 782//782 788//788
f 792//792 786//786 782//782
f 793//793 790//790 787//787
f 793//793 787//787 789//789
f 794//794 456//456 457//457
f 794//794 457//457 458//458
f 794//794 792//792 788//788
f 794//794 788//788 456//456
f 795//795 786//786 792//792
f 795//795 789//789 786//786
f 796//796 792//792 794//794
f 797//797 798//798 791//791
f 797//797 790//790 793//793
f 797//797 791//791 790//790
f 799//799 789//789 795//795
f 799//799 793//793 789//789
f 800//800 794//794 458//458
f 800//800 796//796 794//794
f 801//801 792//792 796//796
f 801//801 795//795 792//792
f 802//802 798//798 797//797
f 802//802 803//803 798//798
f 802//802 797//797 793//793
f 802//802 793//793 799//799
f 804//804 801//801 796//796
f 804//804 796//796 800//800
f 805//805 799//799 795//795
f 805//805 795//795 801//801
f 806//806 458//458 459//459
f 806//806 804//804 800//800
f 806//806 800//800 458//458
f 807//807 805//805 801//801
f 807//807 801//801 804//804
f 808//808 804//804 806//806
f 809//809 810//810 803//803
f 809//809 803//803 802//802
f 809//809 802//802 799//799
f 809//809 799//799 805//805
f 811//811 459//459 460//460
f 811//811 460//460 461//461
f 811//811 806//806 459//459
f 812//812 809//809 805//805
f 812//812 805//805 807//807
f 813//813 804//804 808//808
f 813//813 807//807 804//804
f 814//814 809//809 812//812
f 814//814 815//815 810//810
f 814//814 810//810 809//809
f 816//816 806//806 811//811
f 816//816 808//808 806//806
f 817//817 807//807 813//813
f 817//817 812//812 807//807
f 818//818 816//816 811//811
f 818//818 811//811 461//461
f 819//819 813//813 808//808
f 819//819 808//808 816//816
f 820//820 814//814 812//812
f 820//820 815//815 814//814
f 820//820 812//812 817//817
f 820//820 821//821 815//815
f 822//822 816//816 818//818
f 822//822 819//819 816//816
f 823//823 813//813 819//819
f 823//823 817//817 813//813
f 824//824 818//818 461//461
f 824//824 461//461 462//462
f 824//824 822//822 818//818
f 825//825 823//823 819//819
f 825//825 819//819 822//822
f 826//826 817//817 823//823
f 826//826 820//820 817//817
f 826//826 821//821 820//820
f 826//826 827//827 821//821
f 828//828 822//822 824//824
f 829//829 826//826 823//823
f 829//829 823//823 825//825
f 830//830 462//462 463//463
f 830//830 463//463 464//464
f 830//830 824//824 462//462
f 831//831 825//825 822//822
f 831//831 822//822 828//828
f 832//832 833//833 827//827
f 832//832 826//826 829//829
f 832//832 827//827 826//826
f 834//834 824//824 830//830
f 834//834 828//828 824//824
f 835//835 829//829 825//825
f 835//835 825//825 831//831
f 836//836 830//830 464//464
f 836//836 834//834 830//830
f 837//837 831//831 828//828
f 837//837 828//828 834//834
f 838//838 839//839 833//833
f 838//838 833//833 832//832
f 838//838 829//829 835//835
f 838//838 832//832 829//829
f 840//840 837//837 834//834
f 840//840 834//834 836//836
f 841//841 835//835 831//831
f 841//841 831//831 837//837
f 842//842 464//464 465//465
f 842//842 836//836 464//464
f 843//843 837//837 840//840
f 843//843 841//841 837//837
f 844//844 845//845 839//839
f 844//844 835//835 841//841
f 844//844 839//839 838//838
f 844//844 838//838 835//835
f 846//846 840//840 836//836
f 846//846 836//836 842//842
f 847//847 841//841 843//843
f 847//847 844//844 841//841
f 848//848 465//465 466//466
f 848//848 466//466 467//467
f 848//848 842//842 465//465
f 848//848 846//846 842//842
f 849//849 840//840 846//846
f 849//849 843//843 840//840
f 850//850 851//851 845//845
f 850//850 845//845 844//844
f 850//850 844//844 847//847
f 852//852 846//846 848//848
f 853//853 847//847 843//843
f 853//853 843//843 849//849
f 854//854 852//852 848//848
f 854//854 848//848 467//467
f 855//855 849//849 846//846
f 855//855 846//846 852//852
f 856//856 850//850 847//847
f 856//856 857//857 851//851
f 856//856 851//851 850//850
f 856//856 847//847 853//853
f 858//858 855//855 852//852
f 858//858 852//852 854//854
f 859//859 849//849 855//855
f 859//859 853//853 849//849
f 860//860 467//467 468//468
f 860//860 854//854 467//467
f 861//861 855//855 858//858
f 861//861 859//859 855//855
f 862//862 853//853 859//859
f 862//862 857//857 856//856
f 862//862 856//856 853//853
f 862//862 863//863 857//857
f 864//864 858//858 854//854
f 864//864 854//854 860//860
f 865//865 859//859 861//861
f 865//865 862//862 859//859
f 866//866 860//860 468//468
f 866//866 468//468 469//469
f 866//866 469//469 470//470
f 866//866 864//864 860//860
f 867//867 861//861 858//858
f 867//867 858//858 864//864
f 868//868 862//862 865//865
f 868//868 863//863 862//862
f 868//868 869//869 863//863
f 870//870 864//864 866//866
f 871//871 865//865 861//861
f 871//871 861//861 867//867
f 872//872 866//866 470//470
f 872//872 870//870 866//866
f 873//873 867//867 864//864
f 873//873 864//864 870//870
f 874//874 875//875 869//869
f 874//874 865//865 871//871
f 874//874 868//868 865//865
f 874//874 869//869 868//868
f 876//876 870//870 872//872
f 876//876 873//873 870//870
f 877//877 871//871 867//867
f 877//877 867//867 873//873
f 878//878 470//470 471//471
f 878//878 872//872 470//470
f 878//878 876//876 872//872
f 736//736 873//873 876//876
f 736//736 877//877 873//873
f 879//879 880//880 875//875
f 879//879 871//871 877//877
f 879//879 875//875 874//874
f 879//879 874//874 871//871
f 732//732 876//876 878//878
f 735//735 877//877 736//736
f 735//735 879//879 877//877
f 733//733 471//471 472//472
f 733//733 878//878 471//471
f 733//733 732//732 878//878
f 737//737 736//736 876//876
f 737//737 876//876 732//732
f 743//743 879//879 735//735
f 743//743 742//742 880//880
f 743//743 880//880 879//879
f 881//881 882//882 883//883
f 884//884 885//885 886//886
f 884//884 886//886 887//887
f 888//888 497//497 474//474
f 888//888 883//883 497//497
f 889//889 882//882 881//881
f 889//889 887//887 882//882
f 890//890 885//885 884//884
f 890//890 891//891 892//892
f 890//890 893//893 885//885
f 890//890 892//892 893//893
f 894//894 883//883 888//888
f 894//894 881//881 883//883
f 895//895 887//887 889//889
f 895//895 884//884 887//887
f 896//896 474//474 473//473
f 896//896 473//473 475//475
f 897//897 898//898 899//899
f 896//896 894//894 888//888
f 896//896 888//888 474//474
f 900//900 889//889 881//881
f 900//900 881//881 894//894
f 901//901 891//891 890//890
f 901//901 884//884 895//895
f 901//901 902//902 891//891
f 901//901 890//890 884//884
f 903//903 894//894 896//896
f 904//904 889//889 900//900
f 904//904 895//895 889//889
f 905//905 903//903 896//896
f 905//905 896//896 475//475
f 906//906 900//900 894//894
f 906//906 894//894 903//903
f 907//907 901//901 895//895
f 907//907 902//902 901//901
f 907//907 895//895 904//904
f 907//907 908//908 902//902
f 909//909 906//906 903//903
f 909//909 903//903 905//905
f 910//910 904//904 900//900
f 910//910 900//900 906//906
f 911//911 475//475 478//478
f 911//911 905//905 475//475
f 911//911 909//909 905//905
f 911//911 478//478 912//912
f 913//913 910//910 906//906
f 913//913 906//906 909//909
f 914//914 908//908 907//907
f 914//914 907//907 904//904
f 914//914 904//904 910//910
f 914//914 915//915 908//908
f 916//916 911//911 912//912
f 916//916 912//912 917//917
f 916//916 917//917 918//918
f 916//916 909//909 911//911
f 919//919 910//910 913//913
f 919//919 914//914 910//910
f 920//920 913//913 909//909
f 920//920 909//909 916//916
f 920//920 918//918 921//921
f 920//920 916//916 918//918
f 922//922 923//923 915//915
f 922//922 915//915 914//914
f 922//922 914//914 919//919
f 924//924 919//919 913//913
f 924//924 913//913 920//920
f 924//924 920//920 921//921
f 925//925 924//924 921//921
f 925//925 919//919 924//924
f 925//925 921//921 899//899
f 925//925 922//922 919//919
f 925//925 923//923 922//922
f 925//925 899//899 923//923
f 912//912 478//478 477//477
f 898//898 923//923 899//899
f 926//926 912//912 477//477
f 926//926 477//477 476//476
f 927//927 917//917 912//912
f 927//927 918//918 917//917
f 927//927 912//912 926//926
f 928//928 476//476 479//479
f 928//928 479//479 480//480
f 928//928 926//926 476//476
f 929//929 921//921 918//918
f 929//929 918//918 927//927
f 930//930 927//927 926//926
f 930//930 926//926 928//928
f 930//930 929//929 927//927
f 931//931 899//899 921//921
f 931//931 921//921 929//929
f 932//932 928//928 480//480
f 932//932 930//930 928//928
f 933//933 929//929 930//930
f 933//933 931//931 929//929
f 934//934 935//935 897//897
f 934//934 899//899 931//931
f 934//934 897//897 899//899
f 936//936 933//933 930//930
f 936//936 930//930 932//932
f 937//937 931//931 933//933
f 937//937 934//934 931//931
f 938//938 480//480 481//481
f 938//938 932//932 480//480
f 939//939 933//933 936//936
f 939//939 937//937 933//933
f 940//940 941//941 935//935
f 940//940 935//935 934//934
f 940//940 934//934 937//937
f 942//942 932//932 938//938
f 942//942 936//936 932//932
f 943//943 940//940 937//937
f 943//943 937//937 939//939
f 944//944 481//481 482//482
f 944//944 482//482 483//483
f 944//944 942//942 938//938
f 944//944 938//938 481//481
f 945//945 936//936 942//942
f 945//945 939//939 936//936
f 946//946 942//942 944//944
f 947//947 948//948 941//941
f 947//947 940//940 943//943
f 947//947 941//941 940//940
f 949//949 939//939 945//945
f 949//949 943//943 939//939
f 950//950 944//944 483//483
f 950//950 946//946 944//944
f 951//951 942//942 946//946
f 951//951 945//945 942//942
f 952//952 948//948 947//947
f 952//952 953//953 948//948
f 952//952 947//947 943//943
f 952//952 943//943 949//949
f 954//954 951//951 946//946
f 954//954 946//946 950//950
f 955//955 949//949 945//945
f 955//955 945//945 951//951
f 956//956 483//483 484//484
f 956//956 954//954 950//950
f 956//956 950//950 483//483
f 957//957 955//955 951//951
f 957//957 951//951 954//954
f 958//958 954//954 956//956
f 959//959 960//960 953//953
f 959//959 953//953 952//952
f 959//959 952//952 949//949
f 959//959 949//949 955//955
f 961//961 484//484 485//485
f 961//961 485//485 486//486
f 961//961 956//956 484//484
f 962//962 959//959 955//955
f 962//962 955//955 957//957
f 963//963 954//954 958//958
f 963//963 957//957 954//954
f 964//964 959//959 962//962
f 964//964 965//965 960//960
f 964//964 960//960 959//959
f 966//966 956//956 961//961
f 966//966 958//958 956//956
f 967//967 957//957 963//963
f 967//967 962//962 957//957
f 968//968 966//966 961//961
f 968//968 961//961 486//486
f 969//969 963//963 958//958
f 969//969 958//958 966//966
f 970//970 964//964 962//962
f 970//970 965//965 964//964
f 970//970 962//962 967//967
f 970//970 971//971 965//965
f 972//972 966//966 968//968
f 972//972 969//969 966//966
f 973//973 963//963 969//969
f 973//973 967//967 963//963
f 974//974 968//968 486//486
f 974//974 486//486 487//487
f 974//974 972//972 968//968
f 975//975 973//973 969//969
f 975//975 969//969 972//972
f 976//976 967//967 973//973
f 976//976 970//970 967//967
f 976//976 971//971 970//970
f 976//976 977//977 971//971
f 978//978 972//972 974//974
f 979//979 976//976 973//973
f 979//979 973//973 975//975
f 980//980 487//487 488//488
f 980//980 488//488 489//489
f 980//980 974//974 487//487
f 981//981 975//975 972//972
f 981//981 972//972 978//978
f 982//982 983//983 977//977
f 982//982 976//976 979//979
f 982//982 977//977 976//976
f 984//984 974//974 980//980
f 984//984 978//978 974//974
f 985//985 979//979 975//975
f 985//985 975//975 981//981
f 986//986 980//980 489//489
f 986//986 984//984 980//980
f 987//987 981//981 978//978
f 987//987 978//978 984//984
f 988//988 989//989 983//983
f 988//988 983//983 982//982
f 988//988 979//979 985//985
f 988//988 982//982 979//979
f 990//990 987//987 984//984
f 990//990 984//984 986//986
f 991//991 985//985 981//981
f 991//991 981//981 987//987
f 992//992 489//489 490//490
f 992//992 986//986 489//489
f 993//993 987//987 990//990
f 993//993 991//991 987//987
f 994//994 995//995 989//989
f 994//994 985//985 991//991
f 994//994 989//989 988//988
f 994//994 988//988 985//985
f 996//996 990//990 986//986
f 996//996 986//986 992//992
f 997//997 991//991 993//993
f 997//997 994//994 991//991
f 998//998 490//490 491//491
f 998//998 491//491 492//492
f 998//998 992//992 490//490
f 998//998 996//996 992//992
f 999//999 990//990 996//996
f 999//999 993//993 990//990
f 1000//1000 1001//1001 995//995
f 1000//1000 995//995 994//994
f 1000//1000 994//994 997//997
f 1002//1002 996//996 998//998
f 1003//1003 997//997 993//993
f 1003//1003 993//993 999//999
f 1004//1004 1002//1002 998//998
f 1004//1004 998//998 492//492
f 1005//1005 999//999 996//996
f 1005//1005 996//996 1002//1002
f 1006//1006 1000//1000 997//997
f 1006//1006 1007//1007 1001//1001
f 1006//1006 1001//1001 1000//1000
f 1006//1006 997//997 1003//1003
f 1008//1008 1005//1005 1002//1002
f 1008//1008 1002//1002 1004//1004
f 1009//1009 999//999 1005//1005
f 1009//1009 1003//1003 999//999
f 1010//1010 492//492 493//493
f 1010//1010 1004//1004 492//492
f 1011//1011 1005//1005 1008//1008
f 1011//1011 1009//1009 1005//1005
f 1012//1012 1003//1003 1009//1009
f 1012//1012 1007//1007 1006//1006
f 1012//1012 1006//1006 1003//1003
f 1012//1012 1013//1013 1007//1007
f 1014//1014 1008//1008 1004//1004
f 1014//1014 1004//1004 1010//1010
f 1015//1015 1009//1009 1011//1011
f 1015//1015 1012//1012 1009//1009
f 1016//1016 1010//1010 493//493
f 1016//1016 493//493 494//494
f 1016//1016 494//494 495//495
f 1016//1016 1014//1014 1010//1010
f 1017//1017 1011//1011 1008//1008
f 1017//1017 1008//1008 1014//1014
f 1018//1018 1012//1012 1015//1015
f 1018//1018 1013//1013 1012//1012
f 1018//1018 1019//1019 1013//1013
f 1020//1020 1014//1014 1016//1016
f 1021//1021 1015//1015 1011//1011
f 1021//1021 1011//1011 1017//1017
f 1022//1022 1016//1016 495//495
f 1022//1022 1020//1020 1016//1016
f 1023//1023 1017//1017 1014//1014
f 1023//1023 1014//1014 1020//1020
f 1024//1024 1025//1025 1019//1019
f 1024//1024 1015//1015 1021//1021
f 1024//1024 1018//1018 1015//1015
f 1024//1024 1019//1019 1018//1018
f 1026//1026 1020//1020 1022//1022
f 1026//1026 1023//1023 1020//1020
f 1027//1027 1021//1021 1017//1017
f 1027//1027 1017//1017 1023//1023
f 1028//1028 495//495 496//496
f 1028//1028 1022//1022 495//495
f 1028//1028 1026//1026 1022//1022
f 886//886 1023//1023 1026//1026
f 886//886 1027//1027 1023//1023
f 1029//1029 1030//1030 1025//1025
f 1029//1029 1021//1021 1027//1027
f 1029//1029 1025//1025 1024//1024
f 1029//1029 1024//1024 1021//1021
f 882//882 1026//1026 1028//1028
f 885//885 1027//1027 886//886
f 885//885 1029//1029 1027//1027
f 883//883 496//496 497//497
f 883//883 1028//1028 496//496
f 883//883 882//882 1028//1028
f 887//887 886//886 1026//1026
f 887//887 1026//1026 882//882
f 893//893 1029//1029 885//885
f 893//893 892//892 1030//1030
f 893//893 1030//1030 1029//1029
f 1031//1031 1032//1032 1033//1033
f 1034//1034 1035//1035 1036//1036
f 1034//1034 1036//1036 1037//1037
f 1038//1038 522//522 499//499
f 1038//1038 1033//1033 522//522
f 1039//1039 1032//1032 1031//1031
f 1039//1039 1037//1037 1032//1032
f 1040//1040 1035//1035 1034//1034
f 1040//1040 1041//1041 1042//1042
f 1040//1040 1043//1043 1035//1035
f 1040//1040 1042//1042 1043//1043
f 1044//1044 1033//1033 1038//1038
f 1044//1044 1031//1031 1033//1033
f 1045//1045 1037//1037 1039//1039
f 1045//1045 1034//1034 1037//1037
f 1046//1046 499//499 498//498
f 1046//1046 498//498 500//500
f 1047//1047 1048//1048 1049//1049
f 1046//1046 1044//1044 1038//1038
f 1046//1046 1038//1038 499//499
f 1050//1050 1039//1039 1031//1031
f 1050//1050 1031//1031 1044//1044
f 1051//1051 1041//1041 1040//1040
f 1051//1051 1034//1034 1045//1045
f 1051//1051 1052//1052 1041//1041
f 1051//1051 1040//1040 1034//1034
f 1053//1053 1044//1044 1046//1046
f 1054//1054 1039//1039 1050//1050
f 1054//1054 1045//1045 1039//1039
f 1055//1055 1053//1053 1046//1046
f 1055//1055 1046//1046 500//500
f 1056//1056 1050//1050 1044//1044
f 1056//1056 1044//1044 1053//1053
f 1057//1057 1051//1051 1045//1045
f 1057//1057 1052//1052 1051//1051
f 1057//1057 1045//1045 1054//1054
f 1057//1057 1058//1058 1052//1052
f 1059//1059 1056//1056 1053//1053
f 1059//1059 1053//1053 1055//1055
f 1060//1060 1054//1054 1050//1050
f 1060//1060 1050//1050 1056//1056
f 1061//1061 500//500 503//503
f 1061//1061 1055//1055 500//500
f 1061//1061 1059//1059 1055//1055
f 1061//1061 503//503 1062//1062
f 1063//1063 1060//1060 1056//1056
f 1063//1063 1056//1056 1059//1059
f 1064//1064 1058//1058 1057//1057
f 1064//1064 1057//1057 1054//1054
f 1064//1064 1054//1054 1060//1060
f 1064//1064 1065//1065 1058//1058
f 1066//1066 1061//1061 1062//1062
f 1066//1066 1062//1062 1067//1067
f 1066//1066 1067//1067 1068//1068
f 1066//1066 1059//1059 1061//1061
f 1069//1069 1060//1060 1063//1063
f 1069//1069 1064//1064 1060//1060
f 1070//1070 1063//1063 1059//1059
f 1070//1070 1059//1059 1066//1066
f 1070//1070 1068//1068 1071//1071
f 1070//1070 1066//1066 1068//1068
f 1072//1072 1073//1073 1065//1065
f 1072//1072 1065//1065 1064//1064
f 1072//1072 1064//1064 1069//1069
f 1074//1074 1069//1069 1063//1063
f 1074//1074 1063//1063 1070//1070
f 1074//1074 1070//1070 1071//1071
f 1075//1075 1074//1074 1071//1071
f 1075//1075 1069//1069 1074//1074
f 1075//1075 1071//1071 1049//1049
f 1075//1075 1072//1072 1069//1069
f 1075//1075 1073//1073 1072//1072
f 1075//1075 1049//1049 1073//1073
f 1062//1062 503//503 502//502
f 1048//1048 1073//1073 1049//1049
f 1076//1076 1062//1062 502//502
f 1076//1076 502//502 501//501
f 1077//1077 1067//1067 1062//1062
f 1077//1077 1068//1068 1067//1067
f 1077//1077 1062//1062 1076//1076
f 1078//1078 501//501 504//504
f 1078//1078 504//504 505//505
f 1078//1078 1076//1076 501//501
f 1079//1079 1071//1071 1068//1068
f 1079//1079 1068//1068 1077//1077
f 1080//1080 1077//1077 1076//1076
f 1080//1080 1076//1076 1078//1078
f 1080//1080 1079//1079 1077//1077
f 1081//1081 1049//1049 1071//1071
f 1081//1081 1071//1071 1079//1079
f 1082//1082 1078//1078 505//505
f 1082//1082 1080//1080 1078//1078
f 1083//1083 1079//1079 1080//1080
f 1083//1083 1081//1081 1079//1079
f 1084//1084 1085//1085 1047//1047
f 1084//1084 1049//1049 1081//1081
f 1084//1084 1047//1047 1049//1049
f 1086//1086 1083//1083 1080//1080
f 1086//1086 1080//1080 1082//1082
f 1087//1087 1081//1081 1083//1083
f 1087//1087 1084//1084 1081//1081
f 1088//1088 505//505 506//506
f 1088//1088 1082//1082 505//505
f 1089//1089 1083//1083 1086//1086
f 1089//1089 1087//1087 1083//1083
f 1090//1090 1091//1091 1085//1085
f 1090//1090 1085//1085 1084//1084
f 1090//1090 1084//1084 1087//1087
f 1092//1092 1082//1082 1088//1088
f 1092//1092 1086//1086 1082//1082
f 1093//1093 1090//1090 1087//1087
f 1093//1093 1087//1087 1089//1089
f 1094//1094 506//506 507//507
f 1094//1094 507//507 508//508
f 1094//1094 1092//1092 1088//1088
f 1094//1094 1088//1088 506//506
f 1095//1095 1086//1086 1092//1092
f 1095//1095 1089//1089 1086//1086
f 1096//1096 1092//1092 1094//1094
f 1097//1097 1098//1098 1091//1091
f 1097//1097 1090//1090 1093//1093
f 1097//1097 1091//1091 1090//1090
f 1099//1099 1089//1089 1095//1095
f 1099//1099 1093//1093 1089//1089
f 1100//1100 1094//1094 508//508
f 1100//1100 1096//1096 1094//1094
f 1101//1101 1092//1092 1096//1096
f 1101//1101 1095//1095 1092//1092
f 1102//1102 1098//1098 1097//1097
f 1102//1102 1103//1103 1098//1098
f 1102//1102 1097//1097 1093//1093
f 1102//1102 1093//1093 1099//1099
f 1104//1104 1101//1101 1096//1096
f 1104//1104 1096//1096 1100//1100
f 1105//1105 1099//1099 1095//1095
f 1105//1105 1095//1095 1101//1101
f 1106//1106 508//508 509//509
f 1106//1106 1104//1104 1100//1100
f 1106//1106 1100//1100 508//508
f 1107//1107 1105//1105 1101//1101
f 1107//1107 1101//1101 1104//1104
f 1108//1108 1104//1104 1106//1106
f 1109//1109 1110//1110 1103//1103
f 1109//1109 1103//1103 1102//1102
f 1109//1109 1102//1102 1099//1099
f 1109//1109 1099//1099 1105//1105
f 1111//1111 509//509 510//510
f 1111//1111 510//510 511//511
f 1111//1111 1106//1106 509//509
f 1112//1112 1109//1109 1105//1105
f 1112//1112 1105//1105 1107//1107
f 1113//1113 1104//1104 1108//1108
f 1113//1113 1107//1107 1104//1104
f 1114//1114 1109//1109 1112//1112
f 1114//1114 1115//1115 1110//1110
f 1114//1114 1110//1110 1109//1109
f 1116//1116 1106//1106 1111//1111
f 1116//1116 1108//1108 1106//1106
f 1117//1117 1107//1107 1113//1113
f 1117//1117 1112//1112 1107//1107
f 1118//1118 1116//1116 1111//1111
f 1118//1118 1111//1111 511//511
f 1119//1119 1113//1113 1108//1108
f 1119//1119 1108//1108 1116//1116
f 1120//1120 1114//1114 1112//1112
f 1120//1120 1115//1115 1114//1114
f 1120//1120 1112//1112 1117//1117
f 1120//1120 1121//1121 1115//1115
f 1122//1122 1116//1116 1118//1118
f 1122//1122 1119//1119 1116//1116
f 1123//1123 1113//1113 1119//1119
f 1123//1123 1117//1117 1113//1113
f 1124//1124 1118//1118 511//511
f 1124//1124 511//511 512//512
f 1124//1124 1122//1122 1118//1118
f 1125//1125 1123//1123 1119//1119
f 1125//1125 1119//1119 1122//1122
f 1126//1126 1117//1117 1123//1123
f 1126//1126 1120//1120 1117//1117
f 1126//1126 1121//1121 1120//1120
f 1126//1126 1127//1127 1121//1121
f 1128//1128 1122//1122 1124//1124
f 1129//1129 1126//1126 1123//1123
f 1129//1129 1123//1123 1125//1125
f 1130//1130 512//512 513//513
f 1130//1130 513//513 514//514
f 1130//1130 1124//1124 512//512
f 1131//1131 1125//1125 1122//1122
f 1131//1131 1122//1122 1128//1128
f 1132//1132 1133//1133 1127//1127
f 1132//1132 1126//1126 1129//1129
f 1132//1132 1127//1127 1126//1126
f 1134//1134 1124//1124 1130//1130
f 1134//1134 1128//1128 1124//1124
f 1135//1135 1129//1129 1125//1125
f 1135//1135 1125//1125 1131//1131
f 1136//1136 1130//1130 514//514
f 1136//1136 1134//1134 1130//1130
f 1137//1137 1131//1131 1128//1128
f 1137//1137 1128//1128 1134//1134
f 1138//1138 1139//1139 1133//1133
f 1138//1138 1133//1133 1132//1132
f 1138//1138 1129//1129 1135//1135
f 1138//1138 1132//1132 1129//1129
f 1140//1140 1137//1137 1134//1134
f 1140//1140 1134//1134 1136//1136
f 1141//1141 1135//1135 1131//1131
f 1141//1141 1131//1131 1137//1137
f 1142//1142 514//514 515//515
f 1142//1142 1136//1136 514//514
f 1143//1143 1137//1137 1140//1140
f 1143//1143 1141//1141 1137//1137
f 1144//1144 1145//1145 1139//1139
f 1144//1144 1135//1135 1141//1141
f 1144//1144 1139//1139 1138//1138
f 1144//1144 1138//1138 1135//1135
f 1146//1146 1140//1140 1136//1136
f 1146//1146 1136//1136 1142//1142
f 1147//1147 1141//1141 1143//1143
f 1147//1147 1144//1144 1141//1141
f 1148//1148 515//515 516//516
f 1148//1148 516//516 517//517
f 1148//1148 1142//1142 515//515
f 1148//1148 1146//1146 1142//1142
f 1149//1149 1140//1140 1146//1146
f 1149//1149 1143//1143 1140//1140
f 1150//1150 1151//1151 1145//1145
f 1150//1150 1145//1145 1144//1144
f 1150//1150 1144//1144 1147//1147
f 1152//1152 1146//1146 1148//1148
f 1153//1153 1147//1147 1143//1143
f 1153//1153 1143//1143 1149//1149
f 1154//1154 1152//1152 1148//1148
f 1154//1154 1148//1148 517//517
f 1155//1155 1149//1149 1146//1146
f 1155//1155 1146//1146 1152//1152
f 1156//1156 1150//1150 1147//1147
f 1156//1156 1157//1157 1151//1151
f 1156//1156 1151//1151 1150//1150
f 1156//1156 1147//1147 1153//1153
f 1158//1158 1155//1155 1152//1152
f 1158//1158 1152//1152 1154//1154
f 1159//1159 1149//1149 1155//1155
f 1159//1159 1153//1153 1149//1149
f 1160//1160 517//517 518//518
f 1160//1160 1154//1154 517//517
f 1161//1161 1155//1155 1158//1158
f 1161//1161 1159//1159 1155//1155
f 1162//1162 1153//1153 1159//1159
f 1162//1162 1157//1157 1156//1156
f 1162//1162 1156//1156 1153//1153
f 1162//1162 1163//1163 1157//1157
f 1164//1164 1158//1158 1154//1154
f 1164//1164 1154//1154 1160//1160
f 1165//1165 1159//1159 1161//1161
f 1165//1165 1162//1162 1159//1159
f 1166//1166 1160//1160 518//518
f 1166//1166 518//518 519//519
f 1166//1166 519//519 520//520
f 1166//1166 1164//1164 1160//1160
f 1167//1167 1161//1161 1158//1158
f 1167//1167 1158//1158 1164//1164
f 1168//1168 1162//1162 1165//1165
f 1168//1168 1163//1163 1162//1162
f 1168//1168 1169//1169 1163//1163
f 1170//1170 1164//1164 1166//1166
f 1171//1171 1165//1165 1161//1161
f 1171//1171 1161//1161 1167//1167
f 1172//1172 1166//1166 520//520
f 1172//1172 1170//1170 1166//1166
f 1173//1173 1167//1167 1164//1164
f 1173//1173 1164//1164 1170//1170
f 1174//1174 1175//1175 1169//1169
f 1174//1174 1165//1165 1171//1171
f 1174//1174 1168//1168 1165//1165
f 1174//1174 1169//1169 1168//1168
f 1176//1176 1170//1170 1172//1172
f 1176//1176 1173//1173 1170//1170
f 1177//1177 1171//1171 1167//1167
f 1177//1177 1167//1167 1173//1173
f 1178//1178 520//520 521//521
f 1178//1178 1172//1172 520//520
f 1178//1178 1176//1176 1172//1172
f 1036//1036 1173//1173 1176//1176
f 1036//1036 1177//1177 1173//1173
f 1179//1179 1180//1180 1175//1175
f 1179//1179 1171//1171 1177//1177
f 1179//1179 1175//1175 1174//1174
f 1179//1179 1174//1174 1171//1171
f 1032//1032 1176//1176 1178//1178
f 1035//1035 1177//1177 1036//1036
f 1035//1035 1179//1179 1177//1177
f 1033//1033 521//521 522//522
f 1033//1033 1178//1178 521//521
f 1033//1033 1032//1032 1178//1178
f 1037//1037 1036//1036 1176//1176
f 1037//1037 1176//1176 1032//1032
f 1043//1043 1179//1179 1035//1035
f 1043//1043 1042//1042 1180//1180
f 1043//1043 1180//1180 1179//1179
f 527//527 1181//1181 528//528
f 1182//1182 533//533 532//532
f 528//528 1181//1181 529//529
f 1182//1182 532//532 531//531
f 1183//1183 1184//1184 531//531
f 1184//1184 1182//1182 531//531
f 1185//1185 1183//1183 531//531
f 529//529 1185//1185 530//530
f 560//560 559//559 1186//1186
f 1185//1185 531//531 530//530
f 561//561 560//560 1186//1186
f 553//553 1187//1187 1188//1188
f 554//554 553//553 1188//1188
f 555//555 1188//1188 1189//1189
f 557//557 1189//1189 1190//1190
f 539//539 1191//1191 1192//1192
f 541//541 1192//1192 1193//1193
f 542//542 1193//1193 1194//1194
f 1195//1195 1196//1196 1197//1197
f 558//558 557//557 1190//1190
f 546//546 1198//1198 1199//1199
f 548//548 1199//1199 1200//1200
f 550//550 1200//1200 1201//1201
f 1202//1202 1203//1203 1204//1204
f 1205//1205 1206//1206 1203//1203
f 561//561 1186//1186 1207//1207
f 563//563 1207//1207 1208//1208
f 565//565 1208//1208 1209//1209
f 1210//1210 1211//1211 1212//1212
f 1213//1213 1214//1214 1211//1211
f 562//562 561//561 1207//1207
f 1215//1215 1216//1216 1214//1214
f 576//576 1217//1217 1218//1218
f 578//578 1218//1218 1219//1219
f 580//580 1219//1219 1220//1220
f 579//579 1219//1219 580//580
f 525//525 1221//1221 1222//1222
f 527//527 1222//1222 1181//1181
f 529//529 1181//1181 1185//1185
f 1223//1223 1224//1224 1225//1225
f 562//562 1207//1207 563//563
f 1226//1226 1227//1227 1224//1224
f 533//533 1182//1182 1228//1228
f 557//557 556//556 1189//1189
f 534//534 1228//1228 1229//1229
f 535//535 1229//1229 1230//1230
f 569//569 1231//1231 1232//1232
f 570//570 1232//1232 1233//1233
f 571//571 570//570 1233//1233
f 572//572 1233//1233 1234//1234
f 1235//1235 1236//1236 1237//1237
f 1238//1238 1239//1239 1240//1240
f 1189//1189 556//556 555//555
f 1186//1186 559//559 1212//1212
f 564//564 563//563 1208//1208
f 555//555 554//554 1188//1188
f 1212//1212 559//559 1241//1241
f 1242//1242 1212//1212 1241//1241
f 559//559 558//558 1241//1241
f 1190//1190 1243//1243 1241//1241
f 558//558 1190//1190 1241//1241
f 1212//1212 1242//1242 1210//1210
f 1241//1241 1243//1243 1244//1244
f 564//564 1208//1208 565//565
f 1211//1211 1210//1210 1245//1245
f 1244//1244 1243//1243 1246//1246
f 1243//1243 1247//1247 1246//1246
f 1211//1211 1245//1245 1213//1213
f 1246//1246 1247//1247 1248//1248
f 1247//1247 1249//1249 1248//1248
f 566//566 565//565 1209//1209
f 1214//1214 1213//1213 1250//1250
f 1248//1248 1249//1249 1251//1251
f 1187//1187 553//553 552//552
f 1214//1214 1250//1250 1215//1215
f 1187//1187 552//552 1252//1252
f 566//566 1209//1209 567//567
f 1209//1209 1216//1216 567//567
f 1251//1251 1249//1249 1253//1253
f 1249//1249 1252//1252 1253//1253
f 1216//1216 1215//1215 1254//1254
f 552//552 551//551 1255//1255
f 1252//1252 552//552 1255//1255
f 1253//1253 1252//1252 1255//1255
f 568//568 567//567 1231//1231
f 567//567 1216//1216 1256//1256
f 1216//1216 1254//1254 1256//1256
f 1231//1231 567//567 1256//1256
f 1201//1201 551//551 550//550
f 1255//1255 551//551 1257//1257
f 551//551 1201//1201 1257//1257
f 1231//1231 1256//1256 1237//1237
f 1257//1257 1201//1201 1206//1206
f 568//568 1231//1231 569//569
f 1237//1237 1256//1256 1258//1258
f 1257//1257 1206//1206 1205//1205
f 550//550 549//549 1200//1200
f 1237//1237 1258//1258 1235//1235
f 569//569 1232//1232 570//570
f 1205//1205 1203//1203 1259//1259
f 1200//1200 549//549 548//548
f 1236//1236 1235//1235 1260//1260
f 1259//1259 1203//1203 1202//1202
f 548//548 547//547 1199//1199
f 1236//1236 1260//1260 1240//1240
f 1260//1260 1261//1261 1240//1240
f 571//571 1233//1233 572//572
f 1202//1202 1204//1204 1262//1262
f 1199//1199 547//547 546//546
f 1240//1240 1261//1261 1238//1238
f 573//573 572//572 1234//1234
f 1263//1263 1262//1262 1264//1264
f 1262//1262 1204//1204 1264//1264
f 1198//1198 546//546 545//545
f 1239//1239 1238//1238 1265//1265
f 1263//1263 1264//1264 1266//1266
f 1264//1264 1198//1198 1266//1266
f 573//573 1234//1234 574//574
f 1234//1234 1239//1239 574//574
f 1239//1239 1265//1265 1267//1267
f 574//574 1239//1239 1267//1267
f 1198//1198 545//545 544//544
f 1266//1266 1198//1198 544//544
f 1266//1266 544//544 1268//1268
f 574//574 1267//1267 575//575
f 575//575 1267//1267 1217//1217
f 1267//1267 1269//1269 1270//1270
f 1217//1217 1267//1267 1270//1270
f 1271//1271 1268//1268 1194//1194
f 1268//1268 544//544 1194//1194
f 1194//1194 544//544 543//543
f 1268//1268 1271//1271 1272//1272
f 575//575 1217//1217 576//576
f 1270//1270 1269//1269 1273//1273
f 1194//1194 543//543 542//542
f 1270//1270 1273//1273 1274//1274
f 1275//1275 1272//1272 1276//1276
f 1272//1272 1271//1271 1276//1276
f 576//576 1218//1218 577//577
f 1274//1274 1273//1273 1277//1277
f 1193//1193 542//542 541//541
f 1275//1275 1276//1276 1278//1278
f 577//577 1218//1218 578//578
f 1274//1274 1277//1277 1279//1279
f 1277//1277 1280//1280 1279//1279
f 1278//1278 1276//1276 1196//1196
f 1278//1278 1196//1196 1195//1195
f 1192//1192 541//541 540//540
f 1279//1279 1280//1280 1281//1281
f 578//578 1219//1219 579//579
f 1279//1279 1281//1281 1282//1282
f 1283//1283 1195//1195 1197//1197
f 1192//1192 540//540 539//539
f 1282//1282 1281//1281 1284//1284
f 1283//1283 1197//1197 1285//1285
f 1191//1191 539//539 538//538
f 1282//1282 1284//1284 523//523
f 580//580 1220//1220 523//523
f 1220//1220 1282//1282 523//523
f 1286//1286 1223//1223 1225//1225
f 1287//1287 1285//1285 1288//1288
f 1287//1287 1288//1288 1289//1289
f 1285//1285 1197//1197 537//537
f 1191//1191 538//538 537//537
f 1197//1197 1191//1191 537//537
f 523//523 1284//1284 524//524
f 1284//1284 1286//1286 524//524
f 1290//1290 1289//1289 1291//1291
f 1289//1289 1288//1288 1291//1291
f 1288//1288 1285//1285 1230//1230
f 1285//1285 537//537 1230//1230
f 1286//1286 1225//1225 1221//1221
f 524//524 1286//1286 1221//1221
f 1223//1223 1292//1292 1224//1224
f 1292//1292 1226//1226 1224//1224
f 1230//1230 537//537 536//536
f 1293//1293 1290//1290 1294//1294
f 1290//1290 1291//1291 1294//1294
f 524//524 1221//1221 525//525
f 1226//1226 1295//1295 1227//1227
f 1184//1184 1293//1293 1296//1296
f 1293//1293 1294//1294 1296//1296
f 1230//1230 536//536 535//535
f 1295//1295 1297//1297 1298//1298
f 1297//1297 1183//1183 1298//1298
f 1227//1227 1295//1295 1298//1298
f 525//525 1222//1222 526//526
f 1229//1229 535//535 534//534
f 526//526 1222//1222 527//527
f 1184//1184 1296//1296 1182//1182
f 1228//1228 534//534 533//533
f 1298//1298 1183//1183 1185//1185
f 701//701 1299//1299 695//695
f 1299//1299 1300//1300 695//695
f 608//608 615//615 1301//1301
f 602//602 608//608 1302//1302
f 1303//1303 660//660 665//665
f 1304//1304 1303//1303 665//665
f 608//608 1301//1301 1302//1302
f 1301//1301 615//615 1305//1305
f 591//591 602//602 1306//1306
f 602//602 1302//1302 1306//1306
f 615//615 623//623 1307//1307
f 1305//1305 615//615 1307//1307
f 695//695 1300//1300 689//689
f 1300//1300 1308//1308 689//689
f 1309//1309 1304//1304 671//671
f 591//591 1306//1306 592//592
f 1310//1310 1309//1309 671//671
f 1304//1304 665//665 671//671
f 1307//1307 623//623 598//598
f 1308//1308 1311//1311 683//683
f 689//689 1308//1308 683//683
f 683//683 1311//1311 677//677
f 1311//1311 1310//1310 677//677
f 592//592 1306//1306 1312//1312
f 1310//1310 671//671 677//677
f 1307//1307 598//598 1313//1313
f 592//592 1312//1312 730//730
f 730//730 1312//1312 1314//1314
f 1313//1313 598//598 597//597
f 1313//1313 597//597 1315//1315
f 725//725 730//730 1316//1316
f 730//730 1314//1314 1316//1316
f 597//597 635//635 1317//1317
f 1315//1315 597//597 1317//1317
f 725//725 1316//1316 719//719
f 719//719 1316//1316 1318//1318
f 1317//1317 635//635 641//641
f 1317//1317 641//641 1319//1319
f 719//719 1318//1318 1320//1320
f 719//719 1320//1320 713//713
f 1319//1319 641//641 648//648
f 1321//1321 1319//1319 648//648
f 713//713 1320//1320 707//707
f 1320//1320 1322//1322 707//707
f 1321//1321 648//648 1323//1323
f 1323//1323 648//648 653//653
f 707//707 1322//1322 1299//1299
f 707//707 1299//1299 701//701
f 1323//1323 653//653 660//660
f 1303//1303 1323//1323 660//660
f 851//851 1324//1324 845//845
f 1324//1324 1325//1325 845//845
f 1326//1326 810//810 815//815
f 1327//1327 1326//1326 815//815
f 752//752 758//758 1328//1328
f 758//758 765//765 1328//1328
f 752//752 1328//1328 1329//1329
f 752//752 1329//1329 741//741
f 1328//1328 765//765 1330//1330
f 1330//1330 765//765 773//773
f 845//845 1325//1325 839//839
f 1325//1325 1331//1331 839//839
f 741//741 1329//1329 1332//1332
f 1333//1333 1327//1327 821//821
f 1334//1334 1333//1333 821//821
f 1330//1330 773//773 1335//1335
f 1327//1327 815//815 821//821
f 1331//1331 1336//1336 833//833
f 741//741 1332//1332 742//742
f 839//839 1331//1331 833//833
f 1336//1336 1334//1334 827//827
f 833//833 1336//1336 827//827
f 1335//1335 773//773 748//748
f 1334//1334 821//821 827//827
f 742//742 1332//1332 1337//1337
f 1335//1335 748//748 1338//1338
f 742//742 1337//1337 880//880
f 880//880 1337//1337 1339//1339
f 1338//1338 748//748 747//747
f 1338//1338 747//747 1340//1340
f 875//875 880//880 1341//1341
f 880//880 1339//1339 1341//1341
f 747//747 785//785 1342//1342
f 1340//1340 747//747 1342//1342
f 875//875 1341//1341 869//869
f 869//869 1341//1341 1343//1343
f 1342//1342 785//785 791//791
f 1342//1342 791//791 1344//1344
f 869//869 1343//1343 1345//1345
f 869//869 1345//1345 863//863
f 1344//1344 791//791 798//798
f 1346//1346 1344//1344 798//798
f 863//863 1345//1345 1347//1347
f 863//863 1347//1347 857//857
f 1346//1346 798//798 1348//1348
f 1348//1348 798//798 803//803
f 857//857 1347//1347 1324//1324
f 857//857 1324//1324 851//851
f 1348//1348 803//803 810//810
f 1326//1326 1348//1348 810//810
f 1001//1001 1349//1349 995//995
f 1350//1350 960//960 965//965
f 1351//1351 1350//1350 965//965
f 902//902 908//908 1352//1352
f 908//908 915//915 1352//1352
f 902//902 1352//1352 1353//1353
f 1352//1352 915//915 1354//1354
f 1354//1354 915//915 923//923
f 891//891 902//902 1355//1355
f 995//995 1349//1349 989//989
f 1349//1349 1356//1356 989//989
f 902//902 1353//1353 1355//1355
f 1357//1357 1351//1351 971//971
f 1354//1354 923//923 1358//1358
f 1351//1351 965//965 971//971
f 891//891 1355//1355 892//892
f 1356//1356 1359//1359 983//983
f 989//989 1356//1356 983//983
f 1360//1360 1357//1357 977//977
f 1358//1358 923//923 898//898
f 1359//1359 1360//1360 977//977
f 1357//1357 971//971 977//977
f 983//983 1359//1359 977//977
f 892//892 1355//1355 1361//1361
f 1358//1358 898//898 1362//1362
f 1030//1030 892//892 1363//1363
f 892//892 1361//1361 1363//1363
f 1362//1362 898//898 897//897
f 1362//1362 897//897 1364//1364
f 1025//1025 1030//1030 1365//1365
f 1030//1030 1363//1363 1365//1365
f 897//897 935//935 1366//1366
f 1364//1364 897//897 1366//1366
f 1025//1025 1365//1365 1019//1019
f 1019//1019 1365//1365 1367//1367
f 1366//1366 935//935 941//941
f 1366//1366 941//941 1368//1368
f 1019//1019 1367//1367 1369//1369
f 1019//1019 1369//1369 1013//1013
f 1368//1368 941//941 1370//1370
f 1370//1370 941//941 948//948
f 1013//1013 1369//1369 1371//1371
f 1013//1013 1371//1371 1007//1007
f 1370//1370 948//948 1372//1372
f 1372//1372 948//948 953//953
f 1007//1007 1371//1371 1373//1373
f 1007//1007 1373//1373 1001//1001
f 1372//1372 953//953 960//960
f 1350//1350 1372//1372 960//960
f 1001//1001 1373//1373 1349//1349
f 1151//1151 1374//1374 1375//1375
f 1376//1376 1110//1110 1377//1377
f 1151//1151 1375//1375 1145//1145
f 1052//1052 1058//1058 1378//1378
f 1377//1377 1110//1110 1115//1115
f 1058//1058 1065//1065 1378//1378
f 1052//1052 1378//1378 1379//1379
f 1145//1145 1375//1375 1380//1380
f 1378//1378 1065//1065 1381//1381
f 1041//1041 1052//1052 1382//1382
f 1052//1052 1379//1379 1382//1382
f 1145//1145 1380//1380 1139//1139
f 1065//1065 1073//1073 1383//1383
f 1384//1384 1377//1377 1121//1121
f 1381//1381 1065//1065 1383//1383
f 1377//1377 1115//1115 1121//1121
f 1041//1041 1382//1382 1042//1042
f 1380//1380 1385//1385 1133//1133
f 1139//1139 1380//1380 1133//1133
f 1383//1383 1073//1073 1048//1048
f 1386//1386 1384//1384 1127//1127
f 1385//1385 1386//1386 1127//1127
f 1133//1133 1385//1385 1127//1127
f 1384//1384 1121//1121 1127//1127
f 1042//1042 1382//1382 1387//1387
f 1383//1383 1048//1048 1388//1388
f 1180//1180 1042//1042 1389//1389
f 1042//1042 1387//1387 1389//1389
f 1388//1388 1048//1048 1047//1047
f 1388//1388 1047//1047 1390//1390
f 1175//1175 1180//1180 1391//1391
f 1180//1180 1389//1389 1391//1391
f 1047//1047 1085//1085 1392//1392
f 1390//1390 1047//1047 1392//1392
f 1175//1175 1391//1391 1169//1169
f 1169//1169 1391//1391 1393//1393
f 1392//1392 1085//1085 1091//1091
f 1392//1392 1091//1091 1394//1394
f 1169//1169 1393//1393 1395//1395
f 1169//1169 1395//1395 1163//1163
f 1394//1394 1091//1091 1396//1396
f 1396//1396 1091//1091 1098//1098
f 1163//1163 1395//1395 1157//1157
f 1395//1395 1397//1397 1157//1157
f 1396//1396 1098//1098 1398//1398
f 1398//1398 1098//1098 1103//1103
f 1157//1157 1397//1397 1374//1374
f 1157//1157 1374//1374 1151//1151
f 1376//1376 1398//1398 1110//1110
f 1398//1398 1103//1103 1110//1110
f 1399//1399 1400//1400 1401//1401
f 1399//1399 1401//1401 1402//1402
f 1403//1403 1399//1399 1402//1402
f 1404//1404 1403//1403 1402//1402
f 1404//1404 1402//1402 1405//1405
f 1222//1222 1221//1221 1404//1404
f 1222//1222 1404//1404 1405//1405
f 1222//1222 1405//1405 1406//1406
f 1222//1222 1406//1406 1407//1407
f 1181//1181 1222//1222 1407//1407
f 1181//1181 1407//1407 1408//1408
f 1409//1409 1181//1181 1408//1408
f 1409//1409 1408//1408 1410//1410
f 1185//1185 1181//1181 1409//1409
f 1411//1411 1409//1409 1410//1410
f 1411//1411 1410//1410 1412//1412
f 1413//1413 1411//1411 1412//1412
f 1414//1414 1413//1413 1412//1412
f 1414//1414 1412//1412 1415//1415
f 1414//1414 1415//1415 1416//1416
f 1228//1228 1182//1182 1414//1414
f 1228//1228 1414//1414 1416//1416
f 1229//1229 1228//1228 1416//1416
f 1229//1229 1416//1416 1417//1417
f 1418//1418 1229//1229 1417//1417
f 1418//1418 1417//1417 1419//1419
f 1418//1418 1419//1419 1420//1420
f 1230//1230 1229//1229 1418//1418
f 1421//1421 1418//1418 1420//1420
f 1422//1422 1420//1420 1423//1423
f 1422//1422 1421//1421 1420//1420
f 1424//1424 1423//1423 1425//1425
f 1424//1424 1422//1422 1423//1423
f 1192//1192 1191//1191 1424//1424
f 1192//1192 1425//1425 1426//1426
f 1192//1192 1424//1424 1425//1425
f 1193//1193 1426//1426 1427//1427
f 1193//1193 1192//1192 1426//1426
f 1428//1428 1193//1193 1427//1427
f 1428//1428 1427//1427 1429//1429
f 1428//1428 1429//1429 1430//1430
f 1194//1194 1193//1193 1428//1428
f 1431//1431 1428//1428 1430//1430
f 1432//1432 1431//1431 1430//1430
f 1432//1432 1430//1430 1433//1433
f 1434//1434 1432//1432 1433//1433
f 1434//1434 1433//1433 1435//1435
f 1199//1199 1434//1434 1435//1435
f 1199//1199 1198//1198 1434//1434
f 1199//1199 1435//1435 1436//1436
f 1200//1200 1199//1199 1436//1436
f 1200//1200 1436//1436 1437//1437
f 1200//1200 1437//1437 1438//1438
f 1439//1439 1200//1200 1438//1438
f 1439//1439 1438//1438 1440//1440
f 1201//1201 1200//1200 1439//1439
f 1441//1441 1439//1439 1440//1440
f 1441//1441 1440//1440 1442//1442
f 1443//1443 1441//1441 1442//1442
f 1444//1444 1443//1443 1442//1442
f 1444//1444 1442//1442 1445//1445
f 1444//1444 1445//1445 1446//1446
f 1188//1188 1187//1187 1444//1444
f 1188//1188 1444//1444 1446//1446
f 1188//1188 1446//1446 1447//1447
f 1189//1189 1188//1188 1447//1447
f 1189//1189 1447//1447 1448//1448
f 1449//1449 1189//1189 1448//1448
f 1449//1449 1448//1448 1450//1450
f 1190//1190 1189//1189 1449//1449
f 1451//1451 1449//1449 1450//1450
f 1451//1451 1450//1450 1452//1452
f 1453//1453 1451//1451 1452//1452
f 1454//1454 1453//1453 1452//1452
f 1454//1454 1452//1452 1455//1455
f 1454//1454 1455//1455 1456//1456
f 1207//1207 1186//1186 1454//1454
f 1207//1207 1454//1454 1456//1456
f 1207//1207 1456//1456 1457//1457
f 1208//1208 1207//1207 1457//1457
f 1208//1208 1457//1457 1458//1458
f 1208//1208 1458//1458 1459//1459
f 1460//1460 1459//1459 1461//1461
f 1460//1460 1208//1208 1459//1459
f 1209//1209 1208//1208 1460//1460
f 1462//1462 1461//1461 1463//1463
f 1462//1462 1460//1460 1461//1461
f 1464//1464 1462//1462 1463//1463
f 1465//1465 1463//1463 1466//1466
f 1465//1465 1466//1466 1467//1467
f 1465//1465 1464//1464 1463//1463
f 1232//1232 1467//1467 1468//1468
f 1232//1232 1465//1465 1467//1467
f 1232//1232 1231//1231 1465//1465
f 1233//1233 1468//1468 1469//1469
f 1233//1233 1232//1232 1468//1468
f 1470//1470 1469//1469 1471//1471
f 1470//1470 1471//1471 1472//1472
f 1470//1470 1233//1233 1469//1469
f 1234//1234 1233//1233 1470//1470
f 1473//1473 1470//1470 1472//1472
f 1474//1474 1472//1472 1475//1475
f 1474//1474 1473//1473 1472//1472
f 1476//1476 1475//1475 1477//1477
f 1476//1476 1474//1474 1475//1475
f 1218//1218 1477//1477 1478//1478
f 1218//1218 1476//1476 1477//1477
f 1218//1218 1217//1217 1476//1476
f 1219//1219 1478//1478 1479//1479
f 1219//1219 1218//1218 1478//1478
f 1480//1480 1479//1479 1481//1481
f 1480//1480 1219//1219 1479//1479
f 1482//1482 1481//1481 1401//1401
f 1482//1482 1480//1480 1481//1481
f 1220//1220 1219//1219 1480//1480
f 1483//1483 1482//1482 1401//1401
f 1400//1400 1483//1483 1401//1401
f 1449//1449 1484//1484 1243//1243
f 1190//1190 1449//1449 1243//1243
f 1485//1485 1486//1486 1487//1487
f 1488//1488 1485//1485 1487//1487
f 1488//1488 1487//1487 1489//1489
f 1488//1488 1489//1489 1490//1490
f 1491//1491 1488//1488 1490//1490
f 1492//1492 1491//1491 1490//1490
f 1490//1490 1225//1225 1224//1224
f 1492//1492 1490//1490 1224//1224
f 1493//1493 1492//1492 1224//1224
f 1493//1493 1224//1224 1227//1227
f 1494//1494 1493//1493 1227//1227
f 1495//1495 1494//1494 1227//1227
f 1495//1495 1227//1227 1496//1496
f 1497//1497 1495//1495 1496//1496
f 1498//1498 1497//1497 1496//1496
f 1496//1496 1227//1227 1298//1298
f 1498//1498 1496//1496 1499//1499
f 1498//1498 1499//1499 1500//1500
f 1501//1501 1498//1498 1500//1500
f 1502//1502 1501//1501 1503//1503
f 1501//1501 1500//1500 1503//1503
f 1504//1504 1502//1502 1503//1503
f 1503//1503 1296//1296 1294//1294
f 1505//1505 1504//1504 1294//1294
f 1504//1504 1503//1503 1294//1294
f 1505//1505 1294//1294 1291//1291
f 1506//1506 1505//1505 1507//1507
f 1508//1508 1506//1506 1507//1507
f 1505//1505 1291//1291 1507//1507
f 1507//1507 1291//1291 1288//1288
f 1509//1509 1508//1508 1510//1510
f 1508//1508 1507//1507 1510//1510
f 1511//1511 1509//1509 1512//1512
f 1509//1509 1510//1510 1512//1512
f 1511//1511 1512//1512 1513//1513
f 1514//1514 1511//1511 1513//1513
f 1515//1515 1514//1514 1513//1513
f 1515//1515 1513//1513 1196//1196
f 1513//1513 1197//1197 1196//1196
f 1516//1516 1515//1515 1196//1196
f 1516//1516 1196//1196 1276//1276
f 1517//1517 1516//1516 1276//1276
f 1517//1517 1276//1276 1518//1518
f 1519//1519 1517//1517 1518//1518
f 1520//1520 1519//1519 1518//1518
f 1518//1518 1276//1276 1271//1271
f 1520//1520 1518//1518 1521//1521
f 1522//1522 1520//1520 1521//1521
f 1522//1522 1521//1521 1523//1523
f 1522//1522 1523//1523 1524//1524
f 1525//1525 1522//1522 1524//1524
f 1526//1526 1525//1525 1524//1524
f 1526//1526 1524//1524 1204//1204
f 1524//1524 1264//1264 1204//1204
f 1527//1527 1526//1526 1204//1204
f 1528//1528 1527//1527 1204//1204
f 1528//1528 1204//1204 1203//1203
f 1529//1529 1528//1528 1203//1203
f 1529//1529 1203//1203 1530//1530
f 1531//1531 1529//1529 1530//1530
f 1532//1532 1531//1531 1530//1530
f 1530//1530 1203//1203 1206//1206
f 1532//1532 1530//1530 1533//1533
f 1534//1534 1532//1532 1533//1533
f 1534//1534 1533//1533 1535//1535
f 1536//1536 1534//1534 1537//1537
f 1538//1538 1536//1536 1537//1537
f 1534//1534 1535//1535 1537//1537
f 1539//1539 1538//1538 1249//1249
f 1537//1537 1252//1252 1249//1249
f 1538//1538 1537//1537 1249//1249
f 1540//1540 1539//1539 1247//1247
f 1539//1539 1249//1249 1247//1247
f 1541//1541 1540//1540 1484//1484
f 1542//1542 1541//1541 1484//1484
f 1540//1540 1247//1247 1484//1484
f 1484//1484 1247//1247 1243//1243
f 1543//1543 1542//1542 1544//1544
f 1542//1542 1484//1484 1544//1544
f 1545//1545 1543//1543 1546//1546
f 1543//1543 1544//1544 1546//1546
f 1547//1547 1545//1545 1548//1548
f 1549//1549 1547//1547 1548//1548
f 1545//1545 1546//1546 1548//1548
f 1549//1549 1548//1548 1211//1211
f 1550//1550 1549//1549 1211//1211
f 1551//1551 1550//1550 1211//1211
f 1548//1548 1212//1212 1211//1211
f 1551//1551 1211//1211 1214//1214
f 1552//1552 1551//1551 1214//1214
f 1553//1553 1552//1552 1554//1554
f 1555//1555 1553//1553 1554//1554
f 1552//1552 1214//1214 1554//1554
f 1554//1554 1214//1214 1216//1216
f 1556//1556 1555//1555 1557//1557
f 1555//1555 1554//1554 1557//1557
f 1558//1558 1556//1556 1559//1559
f 1556//1556 1557//1557 1559//1559
f 1560//1560 1558//1558 1561//1561
f 1562//1562 1560//1560 1561//1561
f 1558//1558 1559//1559 1561//1561
f 1563//1563 1562//1562 1236//1236
f 1562//1562 1561//1561 1236//1236
f 1561//1561 1237//1237 1236//1236
f 1564//1564 1563//1563 1240//1240
f 1563//1563 1236//1236 1240//1240
f 1565//1565 1564//1564 1566//1566
f 1567//1567 1565//1565 1566//1566
f 1564//1564 1240//1240 1566//1566
f 1566//1566 1240//1240 1239//1239
f 1568//1568 1567//1567 1569//1569
f 1567//1567 1566//1566 1569//1569
f 1570//1570 1568//1568 1571//1571
f 1568//1568 1569//1569 1571//1571
f 1572//1572 1570//1570 1573//1573
f 1574//1574 1572//1572 1573//1573
f 1570//1570 1571//1571 1573//1573
f 1575//1575 1574//1574 1274//1274
f 1573//1573 1270//1270 1274//1274
f 1574//1574 1573//1573 1274//1274
f 1576//1576 1575//1575 1279//1279
f 1575//1575 1274//1274 1279//1279
f 1576//1576 1279//1279 1577//1577
f 1578//1578 1576//1576 1577//1577
f 1485//1485 1578//1578 1579//1579
f 1578//1578 1577//1577 1579//1579
f 1577//1577 1279//1279 1282//1282
f 1485//1485 1579//1579 1580//1580
f 1485//1485 1580//1580 1486//1486
f 1252//1252 1537//1537 1444//1444
f 1252//1252 1444//1444 1187//1187
f 1428//1428 1518//1518 1271//1271
f 1194//1194 1428//1428 1271//1271
f 1197//1197 1424//1424 1191//1191
f 1197//1197 1513//1513 1424//1424
f 1439//1439 1530//1530 1206//1206
f 1201//1201 1439//1439 1206//1206
f 1264//1264 1524//1524 1434//1434
f 1264//1264 1434//1434 1198//1198
f 1460//1460 1554//1554 1216//1216
f 1209//1209 1460//1460 1216//1216
f 1212//1212 1548//1548 1454//1454
f 1212//1212 1454//1454 1186//1186
f 1480//1480 1577//1577 1282//1282
f 1220//1220 1480//1480 1282//1282
f 1270//1270 1573//1573 1476//1476
f 1270//1270 1476//1476 1217//1217
f 1273//1273 1269//1269 1581//1581
f 1277//1277 1273//1273 1581//1581
f 1259//1259 1202//1202 1582//1582
f 1205//1205 1259//1259 1582//1582
f 1277//1277 1581//1581 1583//1583
f 1280//1280 1277//1277 1583//1583
f 1202//1202 1584//1584 1582//1582
f 1281//1281 1280//1280 1583//1583
f 1286//1286 1284//1284 1585//1585
f 1281//1281 1583//1583 1585//1585
f 1284//1284 1281//1281 1585//1585
f 1257//1257 1205//1205 1586//1586
f 1255//1255 1257//1257 1586//1586
f 1205//1205 1582//1582 1586//1586
f 1223//1223 1286//1286 1587//1587
f 1292//1292 1223//1223 1587//1587
f 1286//1286 1585//1585 1587//1587
f 1253//1253 1255//1255 1588//1588
f 1251//1251 1253//1253 1588//1588
f 1255//1255 1586//1586 1588//1588
f 1226//1226 1292//1292 1589//1589
f 1295//1295 1226//1226 1589//1589
f 1248//1248 1251//1251 1590//1590
f 1292//1292 1587//1587 1589//1589
f 1246//1246 1248//1248 1590//1590
f 1251//1251 1588//1588 1590//1590
f 1295//1295 1589//1589 1591//1591
f 1297//1297 1295//1295 1591//1591
f 1183//1183 1297//1297 1591//1591
f 1184//1184 1183//1183 1591//1591
f 1244//1244 1246//1246 1592//1592
f 1241//1241 1244//1244 1592//1592
f 1246//1246 1590//1590 1592//1592
f 1184//1184 1591//1591 1593//1593
f 1293//1293 1184//1184 1593//1593
f 1290//1290 1293//1293 1593//1593
f 1242//1242 1241//1241 1594//1594
f 1210//1210 1242//1242 1594//1594
f 1245//1245 1210//1210 1594//1594
f 1241//1241 1592//1592 1594//1594
f 1289//1289 1290//1290 1595//1595
f 1290//1290 1593//1593 1595//1595
f 1213//1213 1245//1245 1596//1596
f 1287//1287 1289//1289 1595//1595
f 1250//1250 1213//1213 1596//1596
f 1245//1245 1594//1594 1596//1596
f 1285//1285 1287//1287 1597//1597
f 1283//1283 1285//1285 1597//1597
f 1215//1215 1250//1250 1598//1598
f 1254//1254 1215//1215 1598//1598
f 1287//1287 1595//1595 1597//1597
f 1250//1250 1596//1596 1598//1598
f 1254//1254 1598//1598 1599//1599
f 1195//1195 1283//1283 1600//1600
f 1278//1278 1195//1195 1600//1600
f 1256//1256 1254//1254 1599//1599
f 1258//1258 1256//1256 1599//1599
f 1283//1283 1597//1597 1600//1600
f 1258//1258 1599//1599 1601//1601
f 1275//1275 1278//1278 1602//1602
f 1235//1235 1258//1258 1601//1601
f 1272//1272 1275//1275 1602//1602
f 1260//1260 1235//1235 1601//1601
f 1278//1278 1600//1600 1602//1602
f 1260//1260 1601//1601 1603//1603
f 1261//1261 1260//1260 1603//1603
f 1238//1238 1261//1261 1603//1603
f 1268//1268 1272//1272 1604//1604
f 1266//1266 1268//1268 1604//1604
f 1263//1263 1266//1266 1604//1604
f 1272//1272 1602//1602 1604//1604
f 1238//1238 1603//1603 1605//1605
f 1265//1265 1238//1238 1605//1605
f 1267//1267 1265//1265 1605//1605
f 1269//1269 1267//1267 1605//1605
f 1263//1263 1604//1604 1584//1584
f 1262//1262 1263//1263 1584//1584
f 1202//1202 1262//1262 1584//1584
f 1269//1269 1605//1605 1581//1581
f 1409//1409 1496//1496 1298//1298
f 1185//1185 1409//1409 1298//1298
f 1225//1225 1490//1490 1404//1404
f 1225//1225 1404//1404 1221//1221
f 1230//1230 1418//1418 1288//1288
f 1418//1418 1507//1507 1288//1288
f 1296//1296 1503//1503 1414//1414
f 1296//1296 1414//1414 1182//1182
f 1470//1470 1566//1566 1239//1239
f 1234//1234 1470//1470 1239//1239
f 1237//1237 1561//1561 1465//1465
f 1237//1237 1465//1465 1231//1231
f 1606//1606 1607//1607 1608//1608
f 1606//1606 1608//1608 1609//1609
f 1610//1610 1609//1609 1611//1611
f 1610//1610 1606//1606 1609//1609
f 1612//1612 1611//1611 1613//1613
f 1612//1612 1613//1613 1614//1614
f 1615//1615 1616//1616 1617//1617
f 1615//1615 1607//1607 1606//1606
f 1615//1615 1617//1617 1618//1618
f 1615//1615 1618//1618 1607//1607
f 1619//1619 1306//1306 1302//1302
f 1619//1619 1614//1614 1306//1306
f 1620//1620 1606//1606 1610//1610
f 1620//1620 1615//1615 1606//1606
f 1621//1621 1611//1611 1612//1612
f 1621//1621 1610//1610 1611//1611
f 1622//1622 1612//1612 1614//1614
f 1622//1622 1614//1614 1619//1619
f 1623//1623 1624//1624 1616//1616
f 1623//1623 1615//1615 1620//1620
f 1623//1623 1616//1616 1615//1615
f 1625//1625 1302//1302 1301//1301
f 1625//1625 1619//1619 1302//1302
f 1626//1626 1620//1620 1610//1610
f 1626//1626 1610//1610 1621//1621
f 1627//1627 1621//1621 1612//1612
f 1627//1627 1612//1612 1622//1622
f 1628//1628 1619//1619 1625//1625
f 1628//1628 1622//1622 1619//1619
f 1629//1629 1623//1623 1620//1620
f 1629//1629 1630//1630 1624//1624
f 1629//1629 1624//1624 1623//1623
f 1629//1629 1620//1620 1626//1626
f 1631//1631 1301//1301 1305//1305
f 1631//1631 1625//1625 1301//1301
f 1632//1632 1626//1626 1621//1621
f 1632//1632 1621//1621 1627//1627
f 1633//1633 1622//1622 1628//1628
f 1633//1633 1627//1627 1622//1622
f 1634//1634 1628//1628 1625//1625
f 1634//1634 1625//1625 1631//1631
f 1635//1635 1626//1626 1632//1632
f 1635//1635 1630//1630 1629//1629
f 1635//1635 1629//1629 1626//1626
f 1635//1635 1636//1636 1630//1630
f 1637//1637 1631//1631 1305//1305
f 1637//1637 1305//1305 1307//1307
f 1638//1638 1632//1632 1627//1627
f 1638//1638 1627//1627 1633//1633
f 1639//1639 1633//1633 1628//1628
f 1639//1639 1628//1628 1634//1634
f 1640//1640 1634//1634 1631//1631
f 1640//1640 1631//1631 1637//1637
f 1641//1641 1635//1635 1632//1632
f 1641//1641 1632//1632 1638//1638
f 1641//1641 1636//1636 1635//1635
f 1641//1641 1642//1642 1636//1636
f 1643//1643 1637//1637 1307//1307
f 1643//1643 1307//1307 1644//1644
f 1643//1643 1644//1644 1645//1645
f 1646//1646 1638//1638 1633//1633
f 1646//1646 1633//1633 1639//1639
f 1647//1647 1634//1634 1640//1640
f 1647//1647 1639//1639 1634//1634
f 1648//1648 1637//1637 1643//1643
f 1648//1648 1640//1640 1637//1637
f 1648//1648 1643//1643 1645//1645
f 1649//1649 1638//1638 1646//1646
f 1649//1649 1641//1641 1638//1638
f 1649//1649 1642//1642 1641//1641
f 1649//1649 1650//1650 1642//1642
f 1651//1651 1639//1639 1647//1647
f 1651//1651 1646//1646 1639//1639
f 1652//1652 1640//1640 1648//1648
f 1652//1652 1647//1647 1640//1640
f 1652//1652 1648//1648 1645//1645
f 1652//1652 1645//1645 1653//1653
f 1654//1654 1649//1649 1646//1646
f 1654//1654 1655//1655 1650//1650
f 1654//1654 1650//1650 1649//1649
f 1654//1654 1646//1646 1651//1651
f 1656//1656 1651//1651 1647//1647
f 1656//1656 1647//1647 1652//1652
f 1656//1656 1653//1653 1657//1657
f 1656//1656 1652//1652 1653//1653
f 1658//1658 1659//1659 1655//1655
f 1658//1658 1657//1657 1660//1660
f 1658//1658 1655//1655 1654//1654
f 1658//1658 1651//1651 1656//1656
f 1658//1658 1654//1654 1651//1651
f 1658//1658 1656//1656 1657//1657
f 1658//1658 1660//1660 1659//1659
f 1644//1644 1307//1307 1313//1313
f 1661//1661 1659//1659 1660//1660
f 1662//1662 1644//1644 1313//1313
f 1662//1662 1645//1645 1644//1644
f 1662//1662 1313//1313 1315//1315
f 1663//1663 1653//1653 1645//1645
f 1663//1663 1645//1645 1662//1662
f 1664//1664 1315//1315 1317//1317
f 1664//1664 1317//1317 1319//1319
f 1664//1664 1662//1662 1315//1315
f 1665//1665 1657//1657 1653//1653
f 1665//1665 1653//1653 1663//1663
f 1666//1666 1663//1663 1662//1662
f 1666//1666 1662//1662 1664//1664
f 1667//1667 1319//1319 1321//1321
f 1667//1667 1666//1666 1664//1664
f 1667//1667 1664//1664 1319//1319
f 1668//1668 1660//1660 1657//1657
f 1668//1668 1657//1657 1665//1665
f 1669//1669 1663//1663 1666//1666
f 1669//1669 1665//1665 1663//1663
f 1670//1670 1666//1666 1667//1667
f 1670//1670 1669//1669 1666//1666
f 1671//1671 1661//1661 1660//1660
f 1671//1671 1672//1672 1661//1661
f 1671//1671 1660//1660 1668//1668
f 1673//1673 1667//1667 1321//1321
f 1673//1673 1670//1670 1667//1667
f 1674//1674 1665//1665 1669//1669
f 1674//1674 1668//1668 1665//1665
f 1675//1675 1669//1669 1670//1670
f 1675//1675 1674//1674 1669//1669
f 1676//1676 1670//1670 1673//1673
f 1676//1676 1675//1675 1670//1670
f 1677//1677 1678//1678 1672//1672
f 1677//1677 1672//1672 1671//1671
f 1677//1677 1671//1671 1668//1668
f 1677//1677 1668//1668 1674//1674
f 1679//1679 1321//1321 1323//1323
f 1679//1679 1323//1323 1303//1303
f 1679//1679 1673//1673 1321//1321
f 1680//1680 1677//1677 1674//1674
f 1680//1680 1674//1674 1675//1675
f 1681//1681 1675//1675 1676//1676
f 1681//1681 1680//1680 1675//1675
f 1682//1682 1676//1676 1673//1673
f 1682//1682 1673//1673 1679//1679
f 1683//1683 1684//1684 1678//1678
f 1683//1683 1678//1678 1677//1677
f 1683//1683 1677//1677 1680//1680
f 1685//1685 1682//1682 1679//1679
f 1685//1685 1679//1679 1303//1303
f 1686//1686 1680//1680 1681//1681
f 1686//1686 1683//1683 1680//1680
f 1687//1687 1676//1676 1682//1682
f 1687//1687 1681//1681 1676//1676
f 1688//1688 1687//1687 1682//1682
f 1688//1688 1682//1682 1685//1685
f 1689//1689 1690//1690 1684//1684
f 1689//1689 1684//1684 1683//1683
f 1689//1689 1683//1683 1686//1686
f 1691//1691 1303//1303 1304//1304
f 1691//1691 1304//1304 1309//1309
f 1691//1691 1685//1685 1303//1303
f 1692//1692 1686//1686 1681//1681
f 1692//1692 1681//1681 1687//1687
f 1693//1693 1687//1687 1688//1688
f 1693//1693 1692//1692 1687//1687
f 1694//1694 1688//1688 1685//1685
f 1694//1694 1685//1685 1691//1691
f 1695//1695 1690//1690 1689//1689
f 1695//1695 1696//1696 1690//1690
f 1695//1695 1686//1686 1692//1692
f 1695//1695 1689//1689 1686//1686
f 1697//1697 1691//1691 1309//1309
f 1697//1697 1309//1309 1310//1310
f 1698//1698 1695//1695 1692//1692
f 1698//1698 1692//1692 1693//1693
f 1699//1699 1688//1688 1694//1694
f 1699//1699 1693//1693 1688//1688
f 1700//1700 1694//1694 1691//1691
f 1700//1700 1691//1691 1697//1697
f 1701//1701 1695//1695 1698//1698
f 1701//1701 1696//1696 1695//1695
f 1701//1701 1702//1702 1696//1696
f 1703//1703 1700//1700 1697//1697
f 1703//1703 1310//1310 1311//1311
f 1703//1703 1697//1697 1310//1310
f 1704//1704 1693//1693 1699//1699
f 1704//1704 1698//1698 1693//1693
f 1705//1705 1694//1694 1700//1700
f 1705//1705 1699//1699 1694//1694
f 1706//1706 1700//1700 1703//1703
f 1706//1706 1705//1705 1700//1700
f 1707//1707 1701//1701 1698//1698
f 1707//1707 1698//1698 1704//1704
f 1707//1707 1702//1702 1701//1701
f 1707//1707 1708//1708 1702//1702
f 1709//1709 1311//1311 1308//1308
f 1709//1709 1703//1703 1311//1311
f 1710//1710 1704//1704 1699//1699
f 1710//1710 1699//1699 1705//1705
f 1711//1711 1710//1710 1705//1705
f 1711//1711 1705//1705 1706//1706
f 1712//1712 1706//1706 1703//1703
f 1712//1712 1703//1703 1709//1709
f 1713//1713 1704//1704 1710//1710
f 1713//1713 1707//1707 1704//1704
f 1713//1713 1708//1708 1707//1707
f 1713//1713 1714//1714 1708//1708
f 1715//1715 1308//1308 1300//1300
f 1715//1715 1709//1709 1308//1308
f 1716//1716 1710//1710 1711//1711
f 1716//1716 1713//1713 1710//1710
f 1717//1717 1711//1711 1706//1706
f 1717//1717 1706//1706 1712//1712
f 1718//1718 1712//1712 1709//1709
f 1718//1718 1709//1709 1715//1715
f 1719//1719 1720//1720 1714//1714
f 1719//1719 1714//1714 1713//1713
f 1719//1719 1713//1713 1716//1716
f 1721//1721 1715//1715 1300//1300
f 1722//1722 1711//1711 1717//1717
f 1722//1722 1716//1716 1711//1711
f 1723//1723 1712//1712 1718//1718
f 1723//1723 1717//1717 1712//1712
f 1724//1724 1718//1718 1715//1715
f 1724//1724 1715//1715 1721//1721
f 1725//1725 1726//1726 1720//1720
f 1725//1725 1720//1720 1719//1719
f 1725//1725 1719//1719 1716//1716
f 1725//1725 1716//1716 1722//1722
f 1727//1727 1300//1300 1299//1299
f 1727//1727 1299//1299 1322//1322
f 1727//1727 1721//1721 1300//1300
f 1728//1728 1722//1722 1717//1717
f 1728//1728 1717//1717 1723//1723
f 1729//1729 1718//1718 1724//1724
f 1729//1729 1723//1723 1718//1718
f 1730//1730 1724//1724 1721//1721
f 1730//1730 1721//1721 1727//1727
f 1731//1731 1732//1732 1726//1726
f 1731//1731 1726//1726 1725//1725
f 1731//1731 1725//1725 1722//1722
f 1731//1731 1722//1722 1728//1728
f 1733//1733 1322//1322 1320//1320
f 1733//1733 1727//1727 1322//1322
f 1734//1734 1728//1728 1723//1723
f 1734//1734 1723//1723 1729//1729
f 1735//1735 1729//1729 1724//1724
f 1735//1735 1724//1724 1730//1730
f 1736//1736 1730//1730 1727//1727
f 1736//1736 1727//1727 1733//1733
f 1737//1737 1728//1728 1734//1734
f 1737//1737 1738//1738 1732//1732
f 1737//1737 1732//1732 1731//1731
f 1737//1737 1731//1731 1728//1728
f 1739//1739 1320//1320 1318//1318
f 1739//1739 1733//1733 1320//1320
f 1740//1740 1734//1734 1729//1729
f 1740//1740 1729//1729 1735//1735
f 1741//1741 1730//1730 1736//1736
f 1741//1741 1735//1735 1730//1730
f 1742//1742 1736//1736 1733//1733
f 1742//1742 1733//1733 1739//1739
f 1743//1743 1734//1734 1740//1740
f 1743//1743 1738//1738 1737//1737
f 1743//1743 1744//1744 1738//1738
f 1743//1743 1737//1737 1734//1734
f 1745//1745 1739//1739 1318//1318
f 1745//1745 1318//1318 1316//1316
f 1746//1746 1735//1735 1741//1741
f 1746//1746 1740//1740 1735//1735
f 1747//1747 1736//1736 1742//1742
f 1747//1747 1741//1741 1736//1736
f 1748//1748 1742//1742 1739//1739
f 1748//1748 1739//1739 1745//1745
f 1749//1749 1744//1744 1743//1743
f 1749//1749 1740//1740 1746//1746
f 1749//1749 1750//1750 1744//1744
f 1749//1749 1743//1743 1740//1740
f 1751//1751 1316//1316 1314//1314
f 1751//1751 1745//1745 1316//1316
f 1752//1752 1746//1746 1741//1741
f 1752//1752 1741//1741 1747//1747
f 1608//1608 1742//1742 1748//1748
f 1608//1608 1747//1747 1742//1742
f 1753//1753 1748//1748 1745//1745
f 1753//1753 1745//1745 1751//1751
f 1754//1754 1749//1749 1746//1746
f 1754//1754 1746//1746 1752//1752
f 1754//1754 1750//1750 1749//1749
f 1754//1754 1755//1755 1750//1750
f 1613//1613 1314//1314 1312//1312
f 1613//1613 1753//1753 1751//1751
f 1613//1613 1751//1751 1314//1314
f 1607//1607 1752//1752 1747//1747
f 1607//1607 1747//1747 1608//1608
f 1609//1609 1608//1608 1748//1748
f 1609//1609 1748//1748 1753//1753
f 1611//1611 1753//1753 1613//1613
f 1611//1611 1609//1609 1753//1753
f 1618//1618 1754//1754 1752//1752
f 1618//1618 1617//1617 1755//1755
f 1618//1618 1752//1752 1607//1607
f 1618//1618 1755//1755 1754//1754
f 1614//1614 1312//1312 1306//1306
f 1614//1614 1613//1613 1312//1312
f 1756//1756 1757//1757 1758//1758
f 1756//1756 1758//1758 1759//1759
f 1760//1760 1759//1759 1761//1761
f 1760//1760 1756//1756 1759//1759
f 1762//1762 1761//1761 1763//1763
f 1762//1762 1763//1763 1764//1764
f 1765//1765 1766//1766 1767//1767
f 1765//1765 1757//1757 1756//1756
f 1765//1765 1767//1767 1768//1768
f 1765//1765 1768//1768 1757//1757
f 1769//1769 1332//1332 1329//1329
f 1769//1769 1764//1764 1332//1332
f 1770//1770 1756//1756 1760//1760
f 1770//1770 1765//1765 1756//1756
f 1771//1771 1761//1761 1762//1762
f 1771//1771 1760//1760 1761//1761
f 1772//1772 1762//1762 1764//1764
f 1772//1772 1764//1764 1769//1769
f 1773//1773 1774//1774 1766//1766
f 1773//1773 1765//1765 1770//1770
f 1773//1773 1766//1766 1765//1765
f 1775//1775 1329//1329 1328//1328
f 1775//1775 1769//1769 1329//1329
f 1776//1776 1770//1770 1760//1760
f 1776//1776 1760//1760 1771//1771
f 1777//1777 1771//1771 1762//1762
f 1777//1777 1762//1762 1772//1772
f 1778//1778 1769//1769 1775//1775
f 1778//1778 1772//1772 1769//1769
f 1779//1779 1773//1773 1770//1770
f 1779//1779 1780//1780 1774//1774
f 1779//1779 1774//1774 1773//1773
f 1779//1779 1770//1770 1776//1776
f 1781//1781 1328//1328 1330//1330
f 1781//1781 1775//1775 1328//1328
f 1782//1782 1776//1776 1771//1771
f 1782//1782 1771//1771 1777//1777
f 1783//1783 1772//1772 1778//1778
f 1783//1783 1777//1777 1772//1772
f 1784//1784 1778//1778 1775//1775
f 1784//1784 1775//1775 1781//1781
f 1785//1785 1776//1776 1782//1782
f 1785//1785 1780//1780 1779//1779
f 1785//1785 1779//1779 1776//1776
f 1785//1785 1786//1786 1780//1780
f 1787//1787 1781//1781 1330//1330
f 1787//1787 1330//1330 1335//1335
f 1788//1788 1782//1782 1777//1777
f 1788//1788 1777//1777 1783//1783
f 1789//1789 1783//1783 1778//1778
f 1789//1789 1778//1778 1784//1784
f 1790//1790 1784//1784 1781//1781
f 1790//1790 1781//1781 1787//1787
f 1791//1791 1785//1785 1782//1782
f 1791//1791 1782//1782 1788//1788
f 1791//1791 1786//1786 1785//1785
f 1791//1791 1792//1792 1786//1786
f 1793//1793 1787//1787 1335//1335
f 1793//1793 1335//1335 1794//1794
f 1793//1793 1794//1794 1795//1795
f 1796//1796 1788//1788 1783//1783
f 1796//1796 1783//1783 1789//1789
f 1797//1797 1784//1784 1790//1790
f 1797//1797 1789//1789 1784//1784
f 1798//1798 1787//1787 1793//1793
f 1798//1798 1790//1790 1787//1787
f 1798//1798 1793//1793 1795//1795
f 1799//1799 1788//1788 1796//1796
f 1799//1799 1791//1791 1788//1788
f 1799//1799 1792//1792 1791//1791
f 1799//1799 1800//1800 1792//1792
f 1801//1801 1789//1789 1797//1797
f 1801//1801 1796//1796 1789//1789
f 1802//1802 1790//1790 1798//1798
f 1802//1802 1797//1797 1790//1790
f 1802//1802 1798//1798 1795//1795
f 1802//1802 1795//1795 1803//1803
f 1804//1804 1799//1799 1796//1796
f 1804//1804 1805//1805 1800//1800
f 1804//1804 1800//1800 1799//1799
f 1804//1804 1796//1796 1801//1801
f 1806//1806 1801//1801 1797//1797
f 1806//1806 1797//1797 1802//1802
f 1806//1806 1803//1803 1807//1807
f 1806//1806 1802//1802 1803//1803
f 1808//1808 1809//1809 1805//1805
f 1808//1808 1807//1807 1810//1810
f 1808//1808 1805//1805 1804//1804
f 1808//1808 1801//1801 1806//1806
f 1808//1808 1804//1804 1801//1801
f 1808//1808 1806//1806 1807//1807
f 1808//1808 1810//1810 1809//1809
f 1794//1794 1335//1335 1338//1338
f 1811//1811 1809//1809 1810//1810
f 1812//1812 1794//1794 1338//1338
f 1812//1812 1795//1795 1794//1794
f 1812//1812 1338//1338 1340//1340
f 1813//1813 1803//1803 1795//1795
f 1813//1813 1795//1795 1812//1812
f 1814//1814 1340//1340 1342//1342
f 1814//1814 1342//1342 1344//1344
f 1814//1814 1812//1812 1340//1340
f 1815//1815 1807//1807 1803//1803
f 1815//1815 1803//1803 1813//1813
f 1816//1816 1813//1813 1812//1812
f 1816//1816 1812//1812 1814//1814
f 1817//1817 1344//1344 1346//1346
f 1817//1817 1816//1816 1814//1814
f 1817//1817 1814//1814 1344//1344
f 1818//1818 1810//1810 1807//1807
f 1818//1818 1807//1807 1815//1815
f 1819//1819 1813//1813 1816//1816
f 1819//1819 1815//1815 1813//1813
f 1820//1820 1816//1816 1817//1817
f 1820//1820 1819//1819 1816//1816
f 1821//1821 1811//1811 1810//1810
f 1821//1821 1822//1822 1811//1811
f 1821//1821 1810//1810 1818//1818
f 1823//1823 1817//1817 1346//1346
f 1823//1823 1820//1820 1817//1817
f 1824//1824 1815//1815 1819//1819
f 1824//1824 1818//1818 1815//1815
f 1825//1825 1819//1819 1820//1820
f 1825//1825 1824//1824 1819//1819
f 1826//1826 1820//1820 1823//1823
f 1826//1826 1825//1825 1820//1820
f 1827//1827 1828//1828 1822//1822
f 1827//1827 1822//1822 1821//1821
f 1827//1827 1821//1821 1818//1818
f 1827//1827 1818//1818 1824//1824
f 1829//1829 1346//1346 1348//1348
f 1829//1829 1348//1348 1326//1326
f 1829//1829 1823//1823 1346//1346
f 1830//1830 1827//1827 1824//1824
f 1830//1830 1824//1824 1825//1825
f 1831//1831 1825//1825 1826//1826
f 1831//1831 1830//1830 1825//1825
f 1832//1832 1826//1826 1823//1823
f 1832//1832 1823//1823 1829//1829
f 1833//1833 1834//1834 1828//1828
f 1833//1833 1828//1828 1827//1827
f 1833//1833 1827//1827 1830//1830
f 1835//1835 1832//1832 1829//1829
f 1835//1835 1829//1829 1326//1326
f 1836//1836 1830//1830 1831//1831
f 1836//1836 1833//1833 1830//1830
f 1837//1837 1826//1826 1832//1832
f 1837//1837 1831//1831 1826//1826
f 1838//1838 1837//1837 1832//1832
f 1838//1838 1832//1832 1835//1835
f 1839//1839 1840//1840 1834//1834
f 1839//1839 1834//1834 1833//1833
f 1839//1839 1833//1833 1836//1836
f 1841//1841 1326//1326 1327//1327
f 1841//1841 1327//1327 1333//1333
f 1841//1841 1835//1835 1326//1326
f 1842//1842 1836//1836 1831//1831
f 1842//1842 1831//1831 1837//1837
f 1843//1843 1837//1837 1838//1838
f 1843//1843 1842//1842 1837//1837
f 1844//1844 1838//1838 1835//1835
f 1844//1844 1835//1835 1841//1841
f 1845//1845 1840//1840 1839//1839
f 1845//1845 1846//1846 1840//1840
f 1845//1845 1836//1836 1842//1842
f 1845//1845 1839//1839 1836//1836
f 1847//1847 1841//1841 1333//1333
f 1847//1847 1333//1333 1334//1334
f 1848//1848 1845//1845 1842//1842
f 1848//1848 1842//1842 1843//1843
f 1849//1849 1838//1838 1844//1844
f 1849//1849 1843//1843 1838//1838
f 1850//1850 1844//1844 1841//1841
f 1850//1850 1841//1841 1847//1847
f 1851//1851 1845//1845 1848//1848
f 1851//1851 1846//1846 1845//1845
f 1851//1851 1852//1852 1846//1846
f 1853//1853 1850//1850 1847//1847
f 1853//1853 1334//1334 1336//1336
f 1853//1853 1847//1847 1334//1334
f 1854//1854 1843//1843 1849//1849
f 1854//1854 1848//1848 1843//1843
f 1855//1855 1844//1844 1850//1850
f 1855//1855 1849//1849 1844//1844
f 1856//1856 1850//1850 1853//1853
f 1856//1856 1855//1855 1850//1850
f 1857//1857 1851//1851 1848//1848
f 1857//1857 1848//1848 1854//1854
f 1857//1857 1852//1852 1851//1851
f 1857//1857 1858//1858 1852//1852
f 1859//1859 1336//1336 1331//1331
f 1859//1859 1853//1853 1336//1336
f 1860//1860 1854//1854 1849//1849
f 1860//1860 1849//1849 1855//1855
f 1861//1861 1860//1860 1855//1855
f 1861//1861 1855//1855 1856//1856
f 1862//1862 1856//1856 1853//1853
f 1862//1862 1853//1853 1859//1859
f 1863//1863 1854//1854 1860//1860
f 1863//1863 1857//1857 1854//1854
f 1863//1863 1858//1858 1857//1857
f 1863//1863 1864//1864 1858//1858
f 1865//1865 1331//1331 1325//1325
f 1865//1865 1859//1859 1331//1331
f 1866//1866 1860//1860 1861//1861
f 1866//1866 1863//1863 1860//1860
f 1867//1867 1861//1861 1856//1856
f 1867//1867 1856//1856 1862//1862
f 1868//1868 1862//1862 1859//1859
f 1868//1868 1859//1859 1865//1865
f 1869//1869 1870//1870 1864//1864
f 1869//1869 1864//1864 1863//1863
f 1869//1869 1863//1863 1866//1866
f 1871//1871 1865//1865 1325//1325
f 1872//1872 1861//1861 1867//1867
f 1872//1872 1866//1866 1861//1861
f 1873//1873 1862//1862 1868//1868
f 1873//1873 1867//1867 1862//1862
f 1874//1874 1868//1868 1865//1865
f 1874//1874 1865//1865 1871//1871
f 1875//1875 1876//1876 1870//1870
f 1875//1875 1870//1870 1869//1869
f 1875//1875 1869//1869 1866//1866
f 1875//1875 1866//1866 1872//1872
f 1877//1877 1325//1325 1324//1324
f 1877//1877 1324//1324 1347//1347
f 1877//1877 1871//1871 1325//1325
f 1878//1878 1872//1872 1867//1867
f 1878//1878 1867//1867 1873//1873
f 1879//1879 1868//1868 1874//1874
f 1879//1879 1873//1873 1868//1868
f 1880//1880 1874//1874 1871//1871
f 1880//1880 1871//1871 1877//1877
f 1881//1881 1882//1882 1876//1876
f 1881//1881 1876//1876 1875//1875
f 1881//1881 1875//1875 1872//1872
f 1881//1881 1872//1872 1878//1878
f 1883//1883 1347//1347 1345//1345
f 1883//1883 1877//1877 1347//1347
f 1884//1884 1878//1878 1873//1873
f 1884//1884 1873//1873 1879//1879
f 1885//1885 1879//1879 1874//1874
f 1885//1885 1874//1874 1880//1880
f 1886//1886 1880//1880 1877//1877
f 1886//1886 1877//1877 1883//1883
f 1887//1887 1878//1878 1884//1884
f 1887//1887 1888//1888 1882//1882
f 1887//1887 1882//1882 1881//1881
f 1887//1887 1881//1881 1878//1878
f 1889//1889 1345//1345 1343//1343
f 1889//1889 1883//1883 1345//1345
f 1890//1890 1884//1884 1879//1879
f 1890//1890 1879//1879 1885//1885
f 1891//1891 1880//1880 1886//1886
f 1891//1891 1885//1885 1880//1880
f 1892//1892 1886//1886 1883//1883
f 1892//1892 1883//1883 1889//1889
f 1893//1893 1884//1884 1890//1890
f 1893//1893 1888//1888 1887//1887
f 1893//1893 1894//1894 1888//1888
f 1893//1893 1887//1887 1884//1884
f 1895//1895 1889//1889 1343//1343
f 1895//1895 1343//1343 1341//1341
f 1896//1896 1885//1885 1891//1891
f 1896//1896 1890//1890 1885//1885
f 1897//1897 1886//1886 1892//1892
f 1897//1897 1891//1891 1886//1886
f 1898//1898 1892//1892 1889//1889
f 1898//1898 1889//1889 1895//1895
f 1899//1899 1894//1894 1893//1893
f 1899//1899 1890//1890 1896//1896
f 1899//1899 1900//1900 1894//1894
f 1899//1899 1893//1893 1890//1890
f 1901//1901 1341//1341 1339//1339
f 1901//1901 1895//1895 1341//1341
f 1902//1902 1896//1896 1891//1891
f 1902//1902 1891//1891 1897//1897
f 1758//1758 1892//1892 1898//1898
f 1758//1758 1897//1897 1892//1892
f 1903//1903 1898//1898 1895//1895
f 1903//1903 1895//1895 1901//1901
f 1904//1904 1899//1899 1896//1896
f 1904//1904 1896//1896 1902//1902
f 1904//1904 1900//1900 1899//1899
f 1904//1904 1905//1905 1900//1900
f 1763//1763 1339//1339 1337//1337
f 1763//1763 1903//1903 1901//1901
f 1763//1763 1901//1901 1339//1339
f 1757//1757 1902//1902 1897//1897
f 1757//1757 1897//1897 1758//1758
f 1759//1759 1758//1758 1898//1898
f 1759//1759 1898//1898 1903//1903
f 1761//1761 1903//1903 1763//1763
f 1761//1761 1759//1759 1903//1903
f 1768//1768 1904//1904 1902//1902
f 1768//1768 1767//1767 1905//1905
f 1768//1768 1902//1902 1757//1757
f 1768//1768 1905//1905 1904//1904
f 1764//1764 1337//1337 1332//1332
f 1764//1764 1763//1763 1337//1337
f 1906//1906 1907//1907 1908//1908
f 1906//1906 1908//1908 1909//1909
f 1910//1910 1909//1909 1911//1911
f 1910//1910 1906//1906 1909//1909
f 1912//1912 1911//1911 1913//1913
f 1912//1912 1913//1913 1914//1914
f 1915//1915 1916//1916 1917//1917
f 1915//1915 1907//1907 1906//1906
f 1915//1915 1917//1917 1918//1918
f 1915//1915 1918//1918 1907//1907
f 1919//1919 1355//1355 1353//1353
f 1919//1919 1914//1914 1355//1355
f 1920//1920 1906//1906 1910//1910
f 1920//1920 1915//1915 1906//1906
f 1921//1921 1911//1911 1912//1912
f 1921//1921 1910//1910 1911//1911
f 1922//1922 1912//1912 1914//1914
f 1922//1922 1914//1914 1919//1919
f 1923//1923 1924//1924 1916//1916
f 1923//1923 1915//1915 1920//1920
f 1923//1923 1916//1916 1915//1915
f 1925//1925 1353//1353 1352//1352
f 1925//1925 1919//1919 1353//1353
f 1926//1926 1920//1920 1910//1910
f 1926//1926 1910//1910 1921//1921
f 1927//1927 1921//1921 1912//1912
f 1927//1927 1912//1912 1922//1922
f 1928//1928 1919//1919 1925//1925
f 1928//1928 1922//1922 1919//1919
f 1929//1929 1923//1923 1920//1920
f 1929//1929 1930//1930 1924//1924
f 1929//1929 1924//1924 1923//1923
f 1929//1929 1920//1920 1926//1926
f 1931//1931 1352//1352 1354//1354
f 1931//1931 1925//1925 1352//1352
f 1932//1932 1926//1926 1921//1921
f 1932//1932 1921//1921 1927//1927
f 1933//1933 1922//1922 1928//1928
f 1933//1933 1927//1927 1922//1922
f 1934//1934 1928//1928 1925//1925
f 1934//1934 1925//1925 1931//1931
f 1935//1935 1926//1926 1932//1932
f 1935//1935 1930//1930 1929//1929
f 1935//1935 1929//1929 1926//1926
f 1935//1935 1936//1936 1930//1930
f 1937//1937 1931//1931 1354//1354
f 1937//1937 1354//1354 1358//1358
f 1938//1938 1932//1932 1927//1927
f 1938//1938 1927//1927 1933//1933
f 1939//1939 1933//1933 1928//1928
f 1939//1939 1928//1928 1934//1934
f 1940//1940 1934//1934 1931//1931
f 1940//1940 1931//1931 1937//1937
f 1941//1941 1935//1935 1932//1932
f 1941//1941 1932//1932 1938//1938
f 1941//1941 1936//1936 1935//1935
f 1941//1941 1942//1942 1936//1936
f 1943//1943 1937//1937 1358//1358
f 1943//1943 1358//1358 1944//1944
f 1943//1943 1944//1944 1945//1945
f 1946//1946 1938//1938 1933//1933
f 1946//1946 1933//1933 1939//1939
f 1947//1947 1934//1934 1940//1940
f 1947//1947 1939//1939 1934//1934
f 1948//1948 1937//1937 1943//1943
f 1948//1948 1940//1940 1937//1937
f 1948//1948 1943//1943 1945//1945
f 1949//1949 1938//1938 1946//1946
f 1949//1949 1941//1941 1938//1938
f 1949//1949 1942//1942 1941//1941
f 1949//1949 1950//1950 1942//1942
f 1951//1951 1939//1939 1947//1947
f 1951//1951 1946//1946 1939//1939
f 1952//1952 1940//1940 1948//1948
f 1952//1952 1947//1947 1940//1940
f 1952//1952 1948//1948 1945//1945
f 1952//1952 1945//1945 1953//1953
f 1954//1954 1949//1949 1946//1946
f 1954//1954 1955//1955 1950//1950
f 1954//1954 1950//1950 1949//1949
f 1954//1954 1946//1946 1951//1951
f 1956//1956 1951//1951 1947//1947
f 1956//1956 1947//1947 1952//1952
f 1956//1956 1953//1953 1957//1957
f 1956//1956 1952//1952 1953//1953
f 1958//1958 1959//1959 1955//1955
f 1958//1958 1957//1957 1960//1960
f 1958//1958 1955//1955 1954//1954
f 1958//1958 1951//1951 1956//1956
f 1958//1958 1954//1954 1951//1951
f 1958//1958 1956//1956 1957//1957
f 1958//1958 1960//1960 1959//1959
f 1944//1944 1358//1358 1362//1362
f 1961//1961 1959//1959 1960//1960
f 1962//1962 1944//1944 1362//1362
f 1962//1962 1945//1945 1944//1944
f 1962//1962 1362//1362 1364//1364
f 1963//1963 1953//1953 1945//1945
f 1963//1963 1945//1945 1962//1962
f 1964//1964 1364//1364 1366//1366
f 1964//1964 1366//1366 1368//1368
f 1964//1964 1962//1962 1364//1364
f 1965//1965 1957//1957 1953//1953
f 1965//1965 1953//1953 1963//1963
f 1966//1966 1963//1963 1962//1962
f 1966//1966 1962//1962 1964//1964
f 1967//1967 1368//1368 1370//1370
f 1967//1967 1966//1966 1964//1964
f 1967//1967 1964//1964 1368//1368
f 1968//1968 1960//1960 1957//1957
f 1968//1968 1957//1957 1965//1965
f 1969//1969 1963//1963 1966//1966
f 1969//1969 1965//1965 1963//1963
f 1970//1970 1966//1966 1967//1967
f 1970//1970 1969//1969 1966//1966
f 1971//1971 1961//1961 1960//1960
f 1971//1971 1972//1972 1961//1961
f 1971//1971 1960//1960 1968//1968
f 1973//1973 1967//1967 1370//1370
f 1973//1973 1970//1970 1967//1967
f 1974//1974 1965//1965 1969//1969
f 1974//1974 1968//1968 1965//1965
f 1975//1975 1969//1969 1970//1970
f 1975//1975 1974//1974 1969//1969
f 1976//1976 1970//1970 1973//1973
f 1976//1976 1975//1975 1970//1970
f 1977//1977 1978//1978 1972//1972
f 1977//1977 1972//1972 1971//1971
f 1977//1977 1971//1971 1968//1968
f 1977//1977 1968//1968 1974//1974
f 1979//1979 1370//1370 1372//1372
f 1979//1979 1372//1372 1350//1350
f 1979//1979 1973//1973 1370//1370
f 1980//1980 1977//1977 1974//1974
f 1980//1980 1974//1974 1975//1975
f 1981//1981 1975//1975 1976//1976
f 1981//1981 1980//1980 1975//1975
f 1982//1982 1976//1976 1973//1973
f 1982//1982 1973//1973 1979//1979
f 1983//1983 1984//1984 1978//1978
f 1983//1983 1978//1978 1977//1977
f 1983//1983 1977//1977 1980//1980
f 1985//1985 1982//1982 1979//1979
f 1985//1985 1979//1979 1350//1350
f 1986//1986 1980//1980 1981//1981
f 1986//1986 1983//1983 1980//1980
f 1987//1987 1976//1976 1982//1982
f 1987//1987 1981//1981 1976//1976
f 1988//1988 1987//1987 1982//1982
f 1988//1988 1982//1982 1985//1985
f 1989//1989 1990//1990 1984//1984
f 1989//1989 1984//1984 1983//1983
f 1989//1989 1983//1983 1986//1986
f 1991//1991 1350//1350 1351//1351
f 1991//1991 1351//1351 1357//1357
f 1991//1991 1985//1985 1350//1350
f 1992//1992 1986//1986 1981//1981
f 1992//1992 1981//1981 1987//1987
f 1993//1993 1987//1987 1988//1988
f 1993//1993 1992//1992 1987//1987
f 1994//1994 1988//1988 1985//1985
f 1994//1994 1985//1985 1991//1991
f 1995//1995 1990//1990 1989//1989
f 1995//1995 1996//1996 1990//1990
f 1995//1995 1986//1986 1992//1992
f 1995//1995 1989//1989 1986//1986
f 1997//1997 1991//1991 1357//1357
f 1997//1997 1357//1357 1360//1360
f 1998//1998 1995//1995 1992//1992
f 1998//1998 1992//1992 1993//1993
f 1999//1999 1988//1988 1994//1994
f 1999//1999 1993//1993 1988//1988
f 2000//2000 1994//1994 1991//1991
f 2000//2000 1991//1991 1997//1997
f 2001//2001 1995//1995 1998//1998
f 2001//2001 1996//1996 1995//1995
f 2001//2001 2002//2002 1996//1996
f 2003//2003 2000//2000 1997//1997
f 2003//2003 1360//1360 1359//1359
f 2003//2003 1997//1997 1360//1360
f 2004//2004 1993//1993 1999//1999
f 2004//2004 1998//1998 1993//1993
f 2005//2005 1994//1994 2000//2000
f 2005//2005 1999//1999 1994//1994
f 2006//2006 2000//2000 2003//2003
f 2006//2006 2005//2005 2000//2000
f 2007//2007 2001//2001 1998//1998
f 2007//2007 1998//1998 2004//2004
f 2007//2007 2002//2002 2001//2001
f 2007//2007 2008//2008 2002//2002
f 2009//2009 1359//1359 1356//1356
f 2009//2009 2003//2003 1359//1359
f 2010//2010 2004//2004 1999//1999
f 2010//2010 1999//1999 2005//2005
f 2011//2011 2010//2010 2005//2005
f 2011//2011 2005//2005 2006//2006
f 2012//2012 2006//2006 2003//2003
f 2012//2012 2003//2003 2009//2009
f 2013//2013 2004//2004 2010//2010
f 2013//2013 2007//2007 2004//2004
f 2013//2013 2008//2008 2007//2007
f 2013//2013 2014//2014 2008//2008
f 2015//2015 1356//1356 1349//1349
f 2015//2015 2009//2009 1356//1356
f 2016//2016 2010//2010 2011//2011
f 2016//2016 2013//2013 2010//2010
f 2017//2017 2011//2011 2006//2006
f 2017//2017 2006//2006 2012//2012
f 2018//2018 2012//2012 2009//2009
f 2018//2018 2009//2009 2015//2015
f 2019//2019 2020//2020 2014//2014
f 2019//2019 2014//2014 2013//2013
f 2019//2019 2013//2013 2016//2016
f 2021//2021 2015//2015 1349//1349
f 2022//2022 2011//2011 2017//2017
f 2022//2022 2016//2016 2011//2011
f 2023//2023 2012//2012 2018//2018
f 2023//2023 2017//2017 2012//2012
f 2024//2024 2018//2018 2015//2015
f 2024//2024 2015//2015 2021//2021
f 2025//2025 2026//2026 2020//2020
f 2025//2025 2020//2020 2019//2019
f 2025//2025 2019//2019 2016//2016
f 2025//2025 2016//2016 2022//2022
f 2027//2027 1349//1349 1373//1373
f 2027//2027 1373//1373 1371//1371
f 2027//2027 2021//2021 1349//1349
f 2028//2028 2022//2022 2017//2017
f 2028//2028 2017//2017 2023//2023
f 2029//2029 2018//2018 2024//2024
f 2029//2029 2023//2023 2018//2018
f 2030//2030 2024//2024 2021//2021
f 2030//2030 2021//2021 2027//2027
f 2031//2031 2032//2032 2026//2026
f 2031//2031 2026//2026 2025//2025
f 2031//2031 2025//2025 2022//2022
f 2031//2031 2022//2022 2028//2028
f 2033//2033 1371//1371 1369//1369
f 2033//2033 2027//2027 1371//1371
f 2034//2034 2028//2028 2023//2023
f 2034//2034 2023//2023 2029//2029
f 2035//2035 2029//2029 2024//2024
f 2035//2035 2024//2024 2030//2030
f 2036//2036 2030//2030 2027//2027
f 2036//2036 2027//2027 2033//2033
f 2037//2037 2028//2028 2034//2034
f 2037//2037 2038//2038 2032//2032
f 2037//2037 2032//2032 2031//2031
f 2037//2037 2031//2031 2028//2028
f 2039//2039 1369//1369 1367//1367
f 2039//2039 2033//2033 1369//1369
f 2040//2040 2034//2034 2029//2029
f 2040//2040 2029//2029 2035//2035
f 2041//2041 2030//2030 2036//2036
f 2041//2041 2035//2035 2030//2030
f 2042//2042 2036//2036 2033//2033
f 2042//2042 2033//2033 2039//2039
f 2043//2043 2034//2034 2040//2040
f 2043//2043 2038//2038 2037//2037
f 2043//2043 2044//2044 2038//2038
f 2043//2043 2037//2037 2034//2034
f 2045//2045 2039//2039 1367//1367
f 2045//2045 1367//1367 1365//1365
f 2046//2046 2035//2035 2041//2041
f 2046//2046 2040//2040 2035//2035
f 2047//2047 2036//2036 2042//2042
f 2047//2047 2041//2041 2036//2036
f 2048//2048 2042//2042 2039//2039
f 2048//2048 2039//2039 2045//2045
f 2049//2049 2044//2044 2043//2043
f 2049//2049 2040//2040 2046//2046
f 2049//2049 2050//2050 2044//2044
f 2049//2049 2043//2043 2040//2040
f 2051//2051 1365//1365 1363//1363
f 2051//2051 2045//2045 1365//1365
f 2052//2052 2046//2046 2041//2041
f 2052//2052 2041//2041 2047//2047
f 1908//1908 2042//2042 2048//2048
f 1908//1908 2047//2047 2042//2042
f 2053//2053 2048//2048 2045//2045
f 2053//2053 2045//2045 2051//2051
f 2054//2054 2049//2049 2046//2046
f 2054//2054 2046//2046 2052//2052
f 2054//2054 2050//2050 2049//2049
f 2054//2054 2055//2055 2050//2050
f 1913//1913 1363//1363 1361//1361
f 1913//1913 2053//2053 2051//2051
f 1913//1913 2051//2051 1363//1363
f 1907//1907 2052//2052 2047//2047
f 1907//1907 2047//2047 1908//1908
f 1909//1909 1908//1908 2048//2048
f 1909//1909 2048//2048 2053//2053
f 1911//1911 2053//2053 1913//1913
f 1911//1911 1909//1909 2053//2053
f 1918//1918 2054//2054 2052//2052
f 1918//1918 1917//1917 2055//2055
f 1918//1918 2052//2052 1907//1907
f 1918//1918 2055//2055 2054//2054
f 1914//1914 1361//1361 1355//1355
f 1914//1914 1913//1913 1361//1361
f 2056//2056 2057//2057 2058//2058
f 2056//2056 2058//2058 2059//2059
f 2060//2060 2059//2059 2061//2061
f 2060//2060 2056//2056 2059//2059
f 2062//2062 2061//2061 2063//2063
f 2062//2062 2063//2063 2064//2064
f 2065//2065 2066//2066 2067//2067
f 2065//2065 2057//2057 2056//2056
f 2065//2065 2067//2067 2068//2068
f 2065//2065 2068//2068 2057//2057
f 2069//2069 1382//1382 1379//1379
f 2069//2069 2064//2064 1382//1382
f 2070//2070 2056//2056 2060//2060
f 2070//2070 2065//2065 2056//2056
f 2071//2071 2061//2061 2062//2062
f 2071//2071 2060//2060 2061//2061
f 2072//2072 2062//2062 2064//2064
f 2072//2072 2064//2064 2069//2069
f 2073//2073 2074//2074 2066//2066
f 2073//2073 2065//2065 2070//2070
f 2073//2073 2066//2066 2065//2065
f 2075//2075 1379//1379 1378//1378
f 2075//2075 2069//2069 1379//1379
f 2076//2076 2070//2070 2060//2060
f 2076//2076 2060//2060 2071//2071
f 2077//2077 2071//2071 2062//2062
f 2077//2077 2062//2062 2072//2072
f 2078//2078 2069//2069 2075//2075
f 2078//2078 2072//2072 2069//2069
f 2079//2079 2073//2073 2070//2070
f 2079//2079 2080//2080 2074//2074
f 2079//2079 2074//2074 2073//2073
f 2079//2079 2070//2070 2076//2076
f 2081//2081 1378//1378 1381//1381
f 2081//2081 2075//2075 1378//1378
f 2082//2082 2076//2076 2071//2071
f 2082//2082 2071//2071 2077//2077
f 2083//2083 2072//2072 2078//2078
f 2083//2083 2077//2077 2072//2072
f 2084//2084 2078//2078 2075//2075
f 2084//2084 2075//2075 2081//2081
f 2085//2085 2076//2076 2082//2082
f 2085//2085 2080//2080 2079//2079
f 2085//2085 2079//2079 2076//2076
f 2085//2085 2086//2086 2080//2080
f 2087//2087 2081//2081 1381//1381
f 2087//2087 1381//1381 1383//1383
f 2088//2088 2082//2082 2077//2077
f 2088//2088 2077//2077 2083//2083
f 2089//2089 2083//2083 2078//2078
f 2089//2089 2078//2078 2084//2084
f 2090//2090 2084//2084 2081//2081
f 2090//2090 2081//2081 2087//2087
f 2091//2091 2085//2085 2082//2082
f 2091//2091 2082//2082 2088//2088
f 2091//2091 2086//2086 2085//2085
f 2091//2091 2092//2092 2086//2086
f 2093//2093 2087//2087 1383//1383
f 2093//2093 1383//1383 2094//2094
f 2093//2093 2094//2094 2095//2095
f 2096//2096 2088//2088 2083//2083
f 2096//2096 2083//2083 2089//2089
f 2097//2097 2084//2084 2090//2090
f 2097//2097 2089//2089 2084//2084
f 2098//2098 2087//2087 2093//2093
f 2098//2098 2090//2090 2087//2087
f 2098//2098 2093//2093 2095//2095
f 2099//2099 2088//2088 2096//2096
f 2099//2099 2091//2091 2088//2088
f 2099//2099 2092//2092 2091//2091
f 2099//2099 2100//2100 2092//2092
f 2101//2101 2089//2089 2097//2097
f 2101//2101 2096//2096 2089//2089
f 2102//2102 2090//2090 2098//2098
f 2102//2102 2097//2097 2090//2090
f 2102//2102 2098//2098 2095//2095
f 2102//2102 2095//2095 2103//2103
f 2104//2104 2099//2099 2096//2096
f 2104//2104 2105//2105 2100//2100
f 2104//2104 2100//2100 2099//2099
f 2104//2104 2096//2096 2101//2101
f 2106//2106 2101//2101 2097//2097
f 2106//2106 2097//2097 2102//2102
f 2106//2106 2103//2103 2107//2107
f 2106//2106 2102//2102 2103//2103
f 2108//2108 2109//2109 2105//2105
f 2108//2108 2107//2107 2110//2110
f 2108//2108 2105//2105 2104//2104
f 2108//2108 2101//2101 2106//2106
f 2108//2108 2104//2104 2101//2101
f 2108//2108 2106//2106 2107//2107
f 2108//2108 2110//2110 2109//2109
f 2094//2094 1383//1383 1388//1388
f 2111//2111 2109//2109 2110//2110
f 2112//2112 2094//2094 1388//1388
f 2112//2112 2095//2095 2094//2094
f 2112//2112 1388//1388 1390//1390
f 2113//2113 2103//2103 2095//2095
f 2113//2113 2095//2095 2112//2112
f 2114//2114 1390//1390 1392//1392
f 2114//2114 1392//1392 1394//1394
f 2114//2114 2112//2112 1390//1390
f 2115//2115 2107//2107 2103//2103
f 2115//2115 2103//2103 2113//2113
f 2116//2116 2113//2113 2112//2112
f 2116//2116 2112//2112 2114//2114
f 2117//2117 1394//1394 1396//1396
f 2117//2117 2116//2116 2114//2114
f 2117//2117 2114//2114 1394//1394
f 2118//2118 2110//2110 2107//2107
f 2118//2118 2107//2107 2115//2115
f 2119//2119 2113//2113 2116//2116
f 2119//2119 2115//2115 2113//2113
f 2120//2120 2116//2116 2117//2117
f 2120//2120 2119//2119 2116//2116
f 2121//2121 2111//2111 2110//2110
f 2121//2121 2122//2122 2111//2111
f 2121//2121 2110//2110 2118//2118
f 2123//2123 2117//2117 1396//1396
f 2123//2123 2120//2120 2117//2117
f 2124//2124 2115//2115 2119//2119
f 2124//2124 2118//2118 2115//2115
f 2125//2125 2119//2119 2120//2120
f 2125//2125 2124//2124 2119//2119
f 2126//2126 2120//2120 2123//2123
f 2126//2126 2125//2125 2120//2120
f 2127//2127 2128//2128 2122//2122
f 2127//2127 2122//2122 2121//2121
f 2127//2127 2121//2121 2118//2118
f 2127//2127 2118//2118 2124//2124
f 2129//2129 1396//1396 1398//1398
f 2129//2129 1398//1398 1376//1376
f 2129//2129 2123//2123 1396//1396
f 2130//2130 2127//2127 2124//2124
f 2130//2130 2124//2124 2125//2125
f 2131//2131 2125//2125 2126//2126
f 2131//2131 2130//2130 2125//2125
f 2132//2132 2126//2126 2123//2123
f 2132//2132 2123//2123 2129//2129
f 2133//2133 2134//2134 2128//2128
f 2133//2133 2128//2128 2127//2127
f 2133//2133 2127//2127 2130//2130
f 2135//2135 2132//2132 2129//2129
f 2135//2135 2129//2129 1376//1376
f 2136//2136 2130//2130 2131//2131
f 2136//2136 2133//2133 2130//2130
f 2137//2137 2126//2126 2132//2132
f 2137//2137 2131//2131 2126//2126
f 2138//2138 2137//2137 2132//2132
f 2138//2138 2132//2132 2135//2135
f 2139//2139 2140//2140 2134//2134
f 2139//2139 2134//2134 2133//2133
f 2139//2139 2133//2133 2136//2136
f 2141//2141 1376//1376 1377//1377
f 2141//2141 1377//1377 1384//1384
f 2141//2141 2135//2135 1376//1376
f 2142//2142 2136//2136 2131//2131
f 2142//2142 2131//2131 2137//2137
f 2143//2143 2137//2137 2138//2138
f 2143//2143 2142//2142 2137//2137
f 2144//2144 2138//2138 2135//2135
f 2144//2144 2135//2135 2141//2141
f 2145//2145 2140//2140 2139//2139
f 2145//2145 2146//2146 2140//2140
f 2145//2145 2136//2136 2142//2142
f 2145//2145 2139//2139 2136//2136
f 2147//2147 2141//2141 1384//1384
f 2147//2147 1384//1384 1386//1386
f 2148//2148 2145//2145 2142//2142
f 2148//2148 2142//2142 2143//2143
f 2149//2149 2138//2138 2144//2144
f 2149//2149 2143//2143 2138//2138
f 2150//2150 2144//2144 2141//2141
f 2150//2150 2141//2141 2147//2147
f 2151//2151 2145//2145 2148//2148
f 2151//2151 2146//2146 2145//2145
f 2151//2151 2152//2152 2146//2146
f 2153//2153 2150//2150 2147//2147
f 2153//2153 1386//1386 1385//1385
f 2153//2153 2147//2147 1386//1386
f 2154//2154 2143//2143 2149//2149
f 2154//2154 2148//2148 2143//2143
f 2155//2155 2144//2144 2150//2150
f 2155//2155 2149//2149 2144//2144
f 2156//2156 2150//2150 2153//2153
f 2156//2156 2155//2155 2150//2150
f 2157//2157 2151//2151 2148//2148
f 2157//2157 2148//2148 2154//2154
f 2157//2157 2152//2152 2151//2151
f 2157//2157 2158//2158 2152//2152
f 2159//2159 1385//1385 1380//1380
f 2159//2159 2153//2153 1385//1385
f 2160//2160 2154//2154 2149//2149
f 2160//2160 2149//2149 2155//2155
f 2161//2161 2160//2160 2155//2155
f 2161//2161 2155//2155 2156//2156
f 2162//2162 2156//2156 2153//2153
f 2162//2162 2153//2153 2159//2159
f 2163//2163 2154//2154 2160//2160
f 2163//2163 2157//2157 2154//2154
f 2163//2163 2158//2158 2157//2157
f 2163//2163 2164//2164 2158//2158
f 2165//2165 1380//1380 1375//1375
f 2165//2165 2159//2159 1380//1380
f 2166//2166 2160//2160 2161//2161
f 2166//2166 2163//2163 2160//2160
f 2167//2167 2161//2161 2156//2156
f 2167//2167 2156//2156 2162//2162
f 2168//2168 2162//2162 2159//2159
f 2168//2168 2159//2159 2165//2165
f 2169//2169 2170//2170 2164//2164
f 2169//2169 2164//2164 2163//2163
f 2169//2169 2163//2163 2166//2166
f 2171//2171 2165//2165 1375//1375
f 2172//2172 2161//2161 2167//2167
f 2172//2172 2166//2166 2161//2161
f 2173//2173 2162//2162 2168//2168
f 2173//2173 2167//2167 2162//2162
f 2174//2174 2168//2168 2165//2165
f 2174//2174 2165//2165 2171//2171
f 2175//2175 2176//2176 2170//2170
f 2175//2175 2170//2170 2169//2169
f 2175//2175 2169//2169 2166//2166
f 2175//2175 2166//2166 2172//2172
f 2177//2177 1375//1375 1374//1374
f 2177//2177 1374//1374 1397//1397
f 2177//2177 2171//2171 1375//1375
f 2178//2178 2172//2172 2167//2167
f 2178//2178 2167//2167 2173//2173
f 2179//2179 2168//2168 2174//2174
f 2179//2179 2173//2173 2168//2168
f 2180//2180 2174//2174 2171//2171
f 2180//2180 2171//2171 2177//2177
f 2181//2181 2182//2182 2176//2176
f 2181//2181 2176//2176 2175//2175
f 2181//2181 2175//2175 2172//2172
f 2181//2181 2172//2172 2178//2178
f 2183//2183 1397//1397 1395//1395
f 2183//2183 2177//2177 1397//1397
f 2184//2184 2178//2178 2173//2173
f 2184//2184 2173//2173 2179//2179
f 2185//2185 2179//2179 2174//2174
f 2185//2185 2174//2174 2180//2180
f 2186//2186 2180//2180 2177//2177
f 2186//2186 2177//2177 2183//2183
f 2187//2187 2178//2178 2184//2184
f 2187//2187 2188//2188 2182//2182
f 2187//2187 2182//2182 2181//2181
f 2187//2187 2181//2181 2178//2178
f 2189//2189 1395//1395 1393//1393
f 2189//2189 2183//2183 1395//1395
f 2190//2190 2184//2184 2179//2179
f 2190//2190 2179//2179 2185//2185
f 2191//2191 2180//2180 2186//2186
f 2191//2191 2185//2185 2180//2180
f 2192//2192 2186//2186 2183//2183
f 2192//2192 2183//2183 2189//2189
f 2193//2193 2184//2184 2190//2190
f 2193//2193 2188//2188 2187//2187
f 2193//2193 2194//2194 2188//2188
f 2193//2193 2187//2187 2184//2184
f 2195//2195 2189//2189 1393//1393
f 2195//2195 1393//1393 1391//1391
f 2196//2196 2185//2185 2191//2191
f 2196//2196 2190//2190 2185//2185
f 2197//2197 2186//2186 2192//2192
f 2197//2197 2191//2191 2186//2186
f 2198//2198 2192//2192 2189//2189
f 2198//2198 2189//2189 2195//2195
f 2199//2199 2194//2194 2193//2193
f 2199//2199 2190//2190 2196//2196
f 2199//2199 2200//2200 2194//2194
f 2199//2199 2193//2193 2190//2190
f 2201//2201 1391//1391 1389//1389
f 2201//2201 2195//2195 1391//1391
f 2202//2202 2196//2196 2191//2191
f 2202//2202 2191//2191 2197//2197
f 2058//2058 2192//2192 2198//2198
f 2058//2058 2197//2197 2192//2192
f 2203//2203 2198//2198 2195//2195
f 2203//2203 2195//2195 2201//2201
f 2204//2204 2199//2199 2196//2196
f 2204//2204 2196//2196 2202//2202
f 2204//2204 2200//2200 2199//2199
f 2204//2204 2205//2205 2200//2200
f 2063//2063 1389//1389 1387//1387
f 2063//2063 2203//2203 2201//2201
f 2063//2063 2201//2201 1389//1389
f 2057//2057 2202//2202 2197//2197
f 2057//2057 2197//2197 2058//2058
f 2059//2059 2058//2058 2198//2198
f 2059//2059 2198//2198 2203//2203
f 2061//2061 2203//2203 2063//2063
f 2061//2061 2059//2059 2203//2203
f 2068//2068 2204//2204 2202//2202
f 2068//2068 2067//2067 2205//2205
f 2068//2068 2202//2202 2057//2057
f 2068//2068 2205//2205 2204//2204
f 2064//2064 1387//1387 1382//1382
f 2064//2064 2063//2063 1387//1387
f 1409//1409 1499//1499 1496//1496
f 1411//1411 1499//1499 1409//1409
f 1413//1413 1500//1500 1499//1499
f 1413//1413 1499//1499 1411//1411
f 1414//1414 1503//1503 1500//1500
f 1414//1414 1500//1500 1413//1413
f 1424//1424 1513//1513 1512//1512
f 1422//1422 1424//1424 1512//1512
f 1421//1421 1512//1512 1510//1510
f 1421//1421 1422//1422 1512//1512
f 1418//1418 1510//1510 1507//1507
f 1418//1418 1421//1421 1510//1510
f 1523//1523 1434//1434 1524//1524
f 1523//1523 1431//1431 1432//1432
f 1523//1523 1432//1432 1434//1434
f 1521//1521 1428//1428 1431//1431
f 1521//1521 1431//1431 1523//1523
f 1518//1518 1428//1428 1521//1521
f 1535//1535 1444//1444 1537//1537
f 1535//1535 1441//1441 1443//1443
f 1535//1535 1443//1443 1444//1444
f 1533//1533 1439//1439 1441//1441
f 1533//1533 1441//1441 1535//1535
f 1530//1530 1439//1439 1533//1533
f 1546//1546 1454//1454 1548//1548
f 1546//1546 1451//1451 1453//1453
f 1546//1546 1453//1453 1454//1454
f 1544//1544 1449//1449 1451//1451
f 1544//1544 1451//1451 1546//1546
f 1484//1484 1449//1449 1544//1544
f 1557//1557 1554//1554 1460//1460
f 1557//1557 1460//1460 1462//1462
f 1557//1557 1462//1462 1464//1464
f 1559//1559 1464//1464 1465//1465
f 1559//1559 1557//1557 1464//1464
f 1561//1561 1559//1559 1465//1465
f 1470//1470 1569//1569 1566//1566
f 1473//1473 1569//1569 1470//1470
f 1474//1474 1571//1571 1569//1569
f 1474//1474 1569//1569 1473//1473
f 1476//1476 1573//1573 1571//1571
f 1476//1476 1571//1571 1474//1474
f 1480//1480 1579//1579 1577//1577
f 1482//1482 1580//1580 1579//1579
f 1482//1482 1579//1579 1480//1480
f 1483//1483 1486//1486 1580//1580
f 1483//1483 1580//1580 1482//1482
f 1400//1400 1486//1486 1483//1483
f 1399//1399 1487//1487 1486//1486
f 1399//1399 1486//1486 1400//1400
f 1403//1403 1489//1489 1487//1487
f 1403//1403 1487//1487 1399//1399
f 1404//1404 1490//1490 1489//1489
f 1404//1404 1489//1489 1403//1403
f 1455//1455 1452//1452 1545//1545
f 1545//1545 1452//1452 1543//1543
f 1452//1452 1450//1450 1543//1543
f 1455//1455 1545//1545 1547//1547
f 1456//1456 1455//1455 1547//1547
f 1450//1450 1448//1448 1542//1542
f 1543//1543 1450//1450 1542//1542
f 1456//1456 1547//1547 1549//1549
f 1542//1542 1448//1448 1541//1541
f 1457//1457 1456//1456 1550//1550
f 1456//1456 1549//1549 1550//1550
f 1448//1448 1447//1447 1540//1540
f 1541//1541 1448//1448 1540//1540
f 1458//1458 1457//1457 1551//1551
f 1457//1457 1550//1550 1551//1551
f 1447//1447 1446//1446 1539//1539
f 1540//1540 1447//1447 1539//1539
f 1458//1458 1551//1551 1552//1552
f 1459//1459 1458//1458 1552//1552
f 1446//1446 1445//1445 1538//1538
f 1539//1539 1446//1446 1538//1538
f 1461//1461 1459//1459 1553//1553
f 1459//1459 1552//1552 1553//1553
f 1445//1445 1442//1442 1536//1536
f 1538//1538 1445//1445 1536//1536
f 1461//1461 1553//1553 1555//1555
f 1536//1536 1442//1442 1534//1534
f 1463//1463 1461//1461 1556//1556
f 1461//1461 1555//1555 1556//1556
f 1442//1442 1440//1440 1532//1532
f 1534//1534 1442//1442 1532//1532
f 1466//1466 1463//1463 1558//1558
f 1463//1463 1556//1556 1558//1558
f 1440//1440 1438//1438 1531//1531
f 1532//1532 1440//1440 1531//1531
f 1467//1467 1466//1466 1560//1560
f 1466//1466 1558//1558 1560//1560
f 1438//1438 1437//1437 1529//1529
f 1531//1531 1438//1438 1529//1529
f 1468//1468 1467//1467 1562//1562
f 1467//1467 1560//1560 1562//1562
f 1529//1529 1437//1437 1528//1528
f 1528//1528 1437//1437 1436//1436
f 1468//1468 1562//1562 1563//1563
f 1468//1468 1563//1563 1469//1469
f 1528//1528 1436//1436 1527//1527
f 1469//1469 1563//1563 1564//1564
f 1436//1436 1435//1435 1526//1526
f 1527//1527 1436//1436 1526//1526
f 1469//1469 1564//1564 1565//1565
f 1469//1469 1565//1565 1471//1471
f 1526//1526 1435//1435 1525//1525
f 1525//1525 1435//1435 1433//1433
f 1471//1471 1565//1565 1567//1567
f 1525//1525 1433//1433 1522//1522
f 1471//1471 1567//1567 1472//1472
f 1472//1472 1567//1567 1568//1568
f 1522//1522 1433//1433 1430//1430
f 1522//1522 1430//1430 1520//1520
f 1472//1472 1568//1568 1475//1475
f 1568//1568 1570//1570 1475//1475
f 1520//1520 1430//1430 1429//1429
f 1519//1519 1520//1520 1429//1429
f 1519//1519 1429//1429 1517//1517
f 1570//1570 1572//1572 1477//1477
f 1475//1475 1570//1570 1477//1477
f 1477//1477 1572//1572 1574//1574
f 1517//1517 1429//1429 1427//1427
f 1516//1516 1517//1517 1427//1427
f 1574//1574 1575//1575 1478//1478
f 1477//1477 1574//1574 1478//1478
f 1516//1516 1427//1427 1426//1426
f 1515//1515 1516//1516 1426//1426
f 1575//1575 1576//1576 1479//1479
f 1478//1478 1575//1575 1479//1479
f 1514//1514 1515//1515 1425//1425
f 1515//1515 1426//1426 1425//1425
f 1576//1576 1578//1578 1481//1481
f 1479//1479 1576//1576 1481//1481
f 1509//1509 1511//1511 1423//1423
f 1511//1511 1514//1514 1423//1423
f 1514//1514 1425//1425 1423//1423
f 1578//1578 1485//1485 1401//1401
f 1485//1485 1488//1488 1401//1401
f 1481//1481 1578//1578 1401//1401
f 1508//1508 1509//1509 1420//1420
f 1509//1509 1423//1423 1420//1420
f 1488//1488 1491//1491 1402//1402
f 1401//1401 1488//1488 1402//1402
f 1508//1508 1420//1420 1419//1419
f 1506//1506 1508//1508 1419//1419
f 1402//1402 1491//1491 1405//1405
f 1491//1491 1492//1492 1405//1405
f 1506//1506 1419//1419 1417//1417
f 1505//1505 1506//1506 1417//1417
f 1492//1492 1493//1493 1406//1406
f 1405//1405 1492//1492 1406//1406
f 1505//1505 1417//1417 1416//1416
f 1504//1504 1505//1505 1416//1416
f 1493//1493 1494//1494 1407//1407
f 1494//1494 1495//1495 1407//1407
f 1406//1406 1493//1493 1407//1407
f 1504//1504 1416//1416 1415//1415
f 1501//1501 1502//1502 1415//1415
f 1502//1502 1504//1504 1415//1415
f 1407//1407 1495//1495 1408//1408
f 1495//1495 1497//1497 1408//1408
f 1501//1501 1415//1415 1412//1412
f 1498//1498 1501//1501 1412//1412
f 1408//1408 1497//1497 1410//1410
f 1498//1498 1412//1412 1410//1410
f 1497//1497 1498//1498 1410//1410
f 1583//1583 1605//1605 1603//1603
f 1583//1583 1581//1581 1605//1605
f 1598//1598 1601//1601 1599//1599
f 1589//1589 1587//1587 1585//1585
f 1589//1589 1585//1585 1583//1583
f 1594//1594 1598//1598 1596//1596
f 1594//1594 1603//1603 1601//1601
f 1594//1594 1601//1601 1598//1598
f 1592//1592 1583//1583 1603//1603
f 1592//1592 1603//1603 1594//1594
f 1588//1588 1592//1592 1590//1590
f 1586//1586 1589//1589 1583//1583
f 1586//1586 1583//1583 1592//1592
f 1586//1586 1592//1592 1588//1588
f 1600//1600 1597//1597 1595//1595
f 1602//1602 1595//1595 1593//1593
f 1602//1602 1600//1600 1595//1595
f 1584//1584 1591//1591 1589//1589
f 1584//1584 1593//1593 1591//1591
f 1584//1584 1586//1586 1582//1582
f 1584//1584 1589//1589 1586//1586
f 1584//1584 1602//1602 1593//1593
f 1604//1604 1602//1602 1584//1584
f 2206//2206 1630//1630 1636//1636
f 2206//2206 1636//1636 1642//1642
f 2206//2206 2207//2207 1630//1630
f 2208//2208 2206//2206 1642//1642
f 2209//2209 1642//1642 1650//1650
f 2209//2209 2208//2208 1642//1642
f 2210//2210 1661//1661 1672//1672
f 2210//2210 2211//2211 1661//1661
f 2212//2212 1650//1650 1655//1655
f 2212//2212 1655//1655 1659//1659
f 2212//2212 2209//2209 1650//1650
f 2213//2213 1672//1672 1678//1678
f 2213//2213 1678//1678 1684//1684
f 2213//2213 2210//2210 1672//1672
f 2214//2214 2212//2212 1659//1659
f 2211//2211 1659//1659 1661//1661
f 2215//2215 2213//2213 1684//1684
f 2211//2211 2214//2214 1659//1659
f 2216//2216 1684//1684 1690//1690
f 2216//2216 1690//1690 1696//1696
f 2216//2216 2215//2215 1684//1684
f 2217//2217 1696//1696 1702//1702
f 2217//2217 2216//2216 1696//1696
f 2218//2218 1702//1702 1708//1708
f 2218//2218 2217//2217 1702//1702
f 2219//2219 2218//2218 1708//1708
f 2220//2220 1708//1708 1714//1714
f 2220//2220 2219//2219 1708//1708
f 2221//2221 1714//1714 1720//1720
f 2221//2221 1720//1720 1726//1726
f 2221//2221 2220//2220 1714//1714
f 2222//2222 1726//1726 1732//1732
f 2222//2222 2221//2221 1726//1726
f 2223//2223 2222//2222 1732//1732
f 2224//2224 2223//2223 1732//1732
f 2224//2224 1732//1732 1738//1738
f 2224//2224 1738//1738 1744//1744
f 2225//2225 2224//2224 1744//1744
f 2225//2225 1744//1744 1750//1750
f 2226//2226 2225//2225 1750//1750
f 2227//2227 2226//2226 1750//1750
f 2227//2227 1750//1750 1755//1755
f 2228//2228 2227//2227 1755//1755
f 2228//2228 1755//1755 1617//1617
f 2228//2228 1617//1617 1616//1616
f 2229//2229 2228//2228 1616//1616
f 2230//2230 1616//1616 1624//1624
f 2230//2230 2229//2229 1616//1616
f 2207//2207 1624//1624 1630//1630
f 2207//2207 2230//2230 1624//1624
f 2231//2231 1780//1780 1786//1786
f 2231//2231 1786//1786 1792//1792
f 2231//2231 2232//2232 1780//1780
f 2233//2233 2231//2231 1792//1792
f 2234//2234 1792//1792 1800//1800
f 2234//2234 2233//2233 1792//1792
f 2235//2235 1811//1811 1822//1822
f 2235//2235 2236//2236 1811//1811
f 2237//2237 1800//1800 1805//1805
f 2237//2237 1805//1805 1809//1809
f 2237//2237 2234//2234 1800//1800
f 2238//2238 1822//1822 1828//1828
f 2238//2238 1828//1828 1834//1834
f 2238//2238 2235//2235 1822//1822
f 2239//2239 2237//2237 1809//1809
f 2236//2236 1809//1809 1811//1811
f 2240//2240 2238//2238 1834//1834
f 2236//2236 2239//2239 1809//1809
f 2241//2241 1834//1834 1840//1840
f 2241//2241 1840//1840 1846//1846
f 2241//2241 2240//2240 1834//1834
f 2242//2242 1846//1846 1852//1852
f 2242//2242 2241//2241 1846//1846
f 2243//2243 1852//1852 1858//1858
f 2243//2243 2242//2242 1852//1852
f 2244//2244 2243//2243 1858//1858
f 2245//2245 1858//1858 1864//1864
f 2245//2245 2244//2244 1858//1858
f 2246//2246 1864//1864 1870//1870
f 2246//2246 1870//1870 1876//1876
f 2246//2246 2245//2245 1864//1864
f 2247//2247 1876//1876 1882//1882
f 2247//2247 2246//2246 1876//1876
f 2248//2248 2247//2247 1882//1882
f 2249//2249 2248//2248 1882//1882
f 2249//2249 1882//1882 1888//1888
f 2249//2249 1888//1888 1894//1894
f 2250//2250 2249//2249 1894//1894
f 2250//2250 1894//1894 1900//1900
f 2251//2251 2250//2250 1900//1900
f 2252//2252 2251//2251 1900//1900
f 2252//2252 1900//1900 1905//1905
f 2253//2253 2252//2252 1905//1905
f 2253//2253 1905//1905 1767//1767
f 2253//2253 1767//1767 1766//1766
f 2254//2254 2253//2253 1766//1766
f 2255//2255 1766//1766 1774//1774
f 2255//2255 2254//2254 1766//1766
f 2232//2232 1774//1774 1780//1780
f 2232//2232 2255//2255 1774//1774
f 2256//2256 1930//1930 1936//1936
f 2256//2256 1936//1936 1942//1942
f 2256//2256 2257//2257 1930//1930
f 2258//2258 2256//2256 1942//1942
f 2259//2259 1942//1942 1950//1950
f 2259//2259 2258//2258 1942//1942
f 2260//2260 1961//1961 1972//1972
f 2260//2260 2261//2261 1961//1961
f 2262//2262 1950//1950 1955//1955
f 2262//2262 1955//1955 1959//1959
f 2262//2262 2259//2259 1950//1950
f 2263//2263 1972//1972 1978//1978
f 2263//2263 1978//1978 1984//1984
f 2263//2263 2260//2260 1972//1972
f 2264//2264 2262//2262 1959//1959
f 2261//2261 1959//1959 1961//1961
f 2265//2265 2263//2263 1984//1984
f 2261//2261 2264//2264 1959//1959
f 2266//2266 1984//1984 1990//1990
f 2266//2266 1990//1990 1996//1996
f 2266//2266 2265//2265 1984//1984
f 2267//2267 1996//1996 2002//2002
f 2267//2267 2266//2266 1996//1996
f 2268//2268 2002//2002 2008//2008
f 2268//2268 2267//2267 2002//2002
f 2269//2269 2268//2268 2008//2008
f 2270//2270 2008//2008 2014//2014
f 2270//2270 2269//2269 2008//2008
f 2271//2271 2014//2014 2020//2020
f 2271//2271 2020//2020 2026//2026
f 2271//2271 2270//2270 2014//2014
f 2272//2272 2026//2026 2032//2032
f 2272//2272 2271//2271 2026//2026
f 2273//2273 2272//2272 2032//2032
f 2274//2274 2273//2273 2032//2032
f 2274//2274 2032//2032 2038//2038
f 2274//2274 2038//2038 2044//2044
f 2275//2275 2274//2274 2044//2044
f 2275//2275 2044//2044 2050//2050
f 2276//2276 2275//2275 2050//2050
f 2277//2277 2276//2276 2050//2050
f 2277//2277 2050//2050 2055//2055
f 2278//2278 2277//2277 2055//2055
f 2278//2278 2055//2055 1917//1917
f 2278//2278 1917//1917 1916//1916
f 2279//2279 2278//2278 1916//1916
f 2280//2280 1916//1916 1924//1924
f 2280//2280 2279//2279 1916//1916
f 2257//2257 1924//1924 1930//1930
f 2257//2257 2280//2280 1924//1924
f 2281//2281 2080//2080 2086//2086
f 2281//2281 2086//2086 2092//2092
f 2281//2281 2282//2282 2080//2080
f 2283//2283 2281//2281 2092//2092
f 2284//2284 2092//2092 2100//2100
f 2284//2284 2283//2283 2092//2092
f 2285//2285 2111//2111 2122//2122
f 2285//2285 2286//2286 2111//2111
f 2287//2287 2100//2100 2105//2105
f 2287//2287 2105//2105 2109//2109
f 2287//2287 2284//2284 2100//2100
f 2288//2288 2122//2122 2128//2128
f 2288//2288 2128//2128 2134//2134
f 2288//2288 2285//2285 2122//2122
f 2289//2289 2287//2287 2109//2109
f 2286//2286 2109//2109 2111//2111
f 2290//2290 2288//2288 2134//2134
f 2286//2286 2289//2289 2109//2109
f 2291//2291 2134//2134 2140//2140
f 2291//2291 2140//2140 2146//2146
f 2291//2291 2290//2290 2134//2134
f 2292//2292 2146//2146 2152//2152
f 2292//2292 2291//2291 2146//2146
f 2293//2293 2152//2152 2158//2158
f 2293//2293 2292//2292 2152//2152
f 2294//2294 2293//2293 2158//2158
f 2295//2295 2158//2158 2164//2164
f 2295//2295 2294//2294 2158//2158
f 2296//2296 2164//2164 2170//2170
f 2296//2296 2170//2170 2176//2176
f 2296//2296 2295//2295 2164//2164
f 2297//2297 2176//2176 2182//2182
f 2297//2297 2296//2296 2176//2176
f 2298//2298 2297//2297 2182//2182
f 2299//2299 2298//2298 2182//2182
f 2299//2299 2182//2182 2188//2188
f 2299//2299 2188//2188 2194//2194
f 2300//2300 2299//2299 2194//2194
f 2300//2300 2194//2194 2200//2200
f 2301//2301 2300//2300 2200//2200
f 2302//2302 2301//2301 2200//2200
f 2302//2302 2200//2200 2205//2205
f 2303//2303 2302//2302 2205//2205
f 2303//2303 2205//2205 2067//2067
f 2303//2303 2067//2067 2066//2066
f 2304//2304 2303//2303 2066//2066
f 2305//2305 2066//2066 2074//2074
f 2305//2305 2304//2304 2066//2066
f 2282//2282 2074//2074 2080//2080
f 2282//2282 2305//2305 2074//2074
f 2208//2208 2209//2209 2212//2212
f 2208//2208 2212//2212 2206//2206
f 2206//2206 2212//2212 2207//2207
f 2230//2230 2207//2207 2229//2229
f 2207//2207 2212//2212 2229//2229
f 2211//2211 2210//2210 2213//2213
f 2229//2229 2212//2212 2228//2228
f 2213//2213 2215//2215 2216//2216
f 2227//2227 2228//2228 2226//2226
f 2228//2228 2212//2212 2226//2226
f 2212//2212 2214//2214 2225//2225
f 2214//2214 2211//2211 2225//2225
f 2211//2211 2213//2213 2225//2225
f 2226//2226 2212//2212 2225//2225
f 2216//2216 2217//2217 2219//2219
f 2217//2217 2218//2218 2219//2219
f 2224//2224 2225//2225 2223//2223
f 2225//2225 2213//2213 2223//2223
f 2213//2213 2216//2216 2220//2220
f 2216//2216 2219//2219 2220//2220
f 2223//2223 2213//2213 2220//2220
f 2223//2223 2220//2220 2222//2222
f 2222//2222 2220//2220 2221//2221
f 2233//2233 2234//2234 2231//2231
f 2234//2234 2237//2237 2231//2231
f 2232//2232 2231//2231 2255//2255
f 2236//2236 2235//2235 2238//2238
f 2237//2237 2239//2239 2238//2238
f 2239//2239 2236//2236 2238//2238
f 2231//2231 2237//2237 2238//2238
f 2238//2238 2240//2240 2241//2241
f 2252//2252 2253//2253 2251//2251
f 2253//2253 2254//2254 2251//2251
f 2241//2241 2242//2242 2243//2243
f 2250//2250 2251//2251 2243//2243
f 2254//2254 2255//2255 2243//2243
f 2255//2255 2231//2231 2243//2243
f 2231//2231 2238//2238 2243//2243
f 2251//2251 2254//2254 2243//2243
f 2238//2238 2241//2241 2243//2243
f 2249//2249 2250//2250 2248//2248
f 2243//2243 2244//2244 2245//2245
f 2250//2250 2243//2243 2245//2245
f 2248//2248 2250//2250 2245//2245
f 2248//2248 2245//2245 2247//2247
f 2247//2247 2245//2245 2246//2246
f 2258//2258 2259//2259 2262//2262
f 2262//2262 2264//2264 2261//2261
f 2257//2257 2256//2256 2280//2280
f 2256//2256 2258//2258 2280//2280
f 2261//2261 2260//2260 2263//2263
f 2258//2258 2262//2262 2263//2263
f 2262//2262 2261//2261 2263//2263
f 2279//2279 2280//2280 2278//2278
f 2263//2263 2265//2265 2266//2266
f 2258//2258 2263//2263 2266//2266
f 2277//2277 2278//2278 2276//2276
f 2266//2266 2267//2267 2268//2268
f 2280//2280 2258//2258 2268//2268
f 2258//2258 2266//2266 2268//2268
f 2275//2275 2276//2276 2274//2274
f 2280//2280 2268//2268 2269//2269
f 2273//2273 2274//2274 2272//2272
f 2269//2269 2270//2270 2271//2271
f 2278//2278 2280//2280 2271//2271
f 2276//2276 2278//2278 2271//2271
f 2274//2274 2276//2276 2271//2271
f 2280//2280 2269//2269 2271//2271
f 2272//2272 2274//2274 2271//2271
f 2283//2283 2284//2284 2281//2281
f 2281//2281 2284//2284 2282//2282
f 2287//2287 2289//2289 2286//2286
f 2305//2305 2282//2282 2304//2304
f 2286//2286 2285//2285 2288//2288
f 2282//2282 2284//2284 2303//2303
f 2304//2304 2282//2282 2303//2303
f 2302//2302 2303//2303 2301//2301
f 2284//2284 2287//2287 2301//2301
f 2287//2287 2286//2286 2301//2301
f 2303//2303 2284//2284 2301//2301
f 2288//2288 2290//2290 2292//2292
f 2290//2290 2291//2291 2292//2292
f 2301//2301 2286//2286 2300//2300
f 2286//2286 2288//2288 2299//2299
f 2300//2300 2286//2286 2299//2299
f 2292//2292 2293//2293 2294//2294
f 2292//2292 2294//2294 2295//2295
f 2297//2297 2298//2298 2296//2296
f 2298//2298 2299//2299 2296//2296
f 2288//2288 2292//2292 2296//2296
f 2299//2299 2288//2288 2296//2296
f 2292//2292 2295//2295 2296//2296

