# https://github.com/mikedh/trimesh
v -0.00883213 -0.00333409 0.00666618
v -0.00764381 -0.00325933 0.00666618
v -0.00883213 0.00333418 0.00666618
v -0.00764381 0.00325941 0.00666618
v -0.00319207 0.00800004 0.00666618
v 0.00334539 0.00859538 0.00666618
v -0.00334130 0.00918132 0.00666618
v 0.00364149 0.00974863 0.00666618
v 0.03115793 -0.01509996 0.00666618
v 0.02752053 -0.01125156 0.00666618
v 0.02660311 -0.01201052 0.00666618
v 0.02822039 -0.01028829 0.00666618
v -0.01265461 -0.00740462 0.00666618
v -0.01235851 -0.00625137 0.00666618
v -0.01934130 -0.00681868 0.00666618
v -0.01919207 -0.00799996 0.00666618
v 0.02552576 -0.01251748 0.00666618
v 0.02865870 -0.00918123 0.00666618
v -0.00996452 -0.00370203 0.00666618
v -0.00996452 0.00370211 0.00666618
v 0.02435619 -0.01274058 0.00666618
v 0.02880793 -0.00799996 0.00666618
v -0.00377961 0.01028837 0.00666618
v 0.00421510 0.01079202 0.00666618
v 0.02316787 -0.01266582 0.00666618
v -0.01178490 -0.00520798 0.00666618
v -0.01977961 -0.00571163 0.00666618
v 0.02865870 -0.00681868 0.00666618
v -0.01096983 -0.00434002 0.00666618
v -0.01096983 0.00434010 0.00666618
v 0.00503017 0.01165998 0.00666618
v -0.00447947 0.01125164 0.00666618
v -0.02047947 -0.00474836 0.00666618
v -0.00764381 -0.01274058 0.00666618
v -0.03104207 -0.01509996 0.00666618
v -0.02596452 -0.01229789 0.00666618
v -0.02696983 -0.01165990 0.00666618
v -0.02483213 -0.01266582 0.00666618
v -0.02364381 -0.01274058 0.00666618
v -0.02247424 -0.01251748 0.00666618
v -0.00883213 -0.01266582 0.00666618
v -0.02778490 -0.01079194 0.00666618
v 0.00603548 0.01229797 0.00666618
v -0.00539689 0.01201060 0.00666618
v 0.02752053 -0.00474836 0.00666618
v 0.02822039 -0.00571163 0.00666618
v 0.02752053 0.00474844 0.00666618
v -0.02835851 -0.00974855 0.00666618
v -0.00647424 0.01251756 0.00666618
v 0.00716787 0.01266591 0.00666618
v 0.02103017 -0.01165990 0.00666618
v 0.02021510 -0.01079194 0.00666618
v 0.01152053 -0.01125156 0.00666618
v -0.02865461 -0.00859529 0.00666618
v 0.02660311 -0.00398940 0.00666618
v 0.02660311 0.00398948 0.00666618
v 0.01060311 -0.01201052 0.00666618
v 0.02203548 -0.01229789 0.00666618
v 0.02822039 0.00571171 0.00666618
v -0.02865461 -0.00740462 0.00666618
v 0.01964149 -0.00974855 0.00666618
v 0.01222039 -0.01028829 0.00666618
v 0.02552576 -0.00348244 0.00666618
v 0.02552576 0.00348252 0.00666618
v 0.00952576 -0.01251748 0.00666618
v 0.02865870 0.00681877 0.00666618
v 0.01934539 -0.00859529 0.00666618
v 0.01265870 -0.00918123 0.00666618
v 0.02435619 -0.00325933 0.00666618
v 0.02435619 0.00325941 0.00666618
v -0.01178490 0.00520806 0.00666618
v -0.02047947 0.00474844 0.00666618
v 0.00835619 -0.01274058 0.00666618
v -0.02139689 0.00398948 0.00666618
v -0.02139689 -0.00398940 0.00666618
v 0.01934539 -0.00740462 0.00666618
v 0.01280793 -0.00799996 0.00666618
v 0.02316787 -0.00333409 0.00666618
v 0.02316787 0.00333418 0.00666618
v -0.01235851 0.00625145 0.00666618
v -0.01977961 0.00571171 0.00666618
v -0.02247424 0.00348252 0.00666618
v -0.02247424 -0.00348244 0.00666618
v 0.01964149 -0.00625137 0.00666618
v 0.01265870 -0.00681868 0.00666618
v -0.01265461 0.00740471 0.00666618
v -0.01934130 0.00681877 0.00666618
v 0.02203548 -0.00370203 0.00666618
v 0.02203548 0.00370211 0.00666618
v -0.02364381 0.00325941 0.00666618
v -0.02364381 -0.00325933 0.00666618
v -0.01265461 0.00859538 0.00666618
v -0.01919207 0.00800004 0.00666618
v 0.02021510 -0.00520798 0.00666618
v 0.01222039 -0.00571163 0.00666618
v -0.02483213 -0.00333409 0.00666618
v -0.02483213 0.00333418 0.00666618
v 0.02103017 -0.00434002 0.00666618
v 0.02103017 0.00434010 0.00666618
v -0.01235851 0.00974863 0.00666618
v -0.01934130 0.00918132 0.00666618
v -0.02596452 0.00370211 0.00666618
v -0.02596452 -0.00370203 0.00666618
v -0.01178490 0.01079202 0.00666618
v -0.01977961 0.01028837 0.00666618
v 0.01152053 -0.00474836 0.00666618
v 0.02880793 0.00800004 0.00666618
v 0.03115793 0.01510004 0.00666618
v -0.02696983 -0.00434002 0.00666618
v -0.02696983 0.00434010 0.00666618
v 0.02865870 0.00918132 0.00666618
v 0.02822039 0.01028837 0.00666618
v 0.02752053 0.01125164 0.00666618
v -0.01096983 0.01165998 0.00666618
v -0.02047947 0.01125164 0.00666618
v 0.02660311 0.01201060 0.00666618
v -0.02778490 -0.00520798 0.00666618
v -0.02778490 0.00520806 0.00666618
v -0.00996452 0.01229797 0.00666618
v -0.02139689 0.01201060 0.00666618
v -0.02835851 -0.00625137 0.00666618
v -0.02835851 0.00625145 0.00666618
v 0.02552576 0.01251756 0.00666618
v -0.00883213 0.01266591 0.00666618
v -0.02247424 0.01251756 0.00666618
v -0.02865461 0.00740471 0.00666618
v 0.02435619 0.01274067 0.00666618
v 0.02316787 0.01266591 0.00666618
v -0.03104207 0.01510004 0.00666618
v -0.02483213 0.01266591 0.00666618
v -0.02364381 0.01274067 0.00666618
v -0.02596452 0.01229797 0.00666618
v -0.02696983 0.01165998 0.00666618
v -0.02778490 0.01079202 0.00666618
v -0.02835851 0.00974863 0.00666618
v -0.02865461 0.00859538 0.00666618
v 0.00835619 0.01274067 0.00666618
v -0.00764381 0.01274067 0.00666618
v 0.00952576 0.01251756 0.00666618
v 0.00503017 -0.01165990 0.00666618
v 0.00421510 -0.01079194 0.00666618
v -0.00447947 -0.01125156 0.00666618
v 0.01152053 0.00474844 0.00666618
v 0.02021510 0.00520806 0.00666618
v 0.01060311 -0.00398940 0.00666618
v 0.01060311 0.00398948 0.00666618
v 0.00603548 -0.01229789 0.00666618
v -0.00539689 -0.01201052 0.00666618
v 0.01222039 0.00571171 0.00666618
v 0.01964149 0.00625145 0.00666618
v 0.00364149 -0.00974855 0.00666618
v -0.00377961 -0.01028829 0.00666618
v 0.00952576 0.00348252 0.00666618
v 0.00952576 -0.00348244 0.00666618
v 0.00716787 -0.01266582 0.00666618
v -0.00647424 -0.01251748 0.00666618
v 0.01265870 0.00681877 0.00666618
v 0.01934539 0.00740471 0.00666618
v 0.00334539 -0.00859529 0.00666618
v -0.00334130 -0.00918123 0.00666618
v 0.00835619 -0.00325933 0.00666618
v 0.00835619 0.00325941 0.00666618
v 0.01280793 0.00800004 0.00666618
v 0.01934539 0.00859538 0.00666618
v -0.00319207 -0.00799996 0.00666618
v 0.00334539 -0.00740462 0.00666618
v 0.00716787 -0.00333409 0.00666618
v 0.00716787 0.00333418 0.00666618
v 0.01265870 0.00918132 0.00666618
v 0.01964149 0.00974863 0.00666618
v 0.00364149 -0.00625137 0.00666618
v -0.00334130 -0.00681868 0.00666618
v 0.00603548 -0.00370203 0.00666618
v 0.00603548 0.00370211 0.00666618
v 0.02021510 0.01079202 0.00666618
v 0.01222039 0.01028837 0.00666618
v 0.00421510 -0.00520798 0.00666618
v -0.00377961 -0.00571163 0.00666618
v 0.00503017 -0.00434002 0.00666618
v 0.00503017 0.00434010 0.00666618
v 0.01152053 0.01125164 0.00666618
v 0.02103017 0.01165998 0.00666618
v -0.00447947 -0.00474836 0.00666618
v 0.01060311 0.01201060 0.00666618
v 0.02203548 0.01229797 0.00666618
v -0.00447947 0.00474844 0.00666618
v 0.00421510 0.00520806 0.00666618
v -0.01096983 -0.01165990 0.00666618
v -0.01178490 -0.01079194 0.00666618
v -0.02047947 -0.01125156 0.00666618
v -0.00539689 0.00398948 0.00666618
v -0.00539689 -0.00398940 0.00666618
v -0.02139689 -0.01201052 0.00666618
v -0.00996452 -0.01229789 0.00666618
v -0.00377961 0.00571171 0.00666618
v 0.00364149 0.00625145 0.00666618
v -0.01977961 -0.01028829 0.00666618
v -0.01235851 -0.00974855 0.00666618
v -0.00647424 -0.00348244 0.00666618
v -0.00647424 0.00348252 0.00666618
v 0.00334539 0.00740471 0.00666618
v -0.00334130 0.00681877 0.00666618
v -0.01265461 -0.00859529 0.00666618
v -0.01934130 -0.00918123 0.00666618
v 0.03115793 -0.01528113 0.00664233
v -0.03104207 -0.01528113 0.00664233
v 0.03115793 -0.01544996 0.00657240
v -0.03104207 -0.01544996 0.00657240
v 0.03115793 -0.01559493 0.00646116
v -0.03104207 -0.01559493 0.00646116
v 0.03115793 -0.01570618 0.00631618
v -0.03104207 -0.01570618 0.00631618
v 0.03115793 -0.01577611 0.00614735
v -0.03104207 -0.01577611 0.00614735
v 0.03115793 -0.01579996 0.00596618
v -0.03104207 -0.01579996 0.00596618
v -0.03122324 0.01510004 0.00664233
v -0.03122324 -0.01509996 0.00664233
v -0.03139207 0.01510004 0.00657240
v -0.03139207 -0.01509996 0.00657240
v -0.03153704 0.01510004 0.00646116
v -0.03153704 -0.01509996 0.00646116
v -0.03164829 0.01510004 0.00631618
v -0.03164829 -0.01509996 0.00631618
v -0.03171822 0.01510004 0.00614735
v -0.03171822 -0.01509996 0.00614735
v -0.03174207 0.01510004 0.00596618
v -0.03174207 -0.01509996 0.00596618
v 0.03133910 0.01510004 0.00664233
v 0.03133910 -0.01509996 0.00664233
v 0.03150793 0.01510004 0.00657240
v 0.03150793 -0.01509996 0.00657240
v 0.03165291 0.01510004 0.00646116
v 0.03165291 -0.01509996 0.00646116
v 0.03176415 0.01510004 0.00631618
v 0.03176415 -0.01509996 0.00631618
v 0.03183408 0.01510004 0.00614735
v 0.03183408 -0.01509996 0.00614735
v 0.03185793 0.01510004 0.00596618
v 0.03185793 -0.01509996 0.00596618
v -0.03104207 0.01528122 0.00664233
v 0.03115793 0.01528122 0.00664233
v 0.03115793 0.01545004 0.00657240
v -0.03104207 0.01545004 0.00657240
v -0.03104207 0.01559502 0.00646116
v 0.03115793 0.01559502 0.00646116
v -0.03104207 0.01570626 0.00631618
v 0.03115793 0.01570626 0.00631618
v -0.03104207 0.01577619 0.00614735
v 0.03115793 0.01577619 0.00614735
v 0.03115793 0.01580004 0.00596618
v -0.03104207 0.01580004 0.00596618
v 0.02752053 -0.01125156 0.01091618
v 0.02660311 -0.01201052 0.01091618
v 0.02822039 -0.01028829 0.01091618
v 0.02865870 -0.00681868 0.01091618
v 0.02880793 -0.00799996 0.01091618
v 0.02865870 -0.00918123 0.01091618
v 0.02822039 -0.00571163 0.01091618
v 0.02752053 -0.00474836 0.01091618
v 0.02660311 -0.00398940 0.01091618
v 0.02552576 -0.00348244 0.01091618
v 0.02435619 -0.00325933 0.01091618
v 0.02316787 -0.00333409 0.01091618
v 0.02203548 -0.00370203 0.01091618
v 0.02103017 -0.00434002 0.01091618
v 0.02021510 -0.00520798 0.01091618
v 0.01964149 -0.00625137 0.01091618
v 0.01934539 -0.00740462 0.01091618
v 0.01934539 -0.00859529 0.01091618
v 0.01964149 -0.00974855 0.01091618
v 0.02021510 -0.01079194 0.01091618
v 0.02103017 -0.01165990 0.01091618
v 0.02203548 -0.01229789 0.01091618
v 0.02316787 -0.01266582 0.01091618
v 0.02435619 -0.01274058 0.01091618
v 0.02552576 -0.01251748 0.01091618
v 0.01152053 -0.01125156 0.01091618
v 0.01060311 -0.01201052 0.01091618
v 0.01222039 -0.01028829 0.01091618
v 0.01265870 -0.00681868 0.01091618
v 0.01280793 -0.00799996 0.01091618
v 0.01265870 -0.00918123 0.01091618
v 0.01222039 -0.00571163 0.01091618
v 0.01152053 -0.00474836 0.01091618
v 0.01060311 -0.00398940 0.01091618
v 0.00952576 -0.00348244 0.01091618
v 0.00835619 -0.00325933 0.01091618
v 0.00716787 -0.00333409 0.01091618
v 0.00603548 -0.00370203 0.01091618
v 0.00503017 -0.00434002 0.01091618
v 0.00421510 -0.00520798 0.01091618
v 0.00364149 -0.00625137 0.01091618
v 0.00334539 -0.00740462 0.01091618
v 0.00334539 -0.00859529 0.01091618
v 0.00364149 -0.00974855 0.01091618
v 0.00421510 -0.01079194 0.01091618
v 0.00503017 -0.01165990 0.01091618
v 0.00603548 -0.01229789 0.01091618
v 0.00716787 -0.01266582 0.01091618
v 0.00835619 -0.01274058 0.01091618
v 0.00952576 -0.01251748 0.01091618
v -0.00447947 -0.01125156 0.01091618
v -0.00539689 -0.01201052 0.01091618
v -0.00377961 -0.01028829 0.01091618
v -0.00334130 -0.00681868 0.01091618
v -0.00319207 -0.00799996 0.01091618
v -0.00334130 -0.00918123 0.01091618
v -0.00377961 -0.00571163 0.01091618
v -0.00447947 -0.00474836 0.01091618
v -0.00539689 -0.00398940 0.01091618
v -0.00647424 -0.00348244 0.01091618
v -0.00764381 -0.00325933 0.01091618
v -0.00883213 -0.00333409 0.01091618
v -0.00996452 -0.00370203 0.01091618
v -0.01096983 -0.00434002 0.01091618
v -0.01178490 -0.00520798 0.01091618
v -0.01235851 -0.00625137 0.01091618
v -0.01265461 -0.00740462 0.01091618
v -0.01265461 -0.00859529 0.01091618
v -0.01235851 -0.00974855 0.01091618
v -0.01178490 -0.01079194 0.01091618
v -0.01096983 -0.01165990 0.01091618
v -0.00996452 -0.01229789 0.01091618
v -0.00883213 -0.01266582 0.01091618
v -0.00764381 -0.01274058 0.01091618
v -0.00647424 -0.01251748 0.01091618
v 0.02752053 0.00474844 0.01091618
v 0.02660311 0.00398948 0.01091618
v 0.02822039 0.00571171 0.01091618
v 0.02865870 0.00918132 0.01091618
v 0.02880793 0.00800004 0.01091618
v 0.02865870 0.00681877 0.01091618
v 0.02822039 0.01028837 0.01091618
v 0.02752053 0.01125164 0.01091618
v 0.02660311 0.01201060 0.01091618
v 0.02552576 0.01251756 0.01091618
v 0.02435619 0.01274067 0.01091618
v 0.02316787 0.01266591 0.01091618
v 0.02203548 0.01229797 0.01091618
v 0.02103017 0.01165998 0.01091618
v 0.02021510 0.01079202 0.01091618
v 0.01964149 0.00974863 0.01091618
v 0.01934539 0.00859538 0.01091618
v 0.01934539 0.00740471 0.01091618
v 0.01964149 0.00625145 0.01091618
v 0.02021510 0.00520806 0.01091618
v 0.02103017 0.00434010 0.01091618
v 0.02203548 0.00370211 0.01091618
v 0.02316787 0.00333418 0.01091618
v 0.02435619 0.00325941 0.01091618
v 0.02552576 0.00348252 0.01091618
v -0.00447947 0.00474844 0.01091618
v -0.00539689 0.00398948 0.01091618
v -0.00377961 0.00571171 0.01091618
v -0.00334130 0.00918132 0.01091618
v -0.00319207 0.00800004 0.01091618
v -0.00334130 0.00681877 0.01091618
v -0.00377961 0.01028837 0.01091618
v -0.00447947 0.01125164 0.01091618
v -0.00539689 0.01201060 0.01091618
v -0.00647424 0.01251756 0.01091618
v -0.00764381 0.01274067 0.01091618
v -0.00883213 0.01266591 0.01091618
v -0.00996452 0.01229797 0.01091618
v -0.01096983 0.01165998 0.01091618
v -0.01178490 0.01079202 0.01091618
v -0.01235851 0.00974863 0.01091618
v -0.01265461 0.00859538 0.01091618
v -0.01265461 0.00740471 0.01091618
v -0.01235851 0.00625145 0.01091618
v -0.01178490 0.00520806 0.01091618
v -0.01096983 0.00434010 0.01091618
v -0.00996452 0.00370211 0.01091618
v -0.00883213 0.00333418 0.01091618
v -0.00764381 0.00325941 0.01091618
v -0.00647424 0.00348252 0.01091618
v 0.01152053 0.00474844 0.01091618
v 0.01060311 0.00398948 0.01091618
v 0.01222039 0.00571171 0.01091618
v 0.01265870 0.00918132 0.01091618
v 0.01280793 0.00800004 0.01091618
v 0.01265870 0.00681877 0.01091618
v 0.01222039 0.01028837 0.01091618
v 0.01152053 0.01125164 0.01091618
v 0.01060311 0.01201060 0.01091618
v 0.00952576 0.01251756 0.01091618
v 0.00835619 0.01274067 0.01091618
v 0.00716787 0.01266591 0.01091618
v 0.00603548 0.01229797 0.01091618
v 0.00503017 0.01165998 0.01091618
v 0.00421510 0.01079202 0.01091618
v 0.00364149 0.00974863 0.01091618
v 0.00334539 0.00859538 0.01091618
v 0.00334539 0.00740471 0.01091618
v 0.00364149 0.00625145 0.01091618
v 0.00421510 0.00520806 0.01091618
v 0.00503017 0.00434010 0.01091618
v 0.00603548 0.00370211 0.01091618
v 0.00716787 0.00333418 0.01091618
v 0.00835619 0.00325941 0.01091618
v 0.00952576 0.00348252 0.01091618
v -0.02047947 -0.01125156 0.01091618
v -0.02139689 -0.01201052 0.01091618
v -0.01977961 -0.01028829 0.01091618
v -0.01934130 -0.00681868 0.01091618
v -0.01919207 -0.00799996 0.01091618
v -0.01934130 -0.00918123 0.01091618
v -0.01977961 -0.00571163 0.01091618
v -0.02047947 -0.00474836 0.01091618
v -0.02139689 -0.00398940 0.01091618
v -0.02247424 -0.00348244 0.01091618
v -0.02364381 -0.00325933 0.01091618
v -0.02483213 -0.00333409 0.01091618
v -0.02596452 -0.00370203 0.01091618
v -0.02696983 -0.00434002 0.01091618
v -0.02778490 -0.00520798 0.01091618
v -0.02835851 -0.00625137 0.01091618
v -0.02865461 -0.00740462 0.01091618
v -0.02865461 -0.00859529 0.01091618
v -0.02835851 -0.00974855 0.01091618
v -0.02778490 -0.01079194 0.01091618
v -0.02696983 -0.01165990 0.01091618
v -0.02596452 -0.01229789 0.01091618
v -0.02483213 -0.01266582 0.01091618
v -0.02364381 -0.01274058 0.01091618
v -0.02247424 -0.01251748 0.01091618
v -0.02047947 0.00474844 0.01091618
v -0.02139689 0.00398948 0.01091618
v -0.01977961 0.00571171 0.01091618
v -0.01934130 0.00918132 0.01091618
v -0.01919207 0.00800004 0.01091618
v -0.01934130 0.00681877 0.01091618
v -0.01977961 0.01028837 0.01091618
v -0.02047947 0.01125164 0.01091618
v -0.02139689 0.01201060 0.01091618
v -0.02247424 0.01251756 0.01091618
v -0.02364381 0.01274067 0.01091618
v -0.02483213 0.01266591 0.01091618
v -0.02596452 0.01229797 0.01091618
v -0.02696983 0.01165998 0.01091618
v -0.02778490 0.01079202 0.01091618
v -0.02835851 0.00974863 0.01091618
v -0.02865461 0.00859538 0.01091618
v -0.02865461 0.00740471 0.01091618
v -0.02835851 0.00625145 0.01091618
v -0.02778490 0.00520806 0.01091618
v -0.02696983 0.00434010 0.01091618
v -0.02596452 0.00370211 0.01091618
v -0.02483213 0.00333418 0.01091618
v -0.02364381 0.00325941 0.01091618
v -0.02247424 0.00348252 0.01091618
v -0.03122324 -0.01577611 0.00596618
v -0.03164829 -0.01523390 0.00628954
v -0.03164829 -0.01542332 0.00610012
v -0.03171822 -0.01528113 0.00596618
v -0.03164829 -0.01544996 0.00596618
v -0.03153704 -0.01559493 0.00596618
v -0.03139207 -0.01540307 0.00649118
v -0.03139207 -0.01562496 0.00626929
v -0.03139207 -0.01570618 0.00596618
v -0.03171822 -0.01525060 0.00606683
v 0.03133910 -0.01577611 0.00596618
v 0.03176415 -0.01523390 0.00628954
v 0.03176415 -0.01544996 0.00596618
v 0.03183408 -0.01528113 0.00596618
v 0.03176415 -0.01542332 0.00610012
v 0.03165291 -0.01559493 0.00596618
v 0.03150793 -0.01540307 0.00649118
v 0.03150793 -0.01570618 0.00596618
v 0.03150793 -0.01562496 0.00626929
v 0.03183408 -0.01520061 0.00611682
v -0.03104207 -0.01579996 -0.01233382
v 0.03115793 -0.01579996 -0.01233382
v -0.03171822 0.01528122 0.00596618
v -0.03117601 0.01570626 0.00628954
v -0.03136543 0.01570626 0.00610012
v -0.03122324 0.01577619 0.00596618
v -0.03139207 0.01570626 0.00596618
v -0.03153704 0.01559502 0.00596618
v -0.03134518 0.01545004 0.00649118
v -0.03156707 0.01545004 0.00626929
v -0.03164829 0.01545004 0.00596618
v -0.03119271 0.01577619 0.00606683
v -0.03174207 0.01510004 -0.01233382
v -0.03174207 -0.01509996 -0.01233382
v 0.03185793 -0.01509996 -0.01233382
v 0.03185793 0.01510004 -0.01233382
v 0.03183408 0.01528122 0.00596618
v 0.03129187 0.01570626 0.00628954
v 0.03150793 0.01570626 0.00596618
v 0.03133910 0.01577619 0.00596618
v 0.03148129 0.01570626 0.00610012
v 0.03165291 0.01559502 0.00596618
v 0.03146104 0.01545004 0.00649118
v 0.03176415 0.01545004 0.00596618
v 0.03168293 0.01545004 0.00626929
v 0.03125858 0.01577619 0.00611682
v 0.03115793 0.01580004 -0.01233382
v -0.03104207 0.01580004 -0.01233382
v 0.02550506 -0.01245377 0.01116618
v 0.02435198 -0.01267373 0.01116618
v 0.02552050 -0.01250127 0.01104559
v 0.02434049 -0.01249108 0.01134919
v 0.02321472 -0.01242025 0.01134919
v 0.02319531 -0.01252197 0.01126973
v 0.02434699 -0.01259443 0.01126973
v 0.02659398 -0.01199613 0.01104559
v 0.02548051 -0.01237820 0.01126973
v 0.02433292 -0.01237073 0.01139914
v 0.02537125 -0.01204195 0.01141618
v 0.02432479 -0.01224157 0.01141618
v 0.02323731 -0.01230180 0.01139914
v 0.02656722 -0.01195396 0.01116618
v 0.02544851 -0.01227971 0.01134919
v 0.02750811 -0.01123989 0.01104559
v 0.02817441 -0.00694303 0.01141618
v 0.02830793 -0.00799996 0.01141618
v 0.02843734 -0.00799996 0.01139914
v 0.02652464 -0.01188687 0.01126973
v 0.02541124 -0.01216502 0.01139914
v 0.02633519 -0.01158835 0.01141618
v 0.02747170 -0.01120570 0.01116618
v 0.02646915 -0.01179943 0.01134919
v 0.02820546 -0.01028008 0.01104559
v 0.02741378 -0.01115131 0.01126973
v 0.02640453 -0.01169762 0.01139914
v 0.02715605 -0.01090928 0.01141618
v 0.02816169 -0.01025602 0.01116618
v 0.02733829 -0.01108042 0.01134919
v 0.02864220 -0.00917700 0.01104559
v 0.02879089 -0.00799996 0.01104559
v 0.02809206 -0.01021774 0.01126973
v 0.02725038 -0.01099787 0.01139914
v 0.02778224 -0.01004741 0.01141618
v 0.02859382 -0.00916458 0.01116618
v 0.02874094 -0.00799996 0.01116618
v 0.02866148 -0.00799996 0.01126973
v 0.02800131 -0.01016785 0.01134919
v 0.02851685 -0.00914482 0.01126973
v 0.02855793 -0.00799996 0.01134919
v 0.02789564 -0.01010975 0.01139914
v 0.02817441 -0.00905689 0.01141618
v 0.02841655 -0.00911906 0.01134919
v 0.02829975 -0.00908907 0.01139914
v 0.02864220 -0.00682292 0.01104559
v 0.02859382 -0.00683534 0.01116618
v 0.02820546 -0.00571984 0.01104559
v 0.02851685 -0.00685510 0.01126973
v 0.02816169 -0.00574390 0.01116618
v 0.02841655 -0.00688085 0.01134919
v 0.02750811 -0.00476002 0.01104559
v 0.02809206 -0.00578218 0.01126973
v 0.02829975 -0.00691084 0.01139914
v 0.02778224 -0.00595250 0.01141618
v 0.02747170 -0.00479422 0.01116618
v 0.02800131 -0.00583207 0.01134919
v 0.02659398 -0.00400379 0.01104559
v 0.02741378 -0.00484861 0.01126973
v 0.02789564 -0.00589016 0.01139914
v 0.02715605 -0.00509063 0.01141618
v 0.02656722 -0.00404596 0.01116618
v 0.02733829 -0.00491950 0.01134919
v 0.02552050 -0.00349864 0.01104559
v 0.02652464 -0.00411305 0.01126973
v 0.02550506 -0.00354615 0.01116618
v 0.02725038 -0.00500205 0.01139914
v 0.02633519 -0.00441156 0.01141618
v 0.02646915 -0.00420048 0.01134919
v 0.02435511 -0.00327633 0.01104559
v 0.02548051 -0.00362172 0.01126973
v 0.02640453 -0.00430230 0.01139914
v 0.02537125 -0.00395797 0.01141618
v 0.02435198 -0.00332619 0.01116618
v 0.02544851 -0.00372020 0.01134919
v 0.02317106 -0.00335083 0.01104559
v 0.02434699 -0.00340549 0.01126973
v 0.02318042 -0.00339989 0.01116618
v 0.02541124 -0.00383489 0.01139914
v 0.02432479 -0.00375834 0.01141618
v 0.02204273 -0.00371745 0.01104559
v 0.02434049 -0.00350884 0.01134919
v 0.02319531 -0.00347795 0.01126973
v 0.02433292 -0.00362919 0.01139914
v 0.02326156 -0.00382524 0.01141618
v 0.02206400 -0.00376264 0.01116618
v 0.02321472 -0.00357967 0.01134919
v 0.02104103 -0.00435315 0.01104559
v 0.02209783 -0.00383454 0.01126973
v 0.02323731 -0.00369812 0.01139914
v 0.02224837 -0.00415444 0.01141618
v 0.02107287 -0.00439163 0.01116618
v 0.02214192 -0.00392824 0.01134919
v 0.02022888 -0.00521799 0.01104559
v 0.02112352 -0.00445286 0.01126973
v 0.02219327 -0.00403735 0.01139914
v 0.02134888 -0.00472528 0.01141618
v 0.02026930 -0.00524735 0.01116618
v 0.02118952 -0.00453265 0.01134919
v 0.01965733 -0.00625764 0.01104559
v 0.02033358 -0.00529406 0.01126973
v 0.02126639 -0.00462556 0.01139914
v 0.02061961 -0.00550187 0.01141618
v 0.01970377 -0.00627603 0.01116618
v 0.02041736 -0.00535492 0.01134919
v 0.01936229 -0.00740676 0.01104559
v 0.01977765 -0.00630528 0.01126973
v 0.02051491 -0.00542581 0.01139914
v 0.02010638 -0.00643543 0.01141618
v 0.01941184 -0.00741302 0.01116618
v 0.01987394 -0.00634340 0.01134919
v 0.01936229 -0.00859316 0.01104559
v 0.01949068 -0.00742298 0.01126973
v 0.01998606 -0.00638779 0.01139914
v 0.01984144 -0.00746729 0.01141618
v 0.01941184 -0.00858689 0.01116618
v 0.01959342 -0.00743596 0.01134919
v 0.01965733 -0.00974228 0.01104559
v 0.01949068 -0.00857694 0.01126973
v 0.01971306 -0.00745107 0.01139914
v 0.01984144 -0.00853262 0.01141618
v 0.01970377 -0.00972389 0.01116618
v 0.01959342 -0.00856396 0.01134919
v 0.02022888 -0.01078192 0.01104559
v 0.01977765 -0.00969464 0.01126973
v 0.01971306 -0.00854884 0.01139914
v 0.02010638 -0.00956449 0.01141618
v 0.02026930 -0.01075256 0.01116618
v 0.01987394 -0.00965652 0.01134919
v 0.02104103 -0.01164677 0.01104559
v 0.02033358 -0.01070586 0.01126973
v 0.01998606 -0.00961213 0.01139914
v 0.02061961 -0.01049805 0.01141618
v 0.02107287 -0.01160828 0.01116618
v 0.02041736 -0.01064499 0.01134919
v 0.02204273 -0.01228247 0.01104559
v 0.02112352 -0.01154706 0.01126973
v 0.02051491 -0.01057411 0.01139914
v 0.02134888 -0.01127464 0.01141618
v 0.02206400 -0.01223727 0.01116618
v 0.02118952 -0.01146727 0.01134919
v 0.02317106 -0.01264909 0.01104559
v 0.02209783 -0.01216538 0.01126973
v 0.02126639 -0.01137435 0.01139914
v 0.02224837 -0.01184547 0.01141618
v 0.02318042 -0.01260002 0.01116618
v 0.02214192 -0.01207168 0.01134919
v 0.02435511 -0.01272358 0.01104559
v 0.02219327 -0.01196257 0.01139914
v 0.02326156 -0.01217468 0.01141618
v 0.00950506 -0.01245377 0.01116618
v 0.00835198 -0.01267373 0.01116618
v 0.00952050 -0.01250127 0.01104559
v 0.00834049 -0.01249108 0.01134919
v 0.00721472 -0.01242025 0.01134919
v 0.00719531 -0.01252197 0.01126973
v 0.00834699 -0.01259443 0.01126973
v 0.01059398 -0.01199613 0.01104559
v 0.00948051 -0.01237820 0.01126973
v 0.00833292 -0.01237073 0.01139914
v 0.00937125 -0.01204195 0.01141618
v 0.00832479 -0.01224157 0.01141618
v 0.00723731 -0.01230180 0.01139914
v 0.01056722 -0.01195396 0.01116618
v 0.00944851 -0.01227971 0.01134919
v 0.01150811 -0.01123989 0.01104559
v 0.01217441 -0.00694303 0.01141618
v 0.01230793 -0.00799996 0.01141618
v 0.01243734 -0.00799996 0.01139914
v 0.01052464 -0.01188687 0.01126973
v 0.00941124 -0.01216502 0.01139914
v 0.01033519 -0.01158835 0.01141618
v 0.01147170 -0.01120570 0.01116618
v 0.01046915 -0.01179943 0.01134919
v 0.01220546 -0.01028008 0.01104559
v 0.01141378 -0.01115131 0.01126973
v 0.01040453 -0.01169762 0.01139914
v 0.01115605 -0.01090928 0.01141618
v 0.01216169 -0.01025602 0.01116618
v 0.01133829 -0.01108042 0.01134919
v 0.01264220 -0.00917700 0.01104559
v 0.01279089 -0.00799996 0.01104559
v 0.01209206 -0.01021774 0.01126973
v 0.01125038 -0.01099787 0.01139914
v 0.01178224 -0.01004741 0.01141618
v 0.01259382 -0.00916458 0.01116618
v 0.01274094 -0.00799996 0.01116618
v 0.01266148 -0.00799996 0.01126973
v 0.01200131 -0.01016785 0.01134919
v 0.01251685 -0.00914482 0.01126973
v 0.01255793 -0.00799996 0.01134919
v 0.01189564 -0.01010975 0.01139914
v 0.01217441 -0.00905689 0.01141618
v 0.01241655 -0.00911906 0.01134919
v 0.01229975 -0.00908907 0.01139914
v 0.01264220 -0.00682292 0.01104559
v 0.01259382 -0.00683534 0.01116618
v 0.01220546 -0.00571984 0.01104559
v 0.01251685 -0.00685510 0.01126973
v 0.01216169 -0.00574390 0.01116618
v 0.01241655 -0.00688085 0.01134919
v 0.01150811 -0.00476002 0.01104559
v 0.01209206 -0.00578218 0.01126973
v 0.01229975 -0.00691084 0.01139914
v 0.01178224 -0.00595250 0.01141618
v 0.01147170 -0.00479422 0.01116618
v 0.01200131 -0.00583207 0.01134919
v 0.01059398 -0.00400379 0.01104559
v 0.01141378 -0.00484861 0.01126973
v 0.01189564 -0.00589016 0.01139914
v 0.01115605 -0.00509063 0.01141618
v 0.01056722 -0.00404596 0.01116618
v 0.01133829 -0.00491950 0.01134919
v 0.00952050 -0.00349864 0.01104559
v 0.01052464 -0.00411305 0.01126973
v 0.00950506 -0.00354615 0.01116618
v 0.01125038 -0.00500205 0.01139914
v 0.01033519 -0.00441156 0.01141618
v 0.01046915 -0.00420048 0.01134919
v 0.00835511 -0.00327633 0.01104559
v 0.00948051 -0.00362172 0.01126973
v 0.01040453 -0.00430230 0.01139914
v 0.00937125 -0.00395797 0.01141618
v 0.00835198 -0.00332619 0.01116618
v 0.00944851 -0.00372020 0.01134919
v 0.00717106 -0.00335083 0.01104559
v 0.00834699 -0.00340549 0.01126973
v 0.00718042 -0.00339989 0.01116618
v 0.00941124 -0.00383489 0.01139914
v 0.00832479 -0.00375834 0.01141618
v 0.00604273 -0.00371745 0.01104559
v 0.00834049 -0.00350884 0.01134919
v 0.00719531 -0.00347795 0.01126973
v 0.00833292 -0.00362919 0.01139914
v 0.00726156 -0.00382524 0.01141618
v 0.00606400 -0.00376264 0.01116618
v 0.00721472 -0.00357967 0.01134919
v 0.00504103 -0.00435315 0.01104559
v 0.00609783 -0.00383454 0.01126973
v 0.00723731 -0.00369812 0.01139914
v 0.00624837 -0.00415444 0.01141618
v 0.00507287 -0.00439163 0.01116618
v 0.00614192 -0.00392824 0.01134919
v 0.00422888 -0.00521799 0.01104559
v 0.00512352 -0.00445286 0.01126973
v 0.00619327 -0.00403735 0.01139914
v 0.00534888 -0.00472528 0.01141618
v 0.00426930 -0.00524735 0.01116618
v 0.00518952 -0.00453265 0.01134919
v 0.00365733 -0.00625764 0.01104559
v 0.00433358 -0.00529406 0.01126973
v 0.00526639 -0.00462556 0.01139914
v 0.00461961 -0.00550187 0.01141618
v 0.00370377 -0.00627603 0.01116618
v 0.00441736 -0.00535492 0.01134919
v 0.00336229 -0.00740676 0.01104559
v 0.00377765 -0.00630528 0.01126973
v 0.00451491 -0.00542581 0.01139914
v 0.00410638 -0.00643543 0.01141618
v 0.00341184 -0.00741302 0.01116618
v 0.00387394 -0.00634340 0.01134919
v 0.00336229 -0.00859316 0.01104559
v 0.00349068 -0.00742298 0.01126973
v 0.00398606 -0.00638779 0.01139914
v 0.00384144 -0.00746729 0.01141618
v 0.00341184 -0.00858689 0.01116618
v 0.00359342 -0.00743596 0.01134919
v 0.00365733 -0.00974228 0.01104559
v 0.00349068 -0.00857694 0.01126973
v 0.00371306 -0.00745107 0.01139914
v 0.00384144 -0.00853262 0.01141618
v 0.00370377 -0.00972389 0.01116618
v 0.00359342 -0.00856396 0.01134919
v 0.00422888 -0.01078192 0.01104559
v 0.00377765 -0.00969464 0.01126973
v 0.00371306 -0.00854884 0.01139914
v 0.00410638 -0.00956449 0.01141618
v 0.00426930 -0.01075256 0.01116618
v 0.00387394 -0.00965652 0.01134919
v 0.00504103 -0.01164677 0.01104559
v 0.00433358 -0.01070586 0.01126973
v 0.00398606 -0.00961213 0.01139914
v 0.00461961 -0.01049805 0.01141618
v 0.00507287 -0.01160828 0.01116618
v 0.00441736 -0.01064499 0.01134919
v 0.00604273 -0.01228247 0.01104559
v 0.00512352 -0.01154706 0.01126973
v 0.00451491 -0.01057411 0.01139914
v 0.00534888 -0.01127464 0.01141618
v 0.00606400 -0.01223727 0.01116618
v 0.00518952 -0.01146727 0.01134919
v 0.00717106 -0.01264909 0.01104559
v 0.00609783 -0.01216538 0.01126973
v 0.00526639 -0.01137435 0.01139914
v 0.00624837 -0.01184547 0.01141618
v 0.00718042 -0.01260002 0.01116618
v 0.00614192 -0.01207168 0.01134919
v 0.00835511 -0.01272358 0.01104559
v 0.00619327 -0.01196257 0.01139914
v 0.00726156 -0.01217468 0.01141618
v -0.00649494 -0.01245377 0.01116618
v -0.00764802 -0.01267373 0.01116618
v -0.00647950 -0.01250127 0.01104559
v -0.00765951 -0.01249108 0.01134919
v -0.00878528 -0.01242025 0.01134919
v -0.00880469 -0.01252197 0.01126973
v -0.00765301 -0.01259443 0.01126973
v -0.00540602 -0.01199613 0.01104559
v -0.00651949 -0.01237820 0.01126973
v -0.00766708 -0.01237073 0.01139914
v -0.00662875 -0.01204195 0.01141618
v -0.00767521 -0.01224157 0.01141618
v -0.00876269 -0.01230180 0.01139914
v -0.00543279 -0.01195396 0.01116618
v -0.00655149 -0.01227971 0.01134919
v -0.00449189 -0.01123989 0.01104559
v -0.00382559 -0.00694303 0.01141618
v -0.00369207 -0.00799996 0.01141618
v -0.00356266 -0.00799996 0.01139914
v -0.00547536 -0.01188687 0.01126973
v -0.00658876 -0.01216502 0.01139914
v -0.00566481 -0.01158835 0.01141618
v -0.00452830 -0.01120570 0.01116618
v -0.00553085 -0.01179943 0.01134919
v -0.00379454 -0.01028008 0.01104559
v -0.00458622 -0.01115131 0.01126973
v -0.00559546 -0.01169762 0.01139914
v -0.00484395 -0.01090928 0.01141618
v -0.00383831 -0.01025602 0.01116618
v -0.00466171 -0.01108042 0.01134919
v -0.00335780 -0.00917700 0.01104559
v -0.00320911 -0.00799996 0.01104559
v -0.00390794 -0.01021774 0.01126973
v -0.00474962 -0.01099787 0.01139914
v -0.00421776 -0.01004741 0.01141618
v -0.00340618 -0.00916458 0.01116618
v -0.00325906 -0.00799996 0.01116618
v -0.00333852 -0.00799996 0.01126973
v -0.00399869 -0.01016785 0.01134919
v -0.00348314 -0.00914482 0.01126973
v -0.00344207 -0.00799996 0.01134919
v -0.00410436 -0.01010975 0.01139914
v -0.00382559 -0.00905689 0.01141618
v -0.00358345 -0.00911906 0.01134919
v -0.00370025 -0.00908907 0.01139914
v -0.00335780 -0.00682292 0.01104559
v -0.00340618 -0.00683534 0.01116618
v -0.00379454 -0.00571984 0.01104559
v -0.00348314 -0.00685510 0.01126973
v -0.00383831 -0.00574390 0.01116618
v -0.00358345 -0.00688085 0.01134919
v -0.00449189 -0.00476002 0.01104559
v -0.00390794 -0.00578218 0.01126973
v -0.00370025 -0.00691084 0.01139914
v -0.00421776 -0.00595250 0.01141618
v -0.00452830 -0.00479422 0.01116618
v -0.00399869 -0.00583207 0.01134919
v -0.00540602 -0.00400379 0.01104559
v -0.00458622 -0.00484861 0.01126973
v -0.00410436 -0.00589016 0.01139914
v -0.00484395 -0.00509063 0.01141618
v -0.00543279 -0.00404596 0.01116618
v -0.00466171 -0.00491950 0.01134919
v -0.00647950 -0.00349864 0.01104559
v -0.00547536 -0.00411305 0.01126973
v -0.00649494 -0.00354615 0.01116618
v -0.00474962 -0.00500205 0.01139914
v -0.00566481 -0.00441156 0.01141618
v -0.00553085 -0.00420048 0.01134919
v -0.00764488 -0.00327633 0.01104559
v -0.00651949 -0.00362172 0.01126973
v -0.00559546 -0.00430230 0.01139914
v -0.00662875 -0.00395797 0.01141618
v -0.00764802 -0.00332619 0.01116618
v -0.00655149 -0.00372020 0.01134919
v -0.00882894 -0.00335083 0.01104559
v -0.00765301 -0.00340549 0.01126973
v -0.00881958 -0.00339989 0.01116618
v -0.00658876 -0.00383489 0.01139914
v -0.00767521 -0.00375834 0.01141618
v -0.00995727 -0.00371745 0.01104559
v -0.00765951 -0.00350884 0.01134919
v -0.00880469 -0.00347795 0.01126973
v -0.00766708 -0.00362919 0.01139914
v -0.00873844 -0.00382524 0.01141618
v -0.00993600 -0.00376264 0.01116618
v -0.00878528 -0.00357967 0.01134919
v -0.01095897 -0.00435315 0.01104559
v -0.00990217 -0.00383454 0.01126973
v -0.00876269 -0.00369812 0.01139914
v -0.00975163 -0.00415444 0.01141618
v -0.01092713 -0.00439163 0.01116618
v -0.00985808 -0.00392824 0.01134919
v -0.01177112 -0.00521799 0.01104559
v -0.01087648 -0.00445286 0.01126973
v -0.00980673 -0.00403735 0.01139914
v -0.01065112 -0.00472528 0.01141618
v -0.01173071 -0.00524735 0.01116618
v -0.01081048 -0.00453265 0.01134919
v -0.01234267 -0.00625764 0.01104559
v -0.01166642 -0.00529406 0.01126973
v -0.01073361 -0.00462556 0.01139914
v -0.01138039 -0.00550187 0.01141618
v -0.01229622 -0.00627603 0.01116618
v -0.01158265 -0.00535492 0.01134919
v -0.01263771 -0.00740676 0.01104559
v -0.01222234 -0.00630528 0.01126973
v -0.01148509 -0.00542581 0.01139914
v -0.01189362 -0.00643543 0.01141618
v -0.01258815 -0.00741302 0.01116618
v -0.01212606 -0.00634340 0.01134919
v -0.01263771 -0.00859316 0.01104559
v -0.01250932 -0.00742298 0.01126973
v -0.01201394 -0.00638779 0.01139914
v -0.01215856 -0.00746729 0.01141618
v -0.01258815 -0.00858689 0.01116618
v -0.01240658 -0.00743596 0.01134919
v -0.01234267 -0.00974228 0.01104559
v -0.01250932 -0.00857694 0.01126973
v -0.01228695 -0.00745107 0.01139914
v -0.01215856 -0.00853262 0.01141618
v -0.01229622 -0.00972389 0.01116618
v -0.01240658 -0.00856396 0.01134919
v -0.01177112 -0.01078192 0.01104559
v -0.01222234 -0.00969464 0.01126973
v -0.01228695 -0.00854884 0.01139914
v -0.01189362 -0.00956449 0.01141618
v -0.01173071 -0.01075256 0.01116618
v -0.01212606 -0.00965652 0.01134919
v -0.01095897 -0.01164677 0.01104559
v -0.01166642 -0.01070586 0.01126973
v -0.01201394 -0.00961213 0.01139914
v -0.01138039 -0.01049805 0.01141618
v -0.01092713 -0.01160828 0.01116618
v -0.01158265 -0.01064499 0.01134919
v -0.00995727 -0.01228247 0.01104559
v -0.01087648 -0.01154706 0.01126973
v -0.01148509 -0.01057411 0.01139914
v -0.01065112 -0.01127464 0.01141618
v -0.00993600 -0.01223727 0.01116618
v -0.01081048 -0.01146727 0.01134919
v -0.00882894 -0.01264909 0.01104559
v -0.00990217 -0.01216538 0.01126973
v -0.01073361 -0.01137435 0.01139914
v -0.00975163 -0.01184547 0.01141618
v -0.00881958 -0.01260002 0.01116618
v -0.00985808 -0.01207168 0.01134919
v -0.00764488 -0.01272358 0.01104559
v -0.00980673 -0.01196257 0.01139914
v -0.00873844 -0.01217468 0.01141618
v 0.02550506 0.00354623 0.01116618
v 0.02435198 0.00332627 0.01116618
v 0.02552050 0.00349873 0.01104559
v 0.02434049 0.00350892 0.01134919
v 0.02321472 0.00357975 0.01134919
v 0.02319531 0.00347803 0.01126973
v 0.02434699 0.00340557 0.01126973
v 0.02659398 0.00400387 0.01104559
v 0.02548051 0.00362180 0.01126973
v 0.02433292 0.00362927 0.01139914
v 0.02537125 0.00395805 0.01141618
v 0.02432479 0.00375843 0.01141618
v 0.02323731 0.00369820 0.01139914
v 0.02656722 0.00404604 0.01116618
v 0.02544851 0.00372029 0.01134919
v 0.02750811 0.00476011 0.01104559
v 0.02817441 0.00905697 0.01141618
v 0.02830793 0.00800004 0.01141618
v 0.02843734 0.00800004 0.01139914
v 0.02652464 0.00411313 0.01126973
v 0.02541124 0.00383498 0.01139914
v 0.02633519 0.00441165 0.01141618
v 0.02747170 0.00479430 0.01116618
v 0.02646915 0.00420057 0.01134919
v 0.02820546 0.00571992 0.01104559
v 0.02741378 0.00484869 0.01126973
v 0.02640453 0.00430238 0.01139914
v 0.02715605 0.00509072 0.01141618
v 0.02816169 0.00574398 0.01116618
v 0.02733829 0.00491958 0.01134919
v 0.02864220 0.00682300 0.01104559
v 0.02879089 0.00800004 0.01104559
v 0.02809206 0.00578226 0.01126973
v 0.02725038 0.00500213 0.01139914
v 0.02778224 0.00595259 0.01141618
v 0.02859382 0.00683542 0.01116618
v 0.02874094 0.00800004 0.01116618
v 0.02866148 0.00800004 0.01126973
v 0.02800131 0.00583215 0.01134919
v 0.02851685 0.00685518 0.01126973
v 0.02855793 0.00800004 0.01134919
v 0.02789564 0.00589025 0.01139914
v 0.02817441 0.00694311 0.01141618
v 0.02841655 0.00688094 0.01134919
v 0.02829975 0.00691093 0.01139914
v 0.02864220 0.00917708 0.01104559
v 0.02859382 0.00916466 0.01116618
v 0.02820546 0.01028016 0.01104559
v 0.02851685 0.00914490 0.01126973
v 0.02816169 0.01025610 0.01116618
v 0.02841655 0.00911915 0.01134919
v 0.02750811 0.01123998 0.01104559
v 0.02809206 0.01021782 0.01126973
v 0.02829975 0.00908916 0.01139914
v 0.02778224 0.01004750 0.01141618
v 0.02747170 0.01120578 0.01116618
v 0.02800131 0.01016793 0.01134919
v 0.02659398 0.01199621 0.01104559
v 0.02741378 0.01115139 0.01126973
v 0.02789564 0.01010984 0.01139914
v 0.02715605 0.01090937 0.01141618
v 0.02656722 0.01195404 0.01116618
v 0.02733829 0.01108050 0.01134919
v 0.02552050 0.01250136 0.01104559
v 0.02652464 0.01188695 0.01126973
v 0.02550506 0.01245385 0.01116618
v 0.02725038 0.01099795 0.01139914
v 0.02633519 0.01158844 0.01141618
v 0.02646915 0.01179952 0.01134919
v 0.02435511 0.01272367 0.01104559
v 0.02548051 0.01237828 0.01126973
v 0.02640453 0.01169770 0.01139914
v 0.02537125 0.01204203 0.01141618
v 0.02435198 0.01267381 0.01116618
v 0.02544851 0.01227980 0.01134919
v 0.02317106 0.01264917 0.01104559
v 0.02434699 0.01259451 0.01126973
v 0.02318042 0.01260011 0.01116618
v 0.02541124 0.01216511 0.01139914
v 0.02432479 0.01224166 0.01141618
v 0.02204273 0.01228255 0.01104559
v 0.02434049 0.01249116 0.01134919
v 0.02319531 0.01252205 0.01126973
v 0.02433292 0.01237081 0.01139914
v 0.02326156 0.01217476 0.01141618
v 0.02206400 0.01223736 0.01116618
v 0.02321472 0.01242033 0.01134919
v 0.02104103 0.01164685 0.01104559
v 0.02209783 0.01216546 0.01126973
v 0.02323731 0.01230188 0.01139914
v 0.02224837 0.01184556 0.01141618
v 0.02107287 0.01160837 0.01116618
v 0.02214192 0.01207176 0.01134919
v 0.02022888 0.01078201 0.01104559
v 0.02112352 0.01154714 0.01126973
v 0.02219327 0.01196265 0.01139914
v 0.02134888 0.01127472 0.01141618
v 0.02026930 0.01075265 0.01116618
v 0.02118952 0.01146735 0.01134919
v 0.01965733 0.00974236 0.01104559
v 0.02033358 0.01070594 0.01126973
v 0.02126639 0.01137444 0.01139914
v 0.02061961 0.01049813 0.01141618
v 0.01970377 0.00972397 0.01116618
v 0.02041736 0.01064507 0.01134919
v 0.01936229 0.00859324 0.01104559
v 0.01977765 0.00969472 0.01126973
v 0.02051491 0.01057419 0.01139914
v 0.02010638 0.00956457 0.01141618
v 0.01941184 0.00858698 0.01116618
v 0.01987394 0.00965660 0.01134919
v 0.01936229 0.00740685 0.01104559
v 0.01949068 0.00857702 0.01126973
v 0.01998606 0.00961221 0.01139914
v 0.01984144 0.00853271 0.01141618
v 0.01941184 0.00741311 0.01116618
v 0.01959342 0.00856404 0.01134919
v 0.01965733 0.00625772 0.01104559
v 0.01949068 0.00742306 0.01126973
v 0.01971306 0.00854893 0.01139914
v 0.01984144 0.00746737 0.01141618
v 0.01970377 0.00627611 0.01116618
v 0.01959342 0.00743604 0.01134919
v 0.02022888 0.00521808 0.01104559
v 0.01977765 0.00630536 0.01126973
v 0.01971306 0.00745116 0.01139914
v 0.02010638 0.00643551 0.01141618
v 0.02026930 0.00524744 0.01116618
v 0.01987394 0.00634348 0.01134919
v 0.02104103 0.00435323 0.01104559
v 0.02033358 0.00529414 0.01126973
v 0.01998606 0.00638787 0.01139914
v 0.02061961 0.00550196 0.01141618
v 0.02107287 0.00439172 0.01116618
v 0.02041736 0.00535501 0.01134919
v 0.02204273 0.00371753 0.01104559
v 0.02112352 0.00445294 0.01126973
v 0.02051491 0.00542589 0.01139914
v 0.02134888 0.00472536 0.01141618
v 0.02206400 0.00376273 0.01116618
v 0.02118952 0.00453273 0.01134919
v 0.02317106 0.00335091 0.01104559
v 0.02209783 0.00383462 0.01126973
v 0.02126639 0.00462565 0.01139914
v 0.02224837 0.00415453 0.01141618
v 0.02318042 0.00339998 0.01116618
v 0.02214192 0.00392832 0.01134919
v 0.02435511 0.00327642 0.01104559
v 0.02219327 0.00403743 0.01139914
v 0.02326156 0.00382532 0.01141618
v -0.00649494 0.00354623 0.01116618
v -0.00764802 0.00332627 0.01116618
v -0.00647950 0.00349873 0.01104559
v -0.00765951 0.00350892 0.01134919
v -0.00878528 0.00357975 0.01134919
v -0.00880469 0.00347803 0.01126973
v -0.00765301 0.00340557 0.01126973
v -0.00540602 0.00400387 0.01104559
v -0.00651949 0.00362180 0.01126973
v -0.00766708 0.00362927 0.01139914
v -0.00662875 0.00395805 0.01141618
v -0.00767521 0.00375843 0.01141618
v -0.00876269 0.00369820 0.01139914
v -0.00543279 0.00404604 0.01116618
v -0.00655149 0.00372029 0.01134919
v -0.00449189 0.00476011 0.01104559
v -0.00382559 0.00905697 0.01141618
v -0.00369207 0.00800004 0.01141618
v -0.00356266 0.00800004 0.01139914
v -0.00547536 0.00411313 0.01126973
v -0.00658876 0.00383498 0.01139914
v -0.00566481 0.00441165 0.01141618
v -0.00452830 0.00479430 0.01116618
v -0.00553085 0.00420057 0.01134919
v -0.00379454 0.00571992 0.01104559
v -0.00458622 0.00484869 0.01126973
v -0.00559546 0.00430238 0.01139914
v -0.00484395 0.00509072 0.01141618
v -0.00383831 0.00574398 0.01116618
v -0.00466171 0.00491958 0.01134919
v -0.00335780 0.00682300 0.01104559
v -0.00320911 0.00800004 0.01104559
v -0.00390794 0.00578226 0.01126973
v -0.00474962 0.00500213 0.01139914
v -0.00421776 0.00595259 0.01141618
v -0.00340618 0.00683542 0.01116618
v -0.00325906 0.00800004 0.01116618
v -0.00333852 0.00800004 0.01126973
v -0.00399869 0.00583215 0.01134919
v -0.00348314 0.00685518 0.01126973
v -0.00344207 0.00800004 0.01134919
v -0.00410436 0.00589025 0.01139914
v -0.00382559 0.00694311 0.01141618
v -0.00358345 0.00688094 0.01134919
v -0.00370025 0.00691093 0.01139914
v -0.00335780 0.00917708 0.01104559
v -0.00340618 0.00916466 0.01116618
v -0.00379454 0.01028016 0.01104559
v -0.00348314 0.00914490 0.01126973
v -0.00383831 0.01025610 0.01116618
v -0.00358345 0.00911915 0.01134919
v -0.00449189 0.01123998 0.01104559
v -0.00390794 0.01021782 0.01126973
v -0.00370025 0.00908916 0.01139914
v -0.00421776 0.01004750 0.01141618
v -0.00452830 0.01120578 0.01116618
v -0.00399869 0.01016793 0.01134919
v -0.00540602 0.01199621 0.01104559
v -0.00458622 0.01115139 0.01126973
v -0.00410436 0.01010984 0.01139914
v -0.00484395 0.01090937 0.01141618
v -0.00543279 0.01195404 0.01116618
v -0.00466171 0.01108050 0.01134919
v -0.00647950 0.01250136 0.01104559
v -0.00547536 0.01188695 0.01126973
v -0.00649494 0.01245385 0.01116618
v -0.00474962 0.01099795 0.01139914
v -0.00566481 0.01158844 0.01141618
v -0.00553085 0.01179952 0.01134919
v -0.00764488 0.01272367 0.01104559
v -0.00651949 0.01237828 0.01126973
v -0.00559546 0.01169770 0.01139914
v -0.00662875 0.01204203 0.01141618
v -0.00764802 0.01267381 0.01116618
v -0.00655149 0.01227980 0.01134919
v -0.00882894 0.01264917 0.01104559
v -0.00765301 0.01259451 0.01126973
v -0.00881958 0.01260011 0.01116618
v -0.00658876 0.01216511 0.01139914
v -0.00767521 0.01224166 0.01141618
v -0.00995727 0.01228255 0.01104559
v -0.00765951 0.01249116 0.01134919
v -0.00880469 0.01252205 0.01126973
v -0.00766708 0.01237081 0.01139914
v -0.00873844 0.01217476 0.01141618
v -0.00993600 0.01223736 0.01116618
v -0.00878528 0.01242033 0.01134919
v -0.01095897 0.01164685 0.01104559
v -0.00990217 0.01216546 0.01126973
v -0.00876269 0.01230188 0.01139914
v -0.00975163 0.01184556 0.01141618
v -0.01092713 0.01160837 0.01116618
v -0.00985808 0.01207176 0.01134919
v -0.01177112 0.01078201 0.01104559
v -0.01087648 0.01154714 0.01126973
v -0.00980673 0.01196265 0.01139914
v -0.01065112 0.01127472 0.01141618
v -0.01173071 0.01075265 0.01116618
v -0.01081048 0.01146735 0.01134919
v -0.01234267 0.00974236 0.01104559
v -0.01166642 0.01070594 0.01126973
v -0.01073361 0.01137444 0.01139914
v -0.01138039 0.01049813 0.01141618
v -0.01229622 0.00972397 0.01116618
v -0.01158265 0.01064507 0.01134919
v -0.01263771 0.00859324 0.01104559
v -0.01222234 0.00969472 0.01126973
v -0.01148509 0.01057419 0.01139914
v -0.01189362 0.00956457 0.01141618
v -0.01258815 0.00858698 0.01116618
v -0.01212606 0.00965660 0.01134919
v -0.01263771 0.00740685 0.01104559
v -0.01250932 0.00857702 0.01126973
v -0.01201394 0.00961221 0.01139914
v -0.01215856 0.00853271 0.01141618
v -0.01258815 0.00741311 0.01116618
v -0.01240658 0.00856404 0.01134919
v -0.01234267 0.00625772 0.01104559
v -0.01250932 0.00742306 0.01126973
v -0.01228695 0.00854893 0.01139914
v -0.01215856 0.00746737 0.01141618
v -0.01229622 0.00627611 0.01116618
v -0.01240658 0.00743604 0.01134919
v -0.01177112 0.00521808 0.01104559
v -0.01222234 0.00630536 0.01126973
v -0.01228695 0.00745116 0.01139914
v -0.01189362 0.00643551 0.01141618
v -0.01173071 0.00524744 0.01116618
v -0.01212606 0.00634348 0.01134919
v -0.01095897 0.00435323 0.01104559
v -0.01166642 0.00529414 0.01126973
v -0.01201394 0.00638787 0.01139914
v -0.01138039 0.00550196 0.01141618
v -0.01092713 0.00439172 0.01116618
v -0.01158265 0.00535501 0.01134919
v -0.00995727 0.00371753 0.01104559
v -0.01087648 0.00445294 0.01126973
v -0.01148509 0.00542589 0.01139914
v -0.01065112 0.00472536 0.01141618
v -0.00993600 0.00376273 0.01116618
v -0.01081048 0.00453273 0.01134919
v -0.00882894 0.00335091 0.01104559
v -0.00990217 0.00383462 0.01126973
v -0.01073361 0.00462565 0.01139914
v -0.00975163 0.00415453 0.01141618
v -0.00881958 0.00339998 0.01116618
v -0.00985808 0.00392832 0.01134919
v -0.00764488 0.00327642 0.01104559
v -0.00980673 0.00403743 0.01139914
v -0.00873844 0.00382532 0.01141618
v 0.00950506 0.00354623 0.01116618
v 0.00835198 0.00332627 0.01116618
v 0.00952050 0.00349873 0.01104559
v 0.00834049 0.00350892 0.01134919
v 0.00721472 0.00357975 0.01134919
v 0.00719531 0.00347803 0.01126973
v 0.00834699 0.00340557 0.01126973
v 0.01059398 0.00400387 0.01104559
v 0.00948051 0.00362180 0.01126973
v 0.00833292 0.00362927 0.01139914
v 0.00937125 0.00395805 0.01141618
v 0.00832479 0.00375843 0.01141618
v 0.00723731 0.00369820 0.01139914
v 0.01056722 0.00404604 0.01116618
v 0.00944851 0.00372029 0.01134919
v 0.01150811 0.00476011 0.01104559
v 0.01217441 0.00905697 0.01141618
v 0.01230793 0.00800004 0.01141618
v 0.01243734 0.00800004 0.01139914
v 0.01052464 0.00411313 0.01126973
v 0.00941124 0.00383498 0.01139914
v 0.01033519 0.00441165 0.01141618
v 0.01147170 0.00479430 0.01116618
v 0.01046915 0.00420057 0.01134919
v 0.01220546 0.00571992 0.01104559
v 0.01141378 0.00484869 0.01126973
v 0.01040453 0.00430238 0.01139914
v 0.01115605 0.00509072 0.01141618
v 0.01216169 0.00574398 0.01116618
v 0.01133829 0.00491958 0.01134919
v 0.01264220 0.00682300 0.01104559
v 0.01279089 0.00800004 0.01104559
v 0.01209206 0.00578226 0.01126973
v 0.01125038 0.00500213 0.01139914
v 0.01178224 0.00595259 0.01141618
v 0.01259382 0.00683542 0.01116618
v 0.01274094 0.00800004 0.01116618
v 0.01266148 0.00800004 0.01126973
v 0.01200131 0.00583215 0.01134919
v 0.01251685 0.00685518 0.01126973
v 0.01255793 0.00800004 0.01134919
v 0.01189564 0.00589025 0.01139914
v 0.01217441 0.00694311 0.01141618
v 0.01241655 0.00688094 0.01134919
v 0.01229975 0.00691093 0.01139914
v 0.01264220 0.00917708 0.01104559
v 0.01259382 0.00916466 0.01116618
v 0.01220546 0.01028016 0.01104559
v 0.01251685 0.00914490 0.01126973
v 0.01216169 0.01025610 0.01116618
v 0.01241655 0.00911915 0.01134919
v 0.01150811 0.01123998 0.01104559
v 0.01209206 0.01021782 0.01126973
v 0.01229975 0.00908916 0.01139914
v 0.01178224 0.01004750 0.01141618
v 0.01147170 0.01120578 0.01116618
v 0.01200131 0.01016793 0.01134919
v 0.01059398 0.01199621 0.01104559
v 0.01141378 0.01115139 0.01126973
v 0.01189564 0.01010984 0.01139914
v 0.01115605 0.01090937 0.01141618
v 0.01056722 0.01195404 0.01116618
v 0.01133829 0.01108050 0.01134919
v 0.00952050 0.01250136 0.01104559
v 0.01052464 0.01188695 0.01126973
v 0.00950506 0.01245385 0.01116618
v 0.01125038 0.01099795 0.01139914
v 0.01033519 0.01158844 0.01141618
v 0.01046915 0.01179952 0.01134919
v 0.00835511 0.01272367 0.01104559
v 0.00948051 0.01237828 0.01126973
v 0.01040453 0.01169770 0.01139914
v 0.00937125 0.01204203 0.01141618
v 0.00835198 0.01267381 0.01116618
v 0.00944851 0.01227980 0.01134919
v 0.00717106 0.01264917 0.01104559
v 0.00834699 0.01259451 0.01126973
v 0.00718042 0.01260011 0.01116618
v 0.00941124 0.01216511 0.01139914
v 0.00832479 0.01224166 0.01141618
v 0.00604273 0.01228255 0.01104559
v 0.00834049 0.01249116 0.01134919
v 0.00719531 0.01252205 0.01126973
v 0.00833292 0.01237081 0.01139914
v 0.00726156 0.01217476 0.01141618
v 0.00606400 0.01223736 0.01116618
v 0.00721472 0.01242033 0.01134919
v 0.00504103 0.01164685 0.01104559
v 0.00609783 0.01216546 0.01126973
v 0.00723731 0.01230188 0.01139914
v 0.00624837 0.01184556 0.01141618
v 0.00507287 0.01160837 0.01116618
v 0.00614192 0.01207176 0.01134919
v 0.00422888 0.01078201 0.01104559
v 0.00512352 0.01154714 0.01126973
v 0.00619327 0.01196265 0.01139914
v 0.00534888 0.01127472 0.01141618
v 0.00426930 0.01075265 0.01116618
v 0.00518952 0.01146735 0.01134919
v 0.00365733 0.00974236 0.01104559
v 0.00433358 0.01070594 0.01126973
v 0.00526639 0.01137444 0.01139914
v 0.00461961 0.01049813 0.01141618
v 0.00370377 0.00972397 0.01116618
v 0.00441736 0.01064507 0.01134919
v 0.00336229 0.00859324 0.01104559
v 0.00377765 0.00969472 0.01126973
v 0.00451491 0.01057419 0.01139914
v 0.00410638 0.00956457 0.01141618
v 0.00341184 0.00858698 0.01116618
v 0.00387394 0.00965660 0.01134919
v 0.00336229 0.00740685 0.01104559
v 0.00349068 0.00857702 0.01126973
v 0.00398606 0.00961221 0.01139914
v 0.00384144 0.00853271 0.01141618
v 0.00341184 0.00741311 0.01116618
v 0.00359342 0.00856404 0.01134919
v 0.00365733 0.00625772 0.01104559
v 0.00349068 0.00742306 0.01126973
v 0.00371306 0.00854893 0.01139914
v 0.00384144 0.00746737 0.01141618
v 0.00370377 0.00627611 0.01116618
v 0.00359342 0.00743604 0.01134919
v 0.00422888 0.00521808 0.01104559
v 0.00377765 0.00630536 0.01126973
v 0.00371306 0.00745116 0.01139914
v 0.00410638 0.00643551 0.01141618
v 0.00426930 0.00524744 0.01116618
v 0.00387394 0.00634348 0.01134919
v 0.00504103 0.00435323 0.01104559
v 0.00433358 0.00529414 0.01126973
v 0.00398606 0.00638787 0.01139914
v 0.00461961 0.00550196 0.01141618
v 0.00507287 0.00439172 0.01116618
v 0.00441736 0.00535501 0.01134919
v 0.00604273 0.00371753 0.01104559
v 0.00512352 0.00445294 0.01126973
v 0.00451491 0.00542589 0.01139914
v 0.00534888 0.00472536 0.01141618
v 0.00606400 0.00376273 0.01116618
v 0.00518952 0.00453273 0.01134919
v 0.00717106 0.00335091 0.01104559
v 0.00609783 0.00383462 0.01126973
v 0.00526639 0.00462565 0.01139914
v 0.00624837 0.00415453 0.01141618
v 0.00718042 0.00339998 0.01116618
v 0.00614192 0.00392832 0.01134919
v 0.00835511 0.00327642 0.01104559
v 0.00619327 0.00403743 0.01139914
v 0.00726156 0.00382532 0.01141618
v -0.02249494 -0.01245377 0.01116618
v -0.02364802 -0.01267373 0.01116618
v -0.02247950 -0.01250127 0.01104559
v -0.02365951 -0.01249108 0.01134919
v -0.02478528 -0.01242025 0.01134919
v -0.02480469 -0.01252197 0.01126973
v -0.02365301 -0.01259443 0.01126973
v -0.02140602 -0.01199613 0.01104559
v -0.02251949 -0.01237820 0.01126973
v -0.02366708 -0.01237073 0.01139914
v -0.02262875 -0.01204195 0.01141618
v -0.02367521 -0.01224157 0.01141618
v -0.02476269 -0.01230180 0.01139914
v -0.02143279 -0.01195396 0.01116618
v -0.02255149 -0.01227971 0.01134919
v -0.02049189 -0.01123989 0.01104559
v -0.01982559 -0.00694303 0.01141618
v -0.01969207 -0.00799996 0.01141618
v -0.01956266 -0.00799996 0.01139914
v -0.02147536 -0.01188687 0.01126973
v -0.02258876 -0.01216502 0.01139914
v -0.02166481 -0.01158835 0.01141618
v -0.02052830 -0.01120570 0.01116618
v -0.02153085 -0.01179943 0.01134919
v -0.01979454 -0.01028008 0.01104559
v -0.02058622 -0.01115131 0.01126973
v -0.02159546 -0.01169762 0.01139914
v -0.02084395 -0.01090928 0.01141618
v -0.01983831 -0.01025602 0.01116618
v -0.02066171 -0.01108042 0.01134919
v -0.01935780 -0.00917700 0.01104559
v -0.01920911 -0.00799996 0.01104559
v -0.01990794 -0.01021774 0.01126973
v -0.02074962 -0.01099787 0.01139914
v -0.02021777 -0.01004741 0.01141618
v -0.01940618 -0.00916458 0.01116618
v -0.01925906 -0.00799996 0.01116618
v -0.01933852 -0.00799996 0.01126973
v -0.01999869 -0.01016785 0.01134919
v -0.01948314 -0.00914482 0.01126973
v -0.01944207 -0.00799996 0.01134919
v -0.02010436 -0.01010975 0.01139914
v -0.01982559 -0.00905689 0.01141618
v -0.01958344 -0.00911906 0.01134919
v -0.01970025 -0.00908907 0.01139914
v -0.01935780 -0.00682292 0.01104559
v -0.01940618 -0.00683534 0.01116618
v -0.01979454 -0.00571984 0.01104559
v -0.01948314 -0.00685510 0.01126973
v -0.01983831 -0.00574390 0.01116618
v -0.01958344 -0.00688085 0.01134919
v -0.02049189 -0.00476002 0.01104559
v -0.01990794 -0.00578218 0.01126973
v -0.01970025 -0.00691084 0.01139914
v -0.02021777 -0.00595250 0.01141618
v -0.02052830 -0.00479422 0.01116618
v -0.01999869 -0.00583207 0.01134919
v -0.02140602 -0.00400379 0.01104559
v -0.02058622 -0.00484861 0.01126973
v -0.02010436 -0.00589016 0.01139914
v -0.02084395 -0.00509063 0.01141618
v -0.02143279 -0.00404596 0.01116618
v -0.02066171 -0.00491950 0.01134919
v -0.02247950 -0.00349864 0.01104559
v -0.02147536 -0.00411305 0.01126973
v -0.02249494 -0.00354615 0.01116618
v -0.02074962 -0.00500205 0.01139914
v -0.02166481 -0.00441156 0.01141618
v -0.02153085 -0.00420048 0.01134919
v -0.02364488 -0.00327633 0.01104559
v -0.02251949 -0.00362172 0.01126973
v -0.02159546 -0.00430230 0.01139914
v -0.02262875 -0.00395797 0.01141618
v -0.02364802 -0.00332619 0.01116618
v -0.02255149 -0.00372020 0.01134919
v -0.02482894 -0.00335083 0.01104559
v -0.02365301 -0.00340549 0.01126973
v -0.02481958 -0.00339989 0.01116618
v -0.02258876 -0.00383489 0.01139914
v -0.02367521 -0.00375834 0.01141618
v -0.02595727 -0.00371745 0.01104559
v -0.02365951 -0.00350884 0.01134919
v -0.02480469 -0.00347795 0.01126973
v -0.02366708 -0.00362919 0.01139914
v -0.02473844 -0.00382524 0.01141618
v -0.02593600 -0.00376264 0.01116618
v -0.02478528 -0.00357967 0.01134919
v -0.02695897 -0.00435315 0.01104559
v -0.02590217 -0.00383454 0.01126973
v -0.02476269 -0.00369812 0.01139914
v -0.02575163 -0.00415444 0.01141618
v -0.02692713 -0.00439163 0.01116618
v -0.02585808 -0.00392824 0.01134919
v -0.02777112 -0.00521799 0.01104559
v -0.02687648 -0.00445286 0.01126973
v -0.02580673 -0.00403735 0.01139914
v -0.02665112 -0.00472528 0.01141618
v -0.02773071 -0.00524735 0.01116618
v -0.02681048 -0.00453265 0.01134919
v -0.02834267 -0.00625764 0.01104559
v -0.02766642 -0.00529406 0.01126973
v -0.02673361 -0.00462556 0.01139914
v -0.02738039 -0.00550187 0.01141618
v -0.02829622 -0.00627603 0.01116618
v -0.02758265 -0.00535492 0.01134919
v -0.02863771 -0.00740676 0.01104559
v -0.02822234 -0.00630528 0.01126973
v -0.02748509 -0.00542581 0.01139914
v -0.02789362 -0.00643543 0.01141618
v -0.02858815 -0.00741302 0.01116618
v -0.02812606 -0.00634340 0.01134919
v -0.02863771 -0.00859316 0.01104559
v -0.02850932 -0.00742298 0.01126973
v -0.02801394 -0.00638779 0.01139914
v -0.02815856 -0.00746729 0.01141618
v -0.02858815 -0.00858689 0.01116618
v -0.02840659 -0.00743596 0.01134919
v -0.02834267 -0.00974228 0.01104559
v -0.02850932 -0.00857694 0.01126973
v -0.02828695 -0.00745107 0.01139914
v -0.02815856 -0.00853262 0.01141618
v -0.02829622 -0.00972389 0.01116618
v -0.02840659 -0.00856396 0.01134919
v -0.02777112 -0.01078192 0.01104559
v -0.02822234 -0.00969464 0.01126973
v -0.02828695 -0.00854884 0.01139914
v -0.02789362 -0.00956449 0.01141618
v -0.02773071 -0.01075256 0.01116618
v -0.02812606 -0.00965652 0.01134919
v -0.02695897 -0.01164677 0.01104559
v -0.02766642 -0.01070586 0.01126973
v -0.02801394 -0.00961213 0.01139914
v -0.02738039 -0.01049805 0.01141618
v -0.02692713 -0.01160828 0.01116618
v -0.02758265 -0.01064499 0.01134919
v -0.02595727 -0.01228247 0.01104559
v -0.02687648 -0.01154706 0.01126973
v -0.02748509 -0.01057411 0.01139914
v -0.02665112 -0.01127464 0.01141618
v -0.02593600 -0.01223727 0.01116618
v -0.02681048 -0.01146727 0.01134919
v -0.02482894 -0.01264909 0.01104559
v -0.02590217 -0.01216538 0.01126973
v -0.02673361 -0.01137435 0.01139914
v -0.02575163 -0.01184547 0.01141618
v -0.02481958 -0.01260002 0.01116618
v -0.02585808 -0.01207168 0.01134919
v -0.02364488 -0.01272358 0.01104559
v -0.02580673 -0.01196257 0.01139914
v -0.02473844 -0.01217468 0.01141618
v -0.02249494 0.00354623 0.01116618
v -0.02364802 0.00332627 0.01116618
v -0.02247950 0.00349873 0.01104559
v -0.02365951 0.00350892 0.01134919
v -0.02478528 0.00357975 0.01134919
v -0.02480469 0.00347803 0.01126973
v -0.02365301 0.00340557 0.01126973
v -0.02140602 0.00400387 0.01104559
v -0.02251949 0.00362180 0.01126973
v -0.02366708 0.00362927 0.01139914
v -0.02262875 0.00395805 0.01141618
v -0.02367521 0.00375843 0.01141618
v -0.02476269 0.00369820 0.01139914
v -0.02143279 0.00404604 0.01116618
v -0.02255149 0.00372029 0.01134919
v -0.02049189 0.00476011 0.01104559
v -0.01982559 0.00905697 0.01141618
v -0.01969207 0.00800004 0.01141618
v -0.01956266 0.00800004 0.01139914
v -0.02147536 0.00411313 0.01126973
v -0.02258876 0.00383498 0.01139914
v -0.02166481 0.00441165 0.01141618
v -0.02052830 0.00479430 0.01116618
v -0.02153085 0.00420057 0.01134919
v -0.01979454 0.00571992 0.01104559
v -0.02058622 0.00484869 0.01126973
v -0.02159546 0.00430238 0.01139914
v -0.02084395 0.00509072 0.01141618
v -0.01983831 0.00574398 0.01116618
v -0.02066171 0.00491958 0.01134919
v -0.01935780 0.00682300 0.01104559
v -0.01920911 0.00800004 0.01104559
v -0.01990794 0.00578226 0.01126973
v -0.02074962 0.00500213 0.01139914
v -0.02021777 0.00595259 0.01141618
v -0.01940618 0.00683542 0.01116618
v -0.01925906 0.00800004 0.01116618
v -0.01933852 0.00800004 0.01126973
v -0.01999869 0.00583215 0.01134919
v -0.01948314 0.00685518 0.01126973
v -0.01944207 0.00800004 0.01134919
v -0.02010436 0.00589025 0.01139914
v -0.01982559 0.00694311 0.01141618
v -0.01958344 0.00688094 0.01134919
v -0.01970025 0.00691093 0.01139914
v -0.01935780 0.00917708 0.01104559
v -0.01940618 0.00916466 0.01116618
v -0.01979454 0.01028016 0.01104559
v -0.01948314 0.00914490 0.01126973
v -0.01983831 0.01025610 0.01116618
v -0.01958344 0.00911915 0.01134919
v -0.02049189 0.01123998 0.01104559
v -0.01990794 0.01021782 0.01126973
v -0.01970025 0.00908916 0.01139914
v -0.02021777 0.01004750 0.01141618
v -0.02052830 0.01120578 0.01116618
v -0.01999869 0.01016793 0.01134919
v -0.02140602 0.01199621 0.01104559
v -0.02058622 0.01115139 0.01126973
v -0.02010436 0.01010984 0.01139914
v -0.02084395 0.01090937 0.01141618
v -0.02143279 0.01195404 0.01116618
v -0.02066171 0.01108050 0.01134919
v -0.02247950 0.01250136 0.01104559
v -0.02147536 0.01188695 0.01126973
v -0.02249494 0.01245385 0.01116618
v -0.02074962 0.01099795 0.01139914
v -0.02166481 0.01158844 0.01141618
v -0.02153085 0.01179952 0.01134919
v -0.02364488 0.01272367 0.01104559
v -0.02251949 0.01237828 0.01126973
v -0.02159546 0.01169770 0.01139914
v -0.02262875 0.01204203 0.01141618
v -0.02364802 0.01267381 0.01116618
v -0.02255149 0.01227980 0.01134919
v -0.02482894 0.01264917 0.01104559
v -0.02365301 0.01259451 0.01126973
v -0.02481958 0.01260011 0.01116618
v -0.02258876 0.01216511 0.01139914
v -0.02367521 0.01224166 0.01141618
v -0.02595727 0.01228255 0.01104559
v -0.02365951 0.01249116 0.01134919
v -0.02480469 0.01252205 0.01126973
v -0.02366708 0.01237081 0.01139914
v -0.02473844 0.01217476 0.01141618
v -0.02593600 0.01223736 0.01116618
v -0.02478528 0.01242033 0.01134919
v -0.02695897 0.01164685 0.01104559
v -0.02590217 0.01216546 0.01126973
v -0.02476269 0.01230188 0.01139914
v -0.02575163 0.01184556 0.01141618
v -0.02692713 0.01160837 0.01116618
v -0.02585808 0.01207176 0.01134919
v -0.02777112 0.01078201 0.01104559
v -0.02687648 0.01154714 0.01126973
v -0.02580673 0.01196265 0.01139914
v -0.02665112 0.01127472 0.01141618
v -0.02773071 0.01075265 0.01116618
v -0.02681048 0.01146735 0.01134919
v -0.02834267 0.00974236 0.01104559
v -0.02766642 0.01070594 0.01126973
v -0.02673361 0.01137444 0.01139914
v -0.02738039 0.01049813 0.01141618
v -0.02829622 0.00972397 0.01116618
v -0.02758265 0.01064507 0.01134919
v -0.02863771 0.00859324 0.01104559
v -0.02822234 0.00969472 0.01126973
v -0.02748509 0.01057419 0.01139914
v -0.02789362 0.00956457 0.01141618
v -0.02858815 0.00858698 0.01116618
v -0.02812606 0.00965660 0.01134919
v -0.02863771 0.00740685 0.01104559
v -0.02850932 0.00857702 0.01126973
v -0.02801394 0.00961221 0.01139914
v -0.02815856 0.00853271 0.01141618
v -0.02858815 0.00741311 0.01116618
v -0.02840659 0.00856404 0.01134919
v -0.02834267 0.00625772 0.01104559
v -0.02850932 0.00742306 0.01126973
v -0.02828695 0.00854893 0.01139914
v -0.02815856 0.00746737 0.01141618
v -0.02829622 0.00627611 0.01116618
v -0.02840659 0.00743604 0.01134919
v -0.02777112 0.00521808 0.01104559
v -0.02822234 0.00630536 0.01126973
v -0.02828695 0.00745116 0.01139914
v -0.02789362 0.00643551 0.01141618
v -0.02773071 0.00524744 0.01116618
v -0.02812606 0.00634348 0.01134919
v -0.02695897 0.00435323 0.01104559
v -0.02766642 0.00529414 0.01126973
v -0.02801394 0.00638787 0.01139914
v -0.02738039 0.00550196 0.01141618
v -0.02692713 0.00439172 0.01116618
v -0.02758265 0.00535501 0.01134919
v -0.02595727 0.00371753 0.01104559
v -0.02687648 0.00445294 0.01126973
v -0.02748509 0.00542589 0.01139914
v -0.02665112 0.00472536 0.01141618
v -0.02593600 0.00376273 0.01116618
v -0.02681048 0.00453273 0.01134919
v -0.02482894 0.00335091 0.01104559
v -0.02590217 0.00383462 0.01126973
v -0.02673361 0.00462565 0.01139914
v -0.02575163 0.00415453 0.01141618
v -0.02481958 0.00339998 0.01116618
v -0.02585808 0.00392832 0.01134919
v -0.02364488 0.00327642 0.01104559
v -0.02580673 0.00403743 0.01139914
v -0.02473844 0.00382532 0.01141618
v -0.03122324 -0.01577611 -0.01233382
v -0.03139207 -0.01570618 -0.01233382
v -0.03153704 -0.01559493 -0.01233382
v -0.03164829 -0.01544996 -0.01233382
v -0.03171822 -0.01528113 -0.01233382
v 0.03133910 -0.01577611 -0.01233382
v 0.03150793 -0.01570618 -0.01233382
v 0.03165291 -0.01559493 -0.01233382
v 0.03176415 -0.01544996 -0.01233382
v 0.03183408 -0.01528113 -0.01233382
v 0.02305793 0.01490004 -0.01233382
v 0.02505793 0.01490004 -0.01233382
v -0.00694207 -0.01404996 -0.01233382
v 0.00705793 -0.01509996 -0.01233382
v -0.00694207 -0.01509996 -0.01233382
v 0.00705793 -0.01404996 -0.01233382
v -0.02999207 0.01405004 -0.01233382
v -0.02999207 0.00900004 -0.01233382
v -0.03094207 0.00900004 -0.01233382
v -0.02494207 0.01490004 -0.01233382
v -0.02494207 0.01405004 -0.01233382
v -0.02294207 0.01490004 -0.01233382
v 0.00905793 0.01490004 -0.01233382
v 0.02305793 0.01405004 -0.01233382
v 0.00905793 0.01405004 -0.01233382
v -0.03094207 0.00700004 -0.01233382
v 0.03010793 -0.01404996 -0.01233382
v 0.02505793 -0.01509996 -0.01233382
v -0.03171822 0.01528122 -0.01233382
v -0.03122324 0.01577619 -0.01233382
v -0.03164829 0.01545004 -0.01233382
v 0.03105793 -0.00899996 -0.01233382
v 0.03010793 -0.00899996 -0.01233382
v -0.03153704 0.01559502 -0.01233382
v -0.03139207 0.01570626 -0.01233382
v -0.02294207 -0.01404996 -0.01233382
v -0.00894207 -0.01404996 -0.01233382
v -0.00894207 -0.01509996 -0.01233382
v 0.02505793 -0.01404996 -0.01233382
v 0.02305793 -0.01509996 -0.01233382
v -0.02294207 -0.01509996 -0.01233382
v 0.00905793 -0.01509996 -0.01233382
v -0.03094207 -0.00699996 -0.01233382
v 0.03105793 -0.00699996 -0.01233382
v 0.03105793 0.00700004 -0.01233382
v 0.00705793 0.01490004 -0.01233382
v -0.00694207 0.01490004 -0.01233382
v -0.00894207 0.01490004 -0.01233382
v -0.02494207 -0.01509996 -0.01233382
v -0.02999207 -0.01404996 -0.01233382
v -0.02494207 -0.01404996 -0.01233382
v 0.03010793 0.00700004 -0.01233382
v 0.03010793 -0.00699996 -0.01233382
v 0.00905793 -0.01404996 -0.01233382
v 0.02305793 -0.01404996 -0.01233382
v 0.03105793 0.00900004 -0.01233382
v 0.00705793 0.01405004 -0.01233382
v -0.00694207 0.01405004 -0.01233382
v -0.03094207 -0.00899996 -0.01233382
v -0.02999207 -0.00899996 -0.01233382
v 0.03010793 0.01405004 -0.01233382
v 0.03010793 0.00900004 -0.01233382
v 0.03150793 0.01570626 -0.01233382
v 0.03165291 0.01559502 -0.01233382
v 0.03176415 0.01545004 -0.01233382
v 0.03133910 0.01577619 -0.01233382
v 0.03183408 0.01528122 -0.01233382
v 0.02505793 0.01405004 -0.01233382
v -0.00894207 0.01405004 -0.01233382
v -0.02294207 0.01405004 -0.01233382
v -0.02999207 -0.00699996 -0.01233382
v -0.02999207 0.00700004 -0.01233382
v 0.02526310 -0.00429084 0.01141618
v 0.02690091 -0.01066969 0.01141618
v 0.02430282 -0.00410765 0.01141618
v 0.02332715 -0.00416904 0.01141618
v 0.02614766 -0.01129284 0.01141618
v 0.02018868 -0.00848876 0.01141618
v 0.02018868 -0.00751116 0.01141618
v 0.02747553 -0.00987880 0.01141618
v 0.02526310 -0.01170908 0.01141618
v 0.02239739 -0.00447113 0.01141618
v 0.02783540 -0.00896985 0.01141618
v 0.02043180 -0.00656427 0.01141618
v 0.02157198 -0.00499496 0.01141618
v 0.02430282 -0.01189226 0.01141618
v 0.02090276 -0.00570760 0.01141618
v 0.02795793 -0.00799996 0.01141618
v 0.02332715 -0.01183088 0.01141618
v 0.02783540 -0.00703007 0.01141618
v 0.02239739 -0.01152878 0.01141618
v 0.02747553 -0.00612112 0.01141618
v 0.02157198 -0.01100496 0.01141618
v 0.02690091 -0.00533022 0.01141618
v 0.02090276 -0.01029232 0.01141618
v 0.02614766 -0.00470708 0.01141618
v 0.02043180 -0.00943564 0.01141618
v 0.00830282 -0.00410765 0.01141618
v 0.00926310 -0.00429084 0.01141618
v 0.00732715 -0.00416904 0.01141618
v 0.01090091 -0.01066969 0.01141618
v 0.01014766 -0.01129284 0.01141618
v 0.00418868 -0.00848876 0.01141618
v 0.00418868 -0.00751116 0.01141618
v 0.01147553 -0.00987880 0.01141618
v 0.00926310 -0.01170908 0.01141618
v 0.00639739 -0.00447113 0.01141618
v 0.01183540 -0.00896985 0.01141618
v 0.00443180 -0.00656427 0.01141618
v 0.00557198 -0.00499496 0.01141618
v 0.00830282 -0.01189226 0.01141618
v 0.00490276 -0.00570760 0.01141618
v 0.01195793 -0.00799996 0.01141618
v 0.00732715 -0.01183088 0.01141618
v 0.01183540 -0.00703007 0.01141618
v 0.00639739 -0.01152878 0.01141618
v 0.01147553 -0.00612112 0.01141618
v 0.00557198 -0.01100496 0.01141618
v 0.01090091 -0.00533022 0.01141618
v 0.00490276 -0.01029232 0.01141618
v 0.01014766 -0.00470708 0.01141618
v 0.00443180 -0.00943564 0.01141618
v -0.01181132 -0.00848876 0.01141618
v -0.01181132 -0.00751116 0.01141618
v -0.00509909 -0.01066969 0.01141618
v -0.00769719 -0.00410765 0.01141618
v -0.00867286 -0.00416904 0.01141618
v -0.00585235 -0.01129284 0.01141618
v -0.00452447 -0.00987880 0.01141618
v -0.00673690 -0.01170908 0.01141618
v -0.00416460 -0.00896985 0.01141618
v -0.01156820 -0.00656427 0.01141618
v -0.00960261 -0.00447113 0.01141618
v -0.01042802 -0.00499496 0.01141618
v -0.01109724 -0.00570760 0.01141618
v -0.00769719 -0.01189226 0.01141618
v -0.00404207 -0.00799996 0.01141618
v -0.00867286 -0.01183088 0.01141618
v -0.00416460 -0.00703007 0.01141618
v -0.00960261 -0.01152878 0.01141618
v -0.00452447 -0.00612112 0.01141618
v -0.01042802 -0.01100496 0.01141618
v -0.00509909 -0.00533022 0.01141618
v -0.01109724 -0.01029232 0.01141618
v -0.00585235 -0.00470708 0.01141618
v -0.01156820 -0.00943564 0.01141618
v -0.00673690 -0.00429084 0.01141618
v 0.02526310 0.01170916 0.01141618
v 0.02430282 0.01189235 0.01141618
v 0.02690091 0.00533031 0.01141618
v 0.02332715 0.01183096 0.01141618
v 0.02614766 0.00470716 0.01141618
v 0.02018868 0.00751124 0.01141618
v 0.02018868 0.00848884 0.01141618
v 0.02747553 0.00612120 0.01141618
v 0.02526310 0.00429092 0.01141618
v 0.02239739 0.01152887 0.01141618
v 0.02783540 0.00703015 0.01141618
v 0.02043180 0.00943573 0.01141618
v 0.02430282 0.00410774 0.01141618
v 0.02157198 0.01100504 0.01141618
v 0.02090276 0.01029240 0.01141618
v 0.02795793 0.00800004 0.01141618
v 0.02332715 0.00416912 0.01141618
v 0.02783540 0.00896993 0.01141618
v 0.02239739 0.00447122 0.01141618
v 0.02747553 0.00987888 0.01141618
v 0.02157198 0.00499504 0.01141618
v 0.02690091 0.01066978 0.01141618
v 0.02090276 0.00570768 0.01141618
v 0.02614766 0.01129292 0.01141618
v 0.02043180 0.00656436 0.01141618
v -0.01181132 0.00751124 0.01141618
v -0.01181132 0.00848884 0.01141618
v -0.00769719 0.01189235 0.01141618
v -0.00867286 0.01183096 0.01141618
v -0.00509909 0.00533031 0.01141618
v -0.00585235 0.00470716 0.01141618
v -0.00452447 0.00612120 0.01141618
v -0.01156820 0.00943573 0.01141618
v -0.00673690 0.00429092 0.01141618
v -0.00960261 0.01152887 0.01141618
v -0.01042802 0.01100504 0.01141618
v -0.00416460 0.00703015 0.01141618
v -0.01109724 0.01029240 0.01141618
v -0.00769719 0.00410774 0.01141618
v -0.00404207 0.00800004 0.01141618
v -0.00867286 0.00416912 0.01141618
v -0.00416460 0.00896993 0.01141618
v -0.00960261 0.00447122 0.01141618
v -0.00452447 0.00987888 0.01141618
v -0.01042802 0.00499504 0.01141618
v -0.00509909 0.01066978 0.01141618
v -0.01109724 0.00570768 0.01141618
v -0.00585235 0.01129292 0.01141618
v -0.01156820 0.00656436 0.01141618
v -0.00673690 0.01170916 0.01141618
v 0.00926310 0.01170916 0.01141618
v 0.00830282 0.01189235 0.01141618
v 0.01090091 0.00533031 0.01141618
v 0.00732715 0.01183096 0.01141618
v 0.01014766 0.00470716 0.01141618
v 0.00418868 0.00751124 0.01141618
v 0.00418868 0.00848884 0.01141618
v 0.01147553 0.00612120 0.01141618
v 0.00926310 0.00429092 0.01141618
v 0.00639739 0.01152887 0.01141618
v 0.01183540 0.00703015 0.01141618
v 0.00443180 0.00943573 0.01141618
v 0.00830282 0.00410774 0.01141618
v 0.00557198 0.01100504 0.01141618
v 0.00490276 0.01029240 0.01141618
v 0.01195793 0.00800004 0.01141618
v 0.00732715 0.00416912 0.01141618
v 0.01183540 0.00896993 0.01141618
v 0.00639739 0.00447122 0.01141618
v 0.01147553 0.00987888 0.01141618
v 0.00557198 0.00499504 0.01141618
v 0.01090091 0.01066978 0.01141618
v 0.00490276 0.00570768 0.01141618
v 0.01014766 0.01129292 0.01141618
v 0.00443180 0.00656436 0.01141618
v -0.02781132 -0.00848876 0.01141618
v -0.02781132 -0.00751116 0.01141618
v -0.02369719 -0.00410765 0.01141618
v -0.02467286 -0.00416904 0.01141618
v -0.02109909 -0.01066969 0.01141618
v -0.02185234 -0.01129284 0.01141618
v -0.02756820 -0.00656427 0.01141618
v -0.02052447 -0.00987880 0.01141618
v -0.02273690 -0.01170908 0.01141618
v -0.02016459 -0.00896985 0.01141618
v -0.02560261 -0.00447113 0.01141618
v -0.02709724 -0.00570760 0.01141618
v -0.02642802 -0.00499496 0.01141618
v -0.02369719 -0.01189226 0.01141618
v -0.02004207 -0.00799996 0.01141618
v -0.02467286 -0.01183088 0.01141618
v -0.02016459 -0.00703007 0.01141618
v -0.02560261 -0.01152878 0.01141618
v -0.02052447 -0.00612112 0.01141618
v -0.02642802 -0.01100496 0.01141618
v -0.02109909 -0.00533022 0.01141618
v -0.02709724 -0.01029232 0.01141618
v -0.02185234 -0.00470708 0.01141618
v -0.02756820 -0.00943564 0.01141618
v -0.02273690 -0.00429084 0.01141618
v -0.02781132 0.00848884 0.01141618
v -0.02467286 0.01183096 0.01141618
v -0.02369719 0.01189235 0.01141618
v -0.02109909 0.00533031 0.01141618
v -0.02185234 0.00470716 0.01141618
v -0.02052447 0.00612120 0.01141618
v -0.02273690 0.00429092 0.01141618
v -0.02756820 0.00943573 0.01141618
v -0.02560261 0.01152887 0.01141618
v -0.02016459 0.00703015 0.01141618
v -0.02709724 0.01029240 0.01141618
v -0.02642802 0.01100504 0.01141618
v -0.02369719 0.00410774 0.01141618
v -0.02004207 0.00800004 0.01141618
v -0.02467286 0.00416912 0.01141618
v -0.02016459 0.00896993 0.01141618
v -0.02560261 0.00447122 0.01141618
v -0.02052447 0.00987888 0.01141618
v -0.02642802 0.00499504 0.01141618
v -0.02109909 0.01066978 0.01141618
v -0.02709724 0.00570768 0.01141618
v -0.02185234 0.01129292 0.01141618
v -0.02756820 0.00656436 0.01141618
v -0.02273690 0.01170916 0.01141618
v -0.02781132 0.00751124 0.01141618
v 0.00105793 0.01405004 -0.00533382
v 0.00705793 0.01405004 0.00491618
v 0.00105793 0.01405004 0.00491618
v -0.00094207 0.01405004 -0.00533382
v -0.00094207 0.01405004 0.00491618
v -0.00694207 0.01405004 0.00491618
v 0.02305793 0.01405004 0.00491618
v 0.00905793 0.01405004 0.00491618
v 0.03010793 0.01405004 0.00566618
v 0.02505793 0.01405004 0.00566618
v 0.03010793 0.00900004 0.00566618
v 0.03010793 -0.00699996 0.00566618
v 0.03010793 0.00700004 0.00566618
v 0.03010793 -0.01404996 0.00566618
v 0.03010793 -0.00899996 0.00566618
v 0.02505793 -0.01404996 0.00566618
v 0.00905793 -0.01404996 0.00491618
v 0.02305793 -0.01404996 0.00491618
v -0.00094207 -0.01404996 -0.00533382
v -0.00694207 -0.01404996 0.00491618
v -0.00094207 -0.01404996 0.00491618
v 0.00105793 -0.01404996 -0.00533382
v 0.00105793 -0.01404996 0.00491618
v 0.00705793 -0.01404996 0.00491618
v -0.02294207 -0.01404996 0.00491618
v -0.00894207 -0.01404996 0.00491618
v -0.02999207 -0.01404996 0.00541618
v -0.02494207 -0.01404996 0.00541618
v -0.02999207 -0.00899996 0.00541618
v -0.02999207 0.00700004 0.00541618
v -0.02999207 -0.00699996 0.00541618
v -0.02999207 0.01405004 0.00541618
v -0.02999207 0.00900004 0.00541618
v -0.02494207 0.01405004 0.00541618
v -0.00894207 0.01405004 0.00491618
v -0.02294207 0.01405004 0.00491618
v 0.02258176 -0.01113698 0.01116618
v 0.02184799 -0.01067132 0.01116618
v 0.02179734 -0.01073254 0.01126973
v 0.02254793 -0.01120888 0.01126973
v 0.02339339 -0.01148359 0.01126973
v 0.02337399 -0.01158531 0.01134919
v 0.02428712 -0.01164276 0.01134919
v 0.02335139 -0.01170376 0.01139914
v 0.02429469 -0.01176311 0.01139914
v 0.02260303 -0.01109179 0.01104559
v 0.02261028 -0.01107637 0.01091618
v 0.02189069 -0.01061970 0.01091618
v 0.02187983 -0.01063283 0.01104559
v 0.02522311 -0.01158600 0.01139914
v 0.02340828 -0.01140554 0.01116618
v 0.02428061 -0.01153941 0.01126973
v 0.02518584 -0.01147131 0.01134919
v 0.02341764 -0.01135647 0.01104559
v 0.02342083 -0.01133973 0.01091618
v 0.02607831 -0.01118357 0.01139914
v 0.02427562 -0.01146010 0.01116618
v 0.02515384 -0.01137283 0.01126973
v 0.02601370 -0.01108176 0.01134919
v 0.02427249 -0.01141025 0.01104559
v 0.02427142 -0.01139325 0.01091618
v 0.02680657 -0.01058110 0.01139914
v 0.02512929 -0.01129726 0.01116618
v 0.02595821 -0.01099432 0.01126973
v 0.02671867 -0.01049856 0.01134919
v 0.02511385 -0.01124975 0.01104559
v 0.02510859 -0.01123355 0.01091618
v 0.02736213 -0.00981645 0.01139914
v 0.02591564 -0.01092723 0.01116618
v 0.02664318 -0.01042767 0.01126973
v 0.02725645 -0.00975836 0.01134919
v 0.02588887 -0.01088506 0.01104559
v 0.02587974 -0.01087067 0.01091618
v 0.02771006 -0.00893767 0.01139914
v 0.02782852 -0.00799996 0.01139914
v 0.02770793 -0.00799996 0.01134919
v 0.02658526 -0.01037327 0.01116618
v 0.02716571 -0.00970847 0.01126973
v 0.02759326 -0.00890768 0.01134919
v 0.02654884 -0.01033908 0.01104559
v 0.02653642 -0.01032742 0.01091618
v 0.02709607 -0.00967019 0.01116618
v 0.02749296 -0.00888192 0.01126973
v 0.02760438 -0.00799996 0.01126973
v 0.02705230 -0.00964613 0.01104559
v 0.02703737 -0.00963792 0.01091618
v 0.02741600 -0.00886216 0.01116618
v 0.02752492 -0.00799996 0.01116618
v 0.02736762 -0.00884974 0.01104559
v 0.02735111 -0.00884550 0.01091618
v 0.02747497 -0.00799996 0.01104559
v 0.02745793 -0.00799996 0.01091618
v 0.02771006 -0.00706225 0.01139914
v 0.02759326 -0.00709224 0.01134919
v 0.02736213 -0.00618346 0.01139914
v 0.02749296 -0.00711799 0.01126973
v 0.02725645 -0.00624156 0.01134919
v 0.02680657 -0.00541881 0.01139914
v 0.02741600 -0.00713775 0.01116618
v 0.02716571 -0.00629144 0.01126973
v 0.02671867 -0.00550136 0.01134919
v 0.02736762 -0.00715017 0.01104559
v 0.02735111 -0.00715441 0.01091618
v 0.02607831 -0.00481634 0.01139914
v 0.02709607 -0.00632972 0.01116618
v 0.02664318 -0.00557225 0.01126973
v 0.02601370 -0.00491816 0.01134919
v 0.02705230 -0.00635379 0.01104559
v 0.02703737 -0.00636200 0.01091618
v 0.02522311 -0.00441391 0.01139914
v 0.02658526 -0.00562664 0.01116618
v 0.02595821 -0.00500559 0.01126973
v 0.02518584 -0.00452860 0.01134919
v 0.02654884 -0.00566084 0.01104559
v 0.02653642 -0.00567250 0.01091618
v 0.02429469 -0.00423681 0.01139914
v 0.02591564 -0.00507268 0.01116618
v 0.02515384 -0.00462709 0.01126973
v 0.02428712 -0.00435716 0.01134919
v 0.02588887 -0.00511486 0.01104559
v 0.02587974 -0.00512924 0.01091618
v 0.02335139 -0.00429615 0.01139914
v 0.02512929 -0.00470266 0.01116618
v 0.02428061 -0.00446051 0.01126973
v 0.02337399 -0.00441461 0.01134919
v 0.02511385 -0.00475016 0.01104559
v 0.02510859 -0.00476637 0.01091618
v 0.02245249 -0.00458823 0.01139914
v 0.02427562 -0.00453981 0.01116618
v 0.02339339 -0.00451633 0.01126973
v 0.02250383 -0.00469734 0.01134919
v 0.02427249 -0.00458966 0.01104559
v 0.02427142 -0.00460667 0.01091618
v 0.02165447 -0.00509467 0.01139914
v 0.02340828 -0.00459438 0.01116618
v 0.02254793 -0.00479104 0.01126973
v 0.02173133 -0.00518758 0.01134919
v 0.02341764 -0.00464345 0.01104559
v 0.02342083 -0.00466018 0.01091618
v 0.02100746 -0.00578366 0.01139914
v 0.02258176 -0.00486293 0.01116618
v 0.02179734 -0.00526737 0.01126973
v 0.02110502 -0.00585454 0.01134919
v 0.02260303 -0.00490813 0.01104559
v 0.02261028 -0.00492355 0.01091618
v 0.02055212 -0.00661191 0.01139914
v 0.02184799 -0.00532860 0.01116618
v 0.02118879 -0.00591541 0.01126973
v 0.02066425 -0.00665630 0.01134919
v 0.02187983 -0.00536709 0.01104559
v 0.02189069 -0.00538021 0.01091618
v 0.02031707 -0.00752738 0.01139914
v 0.02125308 -0.00596211 0.01116618
v 0.02076053 -0.00669442 0.01126973
v 0.02043671 -0.00754249 0.01134919
v 0.02129349 -0.00599147 0.01104559
v 0.02130727 -0.00600149 0.01091618
v 0.02031707 -0.00847254 0.01139914
v 0.02083441 -0.00672367 0.01116618
v 0.02053945 -0.00755547 0.01126973
v 0.02043671 -0.00845742 0.01134919
v 0.02088085 -0.00674206 0.01104559
v 0.02089669 -0.00674833 0.01091618
v 0.02055212 -0.00938800 0.01139914
v 0.02061828 -0.00756543 0.01116618
v 0.02053945 -0.00844445 0.01126973
v 0.02066425 -0.00934361 0.01134919
v 0.02066784 -0.00757169 0.01104559
v 0.02068474 -0.00757382 0.01091618
v 0.02100746 -0.01021626 0.01139914
v 0.02061828 -0.00843449 0.01116618
v 0.02076053 -0.00930549 0.01126973
v 0.02110502 -0.01014537 0.01134919
v 0.02066784 -0.00842823 0.01104559
v 0.02068474 -0.00842609 0.01091618
v 0.02165447 -0.01090525 0.01139914
v 0.02083441 -0.00927624 0.01116618
v 0.02118879 -0.01008451 0.01126973
v 0.02173133 -0.01081233 0.01134919
v 0.02088085 -0.00925785 0.01104559
v 0.02089669 -0.00925158 0.01091618
v 0.02245249 -0.01141169 0.01139914
v 0.02125308 -0.01003780 0.01116618
v 0.02250383 -0.01130258 0.01134919
v 0.02129349 -0.01000844 0.01104559
v 0.02130727 -0.00999843 0.01091618
v 0.00658176 -0.01113698 0.01116618
v 0.00584799 -0.01067132 0.01116618
v 0.00579734 -0.01073254 0.01126973
v 0.00654793 -0.01120888 0.01126973
v 0.00739339 -0.01148359 0.01126973
v 0.00737399 -0.01158531 0.01134919
v 0.00828712 -0.01164276 0.01134919
v 0.00735139 -0.01170376 0.01139914
v 0.00829469 -0.01176311 0.01139914
v 0.00660303 -0.01109179 0.01104559
v 0.00661028 -0.01107637 0.01091618
v 0.00589069 -0.01061970 0.01091618
v 0.00587983 -0.01063283 0.01104559
v 0.00922311 -0.01158600 0.01139914
v 0.00740828 -0.01140554 0.01116618
v 0.00828061 -0.01153941 0.01126973
v 0.00918584 -0.01147131 0.01134919
v 0.00741764 -0.01135647 0.01104559
v 0.00742083 -0.01133973 0.01091618
v 0.01007831 -0.01118357 0.01139914
v 0.00827562 -0.01146010 0.01116618
v 0.00915384 -0.01137283 0.01126973
v 0.01001370 -0.01108176 0.01134919
v 0.00827249 -0.01141025 0.01104559
v 0.00827142 -0.01139325 0.01091618
v 0.01080657 -0.01058110 0.01139914
v 0.00912929 -0.01129726 0.01116618
v 0.00995821 -0.01099432 0.01126973
v 0.01071867 -0.01049856 0.01134919
v 0.00911385 -0.01124975 0.01104559
v 0.00910859 -0.01123355 0.01091618
v 0.01136213 -0.00981645 0.01139914
v 0.00991564 -0.01092723 0.01116618
v 0.01064318 -0.01042767 0.01126973
v 0.01125645 -0.00975836 0.01134919
v 0.00988887 -0.01088506 0.01104559
v 0.00987974 -0.01087067 0.01091618
v 0.01171006 -0.00893767 0.01139914
v 0.01182852 -0.00799996 0.01139914
v 0.01170793 -0.00799996 0.01134919
v 0.01058526 -0.01037327 0.01116618
v 0.01116571 -0.00970847 0.01126973
v 0.01159326 -0.00890768 0.01134919
v 0.01054884 -0.01033908 0.01104559
v 0.01053642 -0.01032742 0.01091618
v 0.01109607 -0.00967019 0.01116618
v 0.01149296 -0.00888192 0.01126973
v 0.01160438 -0.00799996 0.01126973
v 0.01105230 -0.00964613 0.01104559
v 0.01103737 -0.00963792 0.01091618
v 0.01141600 -0.00886216 0.01116618
v 0.01152492 -0.00799996 0.01116618
v 0.01136762 -0.00884974 0.01104559
v 0.01135111 -0.00884550 0.01091618
v 0.01147497 -0.00799996 0.01104559
v 0.01145793 -0.00799996 0.01091618
v 0.01171006 -0.00706225 0.01139914
v 0.01159326 -0.00709224 0.01134919
v 0.01136213 -0.00618346 0.01139914
v 0.01149296 -0.00711799 0.01126973
v 0.01125645 -0.00624156 0.01134919
v 0.01080657 -0.00541881 0.01139914
v 0.01141600 -0.00713775 0.01116618
v 0.01116571 -0.00629144 0.01126973
v 0.01071867 -0.00550136 0.01134919
v 0.01136762 -0.00715017 0.01104559
v 0.01135111 -0.00715441 0.01091618
v 0.01007831 -0.00481634 0.01139914
v 0.01109607 -0.00632972 0.01116618
v 0.01064318 -0.00557225 0.01126973
v 0.01001370 -0.00491816 0.01134919
v 0.01105230 -0.00635379 0.01104559
v 0.01103737 -0.00636200 0.01091618
v 0.00922311 -0.00441391 0.01139914
v 0.01058526 -0.00562664 0.01116618
v 0.00995821 -0.00500559 0.01126973
v 0.00918584 -0.00452860 0.01134919
v 0.01054884 -0.00566084 0.01104559
v 0.01053642 -0.00567250 0.01091618
v 0.00829469 -0.00423681 0.01139914
v 0.00991564 -0.00507268 0.01116618
v 0.00915384 -0.00462709 0.01126973
v 0.00828712 -0.00435716 0.01134919
v 0.00988887 -0.00511486 0.01104559
v 0.00987974 -0.00512924 0.01091618
v 0.00735139 -0.00429615 0.01139914
v 0.00912929 -0.00470266 0.01116618
v 0.00828061 -0.00446051 0.01126973
v 0.00737399 -0.00441461 0.01134919
v 0.00911385 -0.00475016 0.01104559
v 0.00910859 -0.00476637 0.01091618
v 0.00645249 -0.00458823 0.01139914
v 0.00827562 -0.00453981 0.01116618
v 0.00739339 -0.00451633 0.01126973
v 0.00650383 -0.00469734 0.01134919
v 0.00827249 -0.00458966 0.01104559
v 0.00827142 -0.00460667 0.01091618
v 0.00565447 -0.00509467 0.01139914
v 0.00740828 -0.00459438 0.01116618
v 0.00654793 -0.00479104 0.01126973
v 0.00573133 -0.00518758 0.01134919
v 0.00741764 -0.00464345 0.01104559
v 0.00742083 -0.00466018 0.01091618
v 0.00500746 -0.00578366 0.01139914
v 0.00658176 -0.00486293 0.01116618
v 0.00579734 -0.00526737 0.01126973
v 0.00510502 -0.00585454 0.01134919
v 0.00660303 -0.00490813 0.01104559
v 0.00661028 -0.00492355 0.01091618
v 0.00455212 -0.00661191 0.01139914
v 0.00584799 -0.00532860 0.01116618
v 0.00518879 -0.00591541 0.01126973
v 0.00466425 -0.00665630 0.01134919
v 0.00587983 -0.00536709 0.01104559
v 0.00589069 -0.00538021 0.01091618
v 0.00431707 -0.00752738 0.01139914
v 0.00525308 -0.00596211 0.01116618
v 0.00476053 -0.00669442 0.01126973
v 0.00443671 -0.00754249 0.01134919
v 0.00529349 -0.00599147 0.01104559
v 0.00530727 -0.00600149 0.01091618
v 0.00431707 -0.00847254 0.01139914
v 0.00483441 -0.00672367 0.01116618
v 0.00453945 -0.00755547 0.01126973
v 0.00443671 -0.00845742 0.01134919
v 0.00488085 -0.00674206 0.01104559
v 0.00489669 -0.00674833 0.01091618
v 0.00455212 -0.00938800 0.01139914
v 0.00461828 -0.00756543 0.01116618
v 0.00453945 -0.00844445 0.01126973
v 0.00466425 -0.00934361 0.01134919
v 0.00466784 -0.00757169 0.01104559
v 0.00468474 -0.00757382 0.01091618
v 0.00500746 -0.01021626 0.01139914
v 0.00461828 -0.00843449 0.01116618
v 0.00476053 -0.00930549 0.01126973
v 0.00510502 -0.01014537 0.01134919
v 0.00466784 -0.00842823 0.01104559
v 0.00468474 -0.00842609 0.01091618
v 0.00565447 -0.01090525 0.01139914
v 0.00483441 -0.00927624 0.01116618
v 0.00518879 -0.01008451 0.01126973
v 0.00573133 -0.01081233 0.01134919
v 0.00488085 -0.00925785 0.01104559
v 0.00489669 -0.00925158 0.01091618
v 0.00645249 -0.01141169 0.01139914
v 0.00525308 -0.01003780 0.01116618
v 0.00650383 -0.01130258 0.01134919
v 0.00529349 -0.01000844 0.01104559
v 0.00530727 -0.00999843 0.01091618
v -0.00941824 -0.01113698 0.01116618
v -0.01015201 -0.01067132 0.01116618
v -0.01020266 -0.01073254 0.01126973
v -0.00945207 -0.01120888 0.01126973
v -0.00860661 -0.01148359 0.01126973
v -0.00862601 -0.01158531 0.01134919
v -0.00771288 -0.01164276 0.01134919
v -0.00864861 -0.01170376 0.01139914
v -0.00770531 -0.01176311 0.01139914
v -0.00939697 -0.01109179 0.01104559
v -0.00938972 -0.01107637 0.01091618
v -0.01010931 -0.01061970 0.01091618
v -0.01012017 -0.01063283 0.01104559
v -0.00677689 -0.01158600 0.01139914
v -0.00859172 -0.01140554 0.01116618
v -0.00771939 -0.01153941 0.01126973
v -0.00681416 -0.01147131 0.01134919
v -0.00858236 -0.01135647 0.01104559
v -0.00857917 -0.01133973 0.01091618
v -0.00592169 -0.01118357 0.01139914
v -0.00772438 -0.01146010 0.01116618
v -0.00684616 -0.01137283 0.01126973
v -0.00598630 -0.01108176 0.01134919
v -0.00772751 -0.01141025 0.01104559
v -0.00772858 -0.01139325 0.01091618
v -0.00519343 -0.01058110 0.01139914
v -0.00687071 -0.01129726 0.01116618
v -0.00604179 -0.01099432 0.01126973
v -0.00528133 -0.01049856 0.01134919
v -0.00688615 -0.01124975 0.01104559
v -0.00689141 -0.01123355 0.01091618
v -0.00463788 -0.00981645 0.01139914
v -0.00608436 -0.01092723 0.01116618
v -0.00535682 -0.01042767 0.01126973
v -0.00474355 -0.00975836 0.01134919
v -0.00611113 -0.01088506 0.01104559
v -0.00612026 -0.01087067 0.01091618
v -0.00428994 -0.00893767 0.01139914
v -0.00417148 -0.00799996 0.01139914
v -0.00429207 -0.00799996 0.01134919
v -0.00541474 -0.01037327 0.01116618
v -0.00483429 -0.00970847 0.01126973
v -0.00440674 -0.00890768 0.01134919
v -0.00545116 -0.01033908 0.01104559
v -0.00546358 -0.01032742 0.01091618
v -0.00490392 -0.00967019 0.01116618
v -0.00450704 -0.00888192 0.01126973
v -0.00439562 -0.00799996 0.01126973
v -0.00494770 -0.00964613 0.01104559
v -0.00496263 -0.00963792 0.01091618
v -0.00458400 -0.00886216 0.01116618
v -0.00447508 -0.00799996 0.01116618
v -0.00463238 -0.00884974 0.01104559
v -0.00464889 -0.00884550 0.01091618
v -0.00452503 -0.00799996 0.01104559
v -0.00454207 -0.00799996 0.01091618
v -0.00428994 -0.00706225 0.01139914
v -0.00440674 -0.00709224 0.01134919
v -0.00463788 -0.00618346 0.01139914
v -0.00450704 -0.00711799 0.01126973
v -0.00474355 -0.00624156 0.01134919
v -0.00519343 -0.00541881 0.01139914
v -0.00458400 -0.00713775 0.01116618
v -0.00483429 -0.00629144 0.01126973
v -0.00528133 -0.00550136 0.01134919
v -0.00463238 -0.00715017 0.01104559
v -0.00464889 -0.00715441 0.01091618
v -0.00592169 -0.00481634 0.01139914
v -0.00490392 -0.00632972 0.01116618
v -0.00535682 -0.00557225 0.01126973
v -0.00598630 -0.00491816 0.01134919
v -0.00494770 -0.00635379 0.01104559
v -0.00496263 -0.00636200 0.01091618
v -0.00677689 -0.00441391 0.01139914
v -0.00541474 -0.00562664 0.01116618
v -0.00604179 -0.00500559 0.01126973
v -0.00681416 -0.00452860 0.01134919
v -0.00545116 -0.00566084 0.01104559
v -0.00546358 -0.00567250 0.01091618
v -0.00770531 -0.00423681 0.01139914
v -0.00608436 -0.00507268 0.01116618
v -0.00684616 -0.00462709 0.01126973
v -0.00771288 -0.00435716 0.01134919
v -0.00611113 -0.00511486 0.01104559
v -0.00612026 -0.00512924 0.01091618
v -0.00864861 -0.00429615 0.01139914
v -0.00687071 -0.00470266 0.01116618
v -0.00771939 -0.00446051 0.01126973
v -0.00862601 -0.00441461 0.01134919
v -0.00688615 -0.00475016 0.01104559
v -0.00689141 -0.00476637 0.01091618
v -0.00954751 -0.00458823 0.01139914
v -0.00772438 -0.00453981 0.01116618
v -0.00860661 -0.00451633 0.01126973
v -0.00949616 -0.00469734 0.01134919
v -0.00772751 -0.00458966 0.01104559
v -0.00772858 -0.00460667 0.01091618
v -0.01034553 -0.00509467 0.01139914
v -0.00859172 -0.00459438 0.01116618
v -0.00945207 -0.00479104 0.01126973
v -0.01026867 -0.00518758 0.01134919
v -0.00858236 -0.00464345 0.01104559
v -0.00857917 -0.00466018 0.01091618
v -0.01099254 -0.00578366 0.01139914
v -0.00941824 -0.00486293 0.01116618
v -0.01020266 -0.00526737 0.01126973
v -0.01089498 -0.00585454 0.01134919
v -0.00939697 -0.00490813 0.01104559
v -0.00938972 -0.00492355 0.01091618
v -0.01144788 -0.00661191 0.01139914
v -0.01015201 -0.00532860 0.01116618
v -0.01081120 -0.00591541 0.01126973
v -0.01133575 -0.00665630 0.01134919
v -0.01012017 -0.00536709 0.01104559
v -0.01010931 -0.00538021 0.01091618
v -0.01168293 -0.00752738 0.01139914
v -0.01074692 -0.00596211 0.01116618
v -0.01123947 -0.00669442 0.01126973
v -0.01156329 -0.00754249 0.01134919
v -0.01070651 -0.00599147 0.01104559
v -0.01069273 -0.00600149 0.01091618
v -0.01168293 -0.00847254 0.01139914
v -0.01116559 -0.00672367 0.01116618
v -0.01146055 -0.00755547 0.01126973
v -0.01156329 -0.00845742 0.01134919
v -0.01111915 -0.00674206 0.01104559
v -0.01110331 -0.00674833 0.01091618
v -0.01144788 -0.00938800 0.01139914
v -0.01138172 -0.00756543 0.01116618
v -0.01146055 -0.00844445 0.01126973
v -0.01133575 -0.00934361 0.01134919
v -0.01133216 -0.00757169 0.01104559
v -0.01131526 -0.00757382 0.01091618
v -0.01099254 -0.01021626 0.01139914
v -0.01138172 -0.00843449 0.01116618
v -0.01123947 -0.00930549 0.01126973
v -0.01089498 -0.01014537 0.01134919
v -0.01133216 -0.00842823 0.01104559
v -0.01131526 -0.00842609 0.01091618
v -0.01034553 -0.01090525 0.01139914
v -0.01116559 -0.00927624 0.01116618
v -0.01081120 -0.01008451 0.01126973
v -0.01026867 -0.01081233 0.01134919
v -0.01111915 -0.00925785 0.01104559
v -0.01110331 -0.00925158 0.01091618
v -0.00954751 -0.01141169 0.01139914
v -0.01074692 -0.01003780 0.01116618
v -0.00949616 -0.01130258 0.01134919
v -0.01070651 -0.01000844 0.01104559
v -0.01069273 -0.00999843 0.01091618
v 0.02258176 0.00486302 0.01116618
v 0.02184799 0.00532868 0.01116618
v 0.02179734 0.00526746 0.01126973
v 0.02254793 0.00479112 0.01126973
v 0.02339339 0.00451641 0.01126973
v 0.02337399 0.00441469 0.01134919
v 0.02428712 0.00435724 0.01134919
v 0.02335139 0.00429624 0.01139914
v 0.02429469 0.00423689 0.01139914
v 0.02260303 0.00490821 0.01104559
v 0.02261028 0.00492363 0.01091618
v 0.02189069 0.00538030 0.01091618
v 0.02187983 0.00536717 0.01104559
v 0.02522311 0.00441400 0.01139914
v 0.02340828 0.00459447 0.01116618
v 0.02428061 0.00446059 0.01126973
v 0.02518584 0.00452869 0.01134919
v 0.02341764 0.00464353 0.01104559
v 0.02342083 0.00466027 0.01091618
v 0.02607831 0.00481643 0.01139914
v 0.02427562 0.00453990 0.01116618
v 0.02515384 0.00462717 0.01126973
v 0.02601370 0.00491825 0.01134919
v 0.02427249 0.00458975 0.01104559
v 0.02427142 0.00460675 0.01091618
v 0.02680657 0.00541890 0.01139914
v 0.02512929 0.00470274 0.01116618
v 0.02595821 0.00500568 0.01126973
v 0.02671867 0.00550145 0.01134919
v 0.02511385 0.00475025 0.01104559
v 0.02510859 0.00476645 0.01091618
v 0.02736213 0.00618355 0.01139914
v 0.02591564 0.00507277 0.01116618
v 0.02664318 0.00557233 0.01126973
v 0.02725645 0.00624164 0.01134919
v 0.02588887 0.00511494 0.01104559
v 0.02587974 0.00512933 0.01091618
v 0.02771006 0.00706233 0.01139914
v 0.02782852 0.00800004 0.01139914
v 0.02770793 0.00800004 0.01134919
v 0.02658526 0.00562673 0.01116618
v 0.02716571 0.00629153 0.01126973
v 0.02759326 0.00709232 0.01134919
v 0.02654884 0.00566092 0.01104559
v 0.02653642 0.00567258 0.01091618
v 0.02709607 0.00632981 0.01116618
v 0.02749296 0.00711808 0.01126973
v 0.02760438 0.00800004 0.01126973
v 0.02705230 0.00635387 0.01104559
v 0.02703737 0.00636208 0.01091618
v 0.02741600 0.00713784 0.01116618
v 0.02752492 0.00800004 0.01116618
v 0.02736762 0.00715026 0.01104559
v 0.02735111 0.00715450 0.01091618
v 0.02747497 0.00800004 0.01104559
v 0.02745793 0.00800004 0.01091618
v 0.02771006 0.00893775 0.01139914
v 0.02759326 0.00890776 0.01134919
v 0.02736213 0.00981654 0.01139914
v 0.02749296 0.00888201 0.01126973
v 0.02725645 0.00975844 0.01134919
v 0.02680657 0.01058119 0.01139914
v 0.02741600 0.00886225 0.01116618
v 0.02716571 0.00970856 0.01126973
v 0.02671867 0.01049864 0.01134919
v 0.02736762 0.00884983 0.01104559
v 0.02735111 0.00884559 0.01091618
v 0.02607831 0.01118366 0.01139914
v 0.02709607 0.00967028 0.01116618
v 0.02664318 0.01042775 0.01126973
v 0.02601370 0.01108184 0.01134919
v 0.02705230 0.00964621 0.01104559
v 0.02703737 0.00963800 0.01091618
v 0.02522311 0.01158609 0.01139914
v 0.02658526 0.01037336 0.01116618
v 0.02595821 0.01099441 0.01126973
v 0.02518584 0.01147140 0.01134919
v 0.02654884 0.01033916 0.01104559
v 0.02653642 0.01032750 0.01091618
v 0.02429469 0.01176319 0.01139914
v 0.02591564 0.01092732 0.01116618
v 0.02515384 0.01137291 0.01126973
v 0.02428712 0.01164284 0.01134919
v 0.02588887 0.01088514 0.01104559
v 0.02587974 0.01087076 0.01091618
v 0.02335139 0.01170384 0.01139914
v 0.02512929 0.01129734 0.01116618
v 0.02428061 0.01153949 0.01126973
v 0.02337399 0.01158539 0.01134919
v 0.02511385 0.01124984 0.01104559
v 0.02510859 0.01123364 0.01091618
v 0.02245249 0.01141177 0.01139914
v 0.02427562 0.01146019 0.01116618
v 0.02339339 0.01148367 0.01126973
v 0.02250383 0.01130266 0.01134919
v 0.02427249 0.01141034 0.01104559
v 0.02427142 0.01139333 0.01091618
v 0.02165447 0.01090533 0.01139914
v 0.02340828 0.01140562 0.01116618
v 0.02254793 0.01120896 0.01126973
v 0.02173133 0.01081242 0.01134919
v 0.02341764 0.01135655 0.01104559
v 0.02342083 0.01133982 0.01091618
v 0.02100746 0.01021634 0.01139914
v 0.02258176 0.01113707 0.01116618
v 0.02179734 0.01073263 0.01126973
v 0.02110502 0.01014546 0.01134919
v 0.02260303 0.01109187 0.01104559
v 0.02261028 0.01107645 0.01091618
v 0.02055212 0.00938809 0.01139914
v 0.02184799 0.01067140 0.01116618
v 0.02118879 0.01008459 0.01126973
v 0.02066425 0.00934370 0.01134919
v 0.02187983 0.01063291 0.01104559
v 0.02189069 0.01061979 0.01091618
v 0.02031707 0.00847262 0.01139914
v 0.02125308 0.01003789 0.01116618
v 0.02076053 0.00930558 0.01126973
v 0.02043671 0.00845751 0.01134919
v 0.02129349 0.01000853 0.01104559
v 0.02130727 0.00999851 0.01091618
v 0.02031707 0.00752746 0.01139914
v 0.02083441 0.00927633 0.01116618
v 0.02053945 0.00844453 0.01126973
v 0.02043671 0.00754258 0.01134919
v 0.02088085 0.00925794 0.01104559
v 0.02089669 0.00925167 0.01091618
v 0.02055212 0.00661200 0.01139914
v 0.02061828 0.00843457 0.01116618
v 0.02053945 0.00755555 0.01126973
v 0.02066425 0.00665639 0.01134919
v 0.02066784 0.00842831 0.01104559
v 0.02068474 0.00842617 0.01091618
v 0.02100746 0.00578374 0.01139914
v 0.02061828 0.00756551 0.01116618
v 0.02076053 0.00669451 0.01126973
v 0.02110502 0.00585463 0.01134919
v 0.02066784 0.00757177 0.01104559
v 0.02068474 0.00757391 0.01091618
v 0.02165447 0.00509475 0.01139914
v 0.02083441 0.00672376 0.01116618
v 0.02118879 0.00591549 0.01126973
v 0.02173133 0.00518767 0.01134919
v 0.02088085 0.00674215 0.01104559
v 0.02089669 0.00674842 0.01091618
v 0.02245249 0.00458831 0.01139914
v 0.02125308 0.00596220 0.01116618
v 0.02250383 0.00469742 0.01134919
v 0.02129349 0.00599156 0.01104559
v 0.02130727 0.00600157 0.01091618
v -0.00941824 0.00486302 0.01116618
v -0.01015201 0.00532868 0.01116618
v -0.01020266 0.00526746 0.01126973
v -0.00945207 0.00479112 0.01126973
v -0.00860661 0.00451641 0.01126973
v -0.00862601 0.00441469 0.01134919
v -0.00771288 0.00435724 0.01134919
v -0.00864861 0.00429624 0.01139914
v -0.00770531 0.00423689 0.01139914
v -0.00939697 0.00490821 0.01104559
v -0.00938972 0.00492363 0.01091618
v -0.01010931 0.00538030 0.01091618
v -0.01012017 0.00536717 0.01104559
v -0.00677689 0.00441400 0.01139914
v -0.00859172 0.00459447 0.01116618
v -0.00771939 0.00446059 0.01126973
v -0.00681416 0.00452869 0.01134919
v -0.00858236 0.00464353 0.01104559
v -0.00857917 0.00466027 0.01091618
v -0.00592169 0.00481643 0.01139914
v -0.00772438 0.00453990 0.01116618
v -0.00684616 0.00462717 0.01126973
v -0.00598630 0.00491825 0.01134919
v -0.00772751 0.00458975 0.01104559
v -0.00772858 0.00460675 0.01091618
v -0.00519343 0.00541890 0.01139914
v -0.00687071 0.00470274 0.01116618
v -0.00604179 0.00500568 0.01126973
v -0.00528133 0.00550145 0.01134919
v -0.00688615 0.00475025 0.01104559
v -0.00689141 0.00476645 0.01091618
v -0.00463788 0.00618355 0.01139914
v -0.00608436 0.00507277 0.01116618
v -0.00535682 0.00557233 0.01126973
v -0.00474355 0.00624164 0.01134919
v -0.00611113 0.00511494 0.01104559
v -0.00612026 0.00512933 0.01091618
v -0.00428994 0.00706233 0.01139914
v -0.00417148 0.00800004 0.01139914
v -0.00429207 0.00800004 0.01134919
v -0.00541474 0.00562673 0.01116618
v -0.00483429 0.00629153 0.01126973
v -0.00440674 0.00709232 0.01134919
v -0.00545116 0.00566092 0.01104559
v -0.00546358 0.00567258 0.01091618
v -0.00490392 0.00632981 0.01116618
v -0.00450704 0.00711808 0.01126973
v -0.00439562 0.00800004 0.01126973
v -0.00494770 0.00635387 0.01104559
v -0.00496263 0.00636208 0.01091618
v -0.00458400 0.00713784 0.01116618
v -0.00447508 0.00800004 0.01116618
v -0.00463238 0.00715026 0.01104559
v -0.00464889 0.00715450 0.01091618
v -0.00452503 0.00800004 0.01104559
v -0.00454207 0.00800004 0.01091618
v -0.00428994 0.00893775 0.01139914
v -0.00440674 0.00890776 0.01134919
v -0.00463788 0.00981654 0.01139914
v -0.00450704 0.00888201 0.01126973
v -0.00474355 0.00975844 0.01134919
v -0.00519343 0.01058119 0.01139914
v -0.00458400 0.00886225 0.01116618
v -0.00483429 0.00970856 0.01126973
v -0.00528133 0.01049864 0.01134919
v -0.00463238 0.00884983 0.01104559
v -0.00464889 0.00884559 0.01091618
v -0.00592169 0.01118366 0.01139914
v -0.00490392 0.00967028 0.01116618
v -0.00535682 0.01042775 0.01126973
v -0.00598630 0.01108184 0.01134919
v -0.00494770 0.00964621 0.01104559
v -0.00496263 0.00963800 0.01091618
v -0.00677689 0.01158609 0.01139914
v -0.00541474 0.01037336 0.01116618
v -0.00604179 0.01099441 0.01126973
v -0.00681416 0.01147140 0.01134919
v -0.00545116 0.01033916 0.01104559
v -0.00546358 0.01032750 0.01091618
v -0.00770531 0.01176319 0.01139914
v -0.00608436 0.01092732 0.01116618
v -0.00684616 0.01137291 0.01126973
v -0.00771288 0.01164284 0.01134919
v -0.00611113 0.01088514 0.01104559
v -0.00612026 0.01087076 0.01091618
v -0.00864861 0.01170384 0.01139914
v -0.00687071 0.01129734 0.01116618
v -0.00771939 0.01153949 0.01126973
v -0.00862601 0.01158539 0.01134919
v -0.00688615 0.01124984 0.01104559
v -0.00689141 0.01123364 0.01091618
v -0.00954751 0.01141177 0.01139914
v -0.00772438 0.01146019 0.01116618
v -0.00860661 0.01148367 0.01126973
v -0.00949616 0.01130266 0.01134919
v -0.00772751 0.01141034 0.01104559
v -0.00772858 0.01139333 0.01091618
v -0.01034553 0.01090533 0.01139914
v -0.00859172 0.01140562 0.01116618
v -0.00945207 0.01120896 0.01126973
v -0.01026867 0.01081242 0.01134919
v -0.00858236 0.01135655 0.01104559
v -0.00857917 0.01133982 0.01091618
v -0.01099254 0.01021634 0.01139914
v -0.00941824 0.01113707 0.01116618
v -0.01020266 0.01073263 0.01126973
v -0.01089498 0.01014546 0.01134919
v -0.00939697 0.01109187 0.01104559
v -0.00938972 0.01107645 0.01091618
v -0.01144788 0.00938809 0.01139914
v -0.01015201 0.01067140 0.01116618
v -0.01081120 0.01008459 0.01126973
v -0.01133575 0.00934370 0.01134919
v -0.01012017 0.01063291 0.01104559
v -0.01010931 0.01061979 0.01091618
v -0.01168293 0.00847262 0.01139914
v -0.01074692 0.01003789 0.01116618
v -0.01123947 0.00930558 0.01126973
v -0.01156329 0.00845751 0.01134919
v -0.01070651 0.01000853 0.01104559
v -0.01069273 0.00999851 0.01091618
v -0.01168293 0.00752746 0.01139914
v -0.01116559 0.00927633 0.01116618
v -0.01146055 0.00844453 0.01126973
v -0.01156329 0.00754258 0.01134919
v -0.01111915 0.00925794 0.01104559
v -0.01110331 0.00925167 0.01091618
v -0.01144788 0.00661200 0.01139914
v -0.01138172 0.00843457 0.01116618
v -0.01146055 0.00755555 0.01126973
v -0.01133575 0.00665639 0.01134919
v -0.01133216 0.00842831 0.01104559
v -0.01131526 0.00842617 0.01091618
v -0.01099254 0.00578374 0.01139914
v -0.01138172 0.00756551 0.01116618
v -0.01123947 0.00669451 0.01126973
v -0.01089498 0.00585463 0.01134919
v -0.01133216 0.00757177 0.01104559
v -0.01131526 0.00757391 0.01091618
v -0.01034553 0.00509475 0.01139914
v -0.01116559 0.00672376 0.01116618
v -0.01081120 0.00591549 0.01126973
v -0.01026867 0.00518767 0.01134919
v -0.01111915 0.00674215 0.01104559
v -0.01110331 0.00674842 0.01091618
v -0.00954751 0.00458831 0.01139914
v -0.01074692 0.00596220 0.01116618
v -0.00949616 0.00469742 0.01134919
v -0.01070651 0.00599156 0.01104559
v -0.01069273 0.00600157 0.01091618
v 0.00658176 0.00486302 0.01116618
v 0.00584799 0.00532868 0.01116618
v 0.00579734 0.00526746 0.01126973
v 0.00654793 0.00479112 0.01126973
v 0.00739339 0.00451641 0.01126973
v 0.00737399 0.00441469 0.01134919
v 0.00828712 0.00435724 0.01134919
v 0.00735139 0.00429624 0.01139914
v 0.00829469 0.00423689 0.01139914
v 0.00660303 0.00490821 0.01104559
v 0.00661028 0.00492363 0.01091618
v 0.00589069 0.00538030 0.01091618
v 0.00587983 0.00536717 0.01104559
v 0.00922311 0.00441400 0.01139914
v 0.00740828 0.00459447 0.01116618
v 0.00828061 0.00446059 0.01126973
v 0.00918584 0.00452869 0.01134919
v 0.00741764 0.00464353 0.01104559
v 0.00742083 0.00466027 0.01091618
v 0.01007831 0.00481643 0.01139914
v 0.00827562 0.00453990 0.01116618
v 0.00915384 0.00462717 0.01126973
v 0.01001370 0.00491825 0.01134919
v 0.00827249 0.00458975 0.01104559
v 0.00827142 0.00460675 0.01091618
v 0.01080657 0.00541890 0.01139914
v 0.00912929 0.00470274 0.01116618
v 0.00995821 0.00500568 0.01126973
v 0.01071867 0.00550145 0.01134919
v 0.00911385 0.00475025 0.01104559
v 0.00910859 0.00476645 0.01091618
v 0.01136213 0.00618355 0.01139914
v 0.00991564 0.00507277 0.01116618
v 0.01064318 0.00557233 0.01126973
v 0.01125645 0.00624164 0.01134919
v 0.00988887 0.00511494 0.01104559
v 0.00987974 0.00512933 0.01091618
v 0.01171006 0.00706233 0.01139914
v 0.01182852 0.00800004 0.01139914
v 0.01170793 0.00800004 0.01134919
v 0.01058526 0.00562673 0.01116618
v 0.01116571 0.00629153 0.01126973
v 0.01159326 0.00709232 0.01134919
v 0.01054884 0.00566092 0.01104559
v 0.01053642 0.00567258 0.01091618
v 0.01109607 0.00632981 0.01116618
v 0.01149296 0.00711808 0.01126973
v 0.01160438 0.00800004 0.01126973
v 0.01105230 0.00635387 0.01104559
v 0.01103737 0.00636208 0.01091618
v 0.01141600 0.00713784 0.01116618
v 0.01152492 0.00800004 0.01116618
v 0.01136762 0.00715026 0.01104559
v 0.01135111 0.00715450 0.01091618
v 0.01147497 0.00800004 0.01104559
v 0.01145793 0.00800004 0.01091618
v 0.01171006 0.00893775 0.01139914
v 0.01159326 0.00890776 0.01134919
v 0.01136213 0.00981654 0.01139914
v 0.01149296 0.00888201 0.01126973
v 0.01125645 0.00975844 0.01134919
v 0.01080657 0.01058119 0.01139914
v 0.01141600 0.00886225 0.01116618
v 0.01116571 0.00970856 0.01126973
v 0.01071867 0.01049864 0.01134919
v 0.01136762 0.00884983 0.01104559
v 0.01135111 0.00884559 0.01091618
v 0.01007831 0.01118366 0.01139914
v 0.01109607 0.00967028 0.01116618
v 0.01064318 0.01042775 0.01126973
v 0.01001370 0.01108184 0.01134919
v 0.01105230 0.00964621 0.01104559
v 0.01103737 0.00963800 0.01091618
v 0.00922311 0.01158609 0.01139914
v 0.01058526 0.01037336 0.01116618
v 0.00995821 0.01099441 0.01126973
v 0.00918584 0.01147140 0.01134919
v 0.01054884 0.01033916 0.01104559
v 0.01053642 0.01032750 0.01091618
v 0.00829469 0.01176319 0.01139914
v 0.00991564 0.01092732 0.01116618
v 0.00915384 0.01137291 0.01126973
v 0.00828712 0.01164284 0.01134919
v 0.00988887 0.01088514 0.01104559
v 0.00987974 0.01087076 0.01091618
v 0.00735139 0.01170384 0.01139914
v 0.00912929 0.01129734 0.01116618
v 0.00828061 0.01153949 0.01126973
v 0.00737399 0.01158539 0.01134919
v 0.00911385 0.01124984 0.01104559
v 0.00910859 0.01123364 0.01091618
v 0.00645249 0.01141177 0.01139914
v 0.00827562 0.01146019 0.01116618
v 0.00739339 0.01148367 0.01126973
v 0.00650383 0.01130266 0.01134919
v 0.00827249 0.01141034 0.01104559
v 0.00827142 0.01139333 0.01091618
v 0.00565447 0.01090533 0.01139914
v 0.00740828 0.01140562 0.01116618
v 0.00654793 0.01120896 0.01126973
v 0.00573133 0.01081242 0.01134919
v 0.00741764 0.01135655 0.01104559
v 0.00742083 0.01133982 0.01091618
v 0.00500746 0.01021634 0.01139914
v 0.00658176 0.01113707 0.01116618
v 0.00579734 0.01073263 0.01126973
v 0.00510502 0.01014546 0.01134919
v 0.00660303 0.01109187 0.01104559
v 0.00661028 0.01107645 0.01091618
v 0.00455212 0.00938809 0.01139914
v 0.00584799 0.01067140 0.01116618
v 0.00518879 0.01008459 0.01126973
v 0.00466425 0.00934370 0.01134919
v 0.00587983 0.01063291 0.01104559
v 0.00589069 0.01061979 0.01091618
v 0.00431707 0.00847262 0.01139914
v 0.00525308 0.01003789 0.01116618
v 0.00476053 0.00930558 0.01126973
v 0.00443671 0.00845751 0.01134919
v 0.00529349 0.01000853 0.01104559
v 0.00530727 0.00999851 0.01091618
v 0.00431707 0.00752746 0.01139914
v 0.00483441 0.00927633 0.01116618
v 0.00453945 0.00844453 0.01126973
v 0.00443671 0.00754258 0.01134919
v 0.00488085 0.00925794 0.01104559
v 0.00489669 0.00925167 0.01091618
v 0.00455212 0.00661200 0.01139914
v 0.00461828 0.00843457 0.01116618
v 0.00453945 0.00755555 0.01126973
v 0.00466425 0.00665639 0.01134919
v 0.00466784 0.00842831 0.01104559
v 0.00468474 0.00842617 0.01091618
v 0.00500746 0.00578374 0.01139914
v 0.00461828 0.00756551 0.01116618
v 0.00476053 0.00669451 0.01126973
v 0.00510502 0.00585463 0.01134919
v 0.00466784 0.00757177 0.01104559
v 0.00468474 0.00757391 0.01091618
v 0.00565447 0.00509475 0.01139914
v 0.00483441 0.00672376 0.01116618
v 0.00518879 0.00591549 0.01126973
v 0.00573133 0.00518767 0.01134919
v 0.00488085 0.00674215 0.01104559
v 0.00489669 0.00674842 0.01091618
v 0.00645249 0.00458831 0.01139914
v 0.00525308 0.00596220 0.01116618
v 0.00650383 0.00469742 0.01134919
v 0.00529349 0.00599156 0.01104559
v 0.00530727 0.00600157 0.01091618
v -0.02541824 -0.01113698 0.01116618
v -0.02615201 -0.01067132 0.01116618
v -0.02620266 -0.01073254 0.01126973
v -0.02545207 -0.01120888 0.01126973
v -0.02460661 -0.01148359 0.01126973
v -0.02462601 -0.01158531 0.01134919
v -0.02371288 -0.01164276 0.01134919
v -0.02464861 -0.01170376 0.01139914
v -0.02370531 -0.01176311 0.01139914
v -0.02539697 -0.01109179 0.01104559
v -0.02538972 -0.01107637 0.01091618
v -0.02610931 -0.01061970 0.01091618
v -0.02612017 -0.01063283 0.01104559
v -0.02277689 -0.01158600 0.01139914
v -0.02459172 -0.01140554 0.01116618
v -0.02371939 -0.01153941 0.01126973
v -0.02281416 -0.01147131 0.01134919
v -0.02458236 -0.01135647 0.01104559
v -0.02457917 -0.01133973 0.01091618
v -0.02192169 -0.01118357 0.01139914
v -0.02372437 -0.01146010 0.01116618
v -0.02284616 -0.01137283 0.01126973
v -0.02198630 -0.01108176 0.01134919
v -0.02372751 -0.01141025 0.01104559
v -0.02372858 -0.01139325 0.01091618
v -0.02119343 -0.01058110 0.01139914
v -0.02287071 -0.01129726 0.01116618
v -0.02204179 -0.01099432 0.01126973
v -0.02128133 -0.01049856 0.01134919
v -0.02288615 -0.01124975 0.01104559
v -0.02289141 -0.01123355 0.01091618
v -0.02063788 -0.00981645 0.01139914
v -0.02208436 -0.01092723 0.01116618
v -0.02135682 -0.01042767 0.01126973
v -0.02074355 -0.00975836 0.01134919
v -0.02211113 -0.01088506 0.01104559
v -0.02212026 -0.01087067 0.01091618
v -0.02028994 -0.00893767 0.01139914
v -0.02017148 -0.00799996 0.01139914
v -0.02029207 -0.00799996 0.01134919
v -0.02141474 -0.01037327 0.01116618
v -0.02083429 -0.00970847 0.01126973
v -0.02040674 -0.00890768 0.01134919
v -0.02145116 -0.01033908 0.01104559
v -0.02146358 -0.01032742 0.01091618
v -0.02090392 -0.00967019 0.01116618
v -0.02050704 -0.00888192 0.01126973
v -0.02039562 -0.00799996 0.01126973
v -0.02094770 -0.00964613 0.01104559
v -0.02096263 -0.00963792 0.01091618
v -0.02058400 -0.00886216 0.01116618
v -0.02047508 -0.00799996 0.01116618
v -0.02063238 -0.00884974 0.01104559
v -0.02064889 -0.00884550 0.01091618
v -0.02052503 -0.00799996 0.01104559
v -0.02054207 -0.00799996 0.01091618
v -0.02028994 -0.00706225 0.01139914
v -0.02040674 -0.00709224 0.01134919
v -0.02063788 -0.00618346 0.01139914
v -0.02050704 -0.00711799 0.01126973
v -0.02074355 -0.00624156 0.01134919
v -0.02119343 -0.00541881 0.01139914
v -0.02058400 -0.00713775 0.01116618
v -0.02083429 -0.00629144 0.01126973
v -0.02128133 -0.00550136 0.01134919
v -0.02063238 -0.00715017 0.01104559
v -0.02064889 -0.00715441 0.01091618
v -0.02192169 -0.00481634 0.01139914
v -0.02090392 -0.00632972 0.01116618
v -0.02135682 -0.00557225 0.01126973
v -0.02198630 -0.00491816 0.01134919
v -0.02094770 -0.00635379 0.01104559
v -0.02096263 -0.00636200 0.01091618
v -0.02277689 -0.00441391 0.01139914
v -0.02141474 -0.00562664 0.01116618
v -0.02204179 -0.00500559 0.01126973
v -0.02281416 -0.00452860 0.01134919
v -0.02145116 -0.00566084 0.01104559
v -0.02146358 -0.00567250 0.01091618
v -0.02370531 -0.00423681 0.01139914
v -0.02208436 -0.00507268 0.01116618
v -0.02284616 -0.00462709 0.01126973
v -0.02371288 -0.00435716 0.01134919
v -0.02211113 -0.00511486 0.01104559
v -0.02212026 -0.00512924 0.01091618
v -0.02464861 -0.00429615 0.01139914
v -0.02287071 -0.00470266 0.01116618
v -0.02371939 -0.00446051 0.01126973
v -0.02462601 -0.00441461 0.01134919
v -0.02288615 -0.00475016 0.01104559
v -0.02289141 -0.00476637 0.01091618
v -0.02554751 -0.00458823 0.01139914
v -0.02372437 -0.00453981 0.01116618
v -0.02460661 -0.00451633 0.01126973
v -0.02549616 -0.00469734 0.01134919
v -0.02372751 -0.00458966 0.01104559
v -0.02372858 -0.00460667 0.01091618
v -0.02634553 -0.00509467 0.01139914
v -0.02459172 -0.00459438 0.01116618
v -0.02545207 -0.00479104 0.01126973
v -0.02626867 -0.00518758 0.01134919
v -0.02458236 -0.00464345 0.01104559
v -0.02457917 -0.00466018 0.01091618
v -0.02699254 -0.00578366 0.01139914
v -0.02541824 -0.00486293 0.01116618
v -0.02620266 -0.00526737 0.01126973
v -0.02689498 -0.00585454 0.01134919
v -0.02539697 -0.00490813 0.01104559
v -0.02538972 -0.00492355 0.01091618
v -0.02744788 -0.00661191 0.01139914
v -0.02615201 -0.00532860 0.01116618
v -0.02681120 -0.00591541 0.01126973
v -0.02733575 -0.00665630 0.01134919
v -0.02612017 -0.00536709 0.01104559
v -0.02610931 -0.00538021 0.01091618
v -0.02768293 -0.00752738 0.01139914
v -0.02674692 -0.00596211 0.01116618
v -0.02723947 -0.00669442 0.01126973
v -0.02756329 -0.00754249 0.01134919
v -0.02670651 -0.00599147 0.01104559
v -0.02669273 -0.00600149 0.01091618
v -0.02768293 -0.00847254 0.01139914
v -0.02716559 -0.00672367 0.01116618
v -0.02746055 -0.00755547 0.01126973
v -0.02756329 -0.00845742 0.01134919
v -0.02711915 -0.00674206 0.01104559
v -0.02710331 -0.00674833 0.01091618
v -0.02744788 -0.00938800 0.01139914
v -0.02738172 -0.00756543 0.01116618
v -0.02746055 -0.00844445 0.01126973
v -0.02733575 -0.00934361 0.01134919
v -0.02733216 -0.00757169 0.01104559
v -0.02731526 -0.00757382 0.01091618
v -0.02699254 -0.01021626 0.01139914
v -0.02738172 -0.00843449 0.01116618
v -0.02723947 -0.00930549 0.01126973
v -0.02689498 -0.01014537 0.01134919
v -0.02733216 -0.00842823 0.01104559
v -0.02731526 -0.00842609 0.01091618
v -0.02634553 -0.01090525 0.01139914
v -0.02716559 -0.00927624 0.01116618
v -0.02681120 -0.01008451 0.01126973
v -0.02626867 -0.01081233 0.01134919
v -0.02711915 -0.00925785 0.01104559
v -0.02710331 -0.00925158 0.01091618
v -0.02554751 -0.01141169 0.01139914
v -0.02674692 -0.01003780 0.01116618
v -0.02549616 -0.01130258 0.01134919
v -0.02670651 -0.01000844 0.01104559
v -0.02669273 -0.00999843 0.01091618
v -0.02541824 0.00486302 0.01116618
v -0.02615201 0.00532868 0.01116618
v -0.02620266 0.00526746 0.01126973
v -0.02545207 0.00479112 0.01126973
v -0.02460661 0.00451641 0.01126973
v -0.02462601 0.00441469 0.01134919
v -0.02371288 0.00435724 0.01134919
v -0.02464861 0.00429624 0.01139914
v -0.02370531 0.00423689 0.01139914
v -0.02539697 0.00490821 0.01104559
v -0.02538972 0.00492363 0.01091618
v -0.02610931 0.00538030 0.01091618
v -0.02612017 0.00536717 0.01104559
v -0.02277689 0.00441400 0.01139914
v -0.02459172 0.00459447 0.01116618
v -0.02371939 0.00446059 0.01126973
v -0.02281416 0.00452869 0.01134919
v -0.02458236 0.00464353 0.01104559
v -0.02457917 0.00466027 0.01091618
v -0.02192169 0.00481643 0.01139914
v -0.02372437 0.00453990 0.01116618
v -0.02284616 0.00462717 0.01126973
v -0.02198630 0.00491825 0.01134919
v -0.02372751 0.00458975 0.01104559
v -0.02372858 0.00460675 0.01091618
v -0.02119343 0.00541890 0.01139914
v -0.02287071 0.00470274 0.01116618
v -0.02204179 0.00500568 0.01126973
v -0.02128133 0.00550145 0.01134919
v -0.02288615 0.00475025 0.01104559
v -0.02289141 0.00476645 0.01091618
v -0.02063788 0.00618355 0.01139914
v -0.02208436 0.00507277 0.01116618
v -0.02135682 0.00557233 0.01126973
v -0.02074355 0.00624164 0.01134919
v -0.02211113 0.00511494 0.01104559
v -0.02212026 0.00512933 0.01091618
v -0.02028994 0.00706233 0.01139914
v -0.02017148 0.00800004 0.01139914
v -0.02029207 0.00800004 0.01134919
v -0.02141474 0.00562673 0.01116618
v -0.02083429 0.00629153 0.01126973
v -0.02040674 0.00709232 0.01134919
v -0.02145116 0.00566092 0.01104559
v -0.02146358 0.00567258 0.01091618
v -0.02090392 0.00632981 0.01116618
v -0.02050704 0.00711808 0.01126973
v -0.02039562 0.00800004 0.01126973
v -0.02094770 0.00635387 0.01104559
v -0.02096263 0.00636208 0.01091618
v -0.02058400 0.00713784 0.01116618
v -0.02047508 0.00800004 0.01116618
v -0.02063238 0.00715026 0.01104559
v -0.02064889 0.00715450 0.01091618
v -0.02052503 0.00800004 0.01104559
v -0.02054207 0.00800004 0.01091618
v -0.02028994 0.00893775 0.01139914
v -0.02040674 0.00890776 0.01134919
v -0.02063788 0.00981654 0.01139914
v -0.02050704 0.00888201 0.01126973
v -0.02074355 0.00975844 0.01134919
v -0.02119343 0.01058119 0.01139914
v -0.02058400 0.00886225 0.01116618
v -0.02083429 0.00970856 0.01126973
v -0.02128133 0.01049864 0.01134919
v -0.02063238 0.00884983 0.01104559
v -0.02064889 0.00884559 0.01091618
v -0.02192169 0.01118366 0.01139914
v -0.02090392 0.00967028 0.01116618
v -0.02135682 0.01042775 0.01126973
v -0.02198630 0.01108184 0.01134919
v -0.02094770 0.00964621 0.01104559
v -0.02096263 0.00963800 0.01091618
v -0.02277689 0.01158609 0.01139914
v -0.02141474 0.01037336 0.01116618
v -0.02204179 0.01099441 0.01126973
v -0.02281416 0.01147140 0.01134919
v -0.02145116 0.01033916 0.01104559
v -0.02146358 0.01032750 0.01091618
v -0.02370531 0.01176319 0.01139914
v -0.02208436 0.01092732 0.01116618
v -0.02284616 0.01137291 0.01126973
v -0.02371288 0.01164284 0.01134919
v -0.02211113 0.01088514 0.01104559
v -0.02212026 0.01087076 0.01091618
v -0.02464861 0.01170384 0.01139914
v -0.02287071 0.01129734 0.01116618
v -0.02371939 0.01153949 0.01126973
v -0.02462601 0.01158539 0.01134919
v -0.02288615 0.01124984 0.01104559
v -0.02289141 0.01123364 0.01091618
v -0.02554751 0.01141177 0.01139914
v -0.02372437 0.01146019 0.01116618
v -0.02460661 0.01148367 0.01126973
v -0.02549616 0.01130266 0.01134919
v -0.02372751 0.01141034 0.01104559
v -0.02372858 0.01139333 0.01091618
v -0.02634553 0.01090533 0.01139914
v -0.02459172 0.01140562 0.01116618
v -0.02545207 0.01120896 0.01126973
v -0.02626867 0.01081242 0.01134919
v -0.02458236 0.01135655 0.01104559
v -0.02457917 0.01133982 0.01091618
v -0.02699254 0.01021634 0.01139914
v -0.02541824 0.01113707 0.01116618
v -0.02620266 0.01073263 0.01126973
v -0.02689498 0.01014546 0.01134919
v -0.02539697 0.01109187 0.01104559
v -0.02538972 0.01107645 0.01091618
v -0.02744788 0.00938809 0.01139914
v -0.02615201 0.01067140 0.01116618
v -0.02681120 0.01008459 0.01126973
v -0.02733575 0.00934370 0.01134919
v -0.02612017 0.01063291 0.01104559
v -0.02610931 0.01061979 0.01091618
v -0.02768293 0.00847262 0.01139914
v -0.02674692 0.01003789 0.01116618
v -0.02723947 0.00930558 0.01126973
v -0.02756329 0.00845751 0.01134919
v -0.02670651 0.01000853 0.01104559
v -0.02669273 0.00999851 0.01091618
v -0.02768293 0.00752746 0.01139914
v -0.02716559 0.00927633 0.01116618
v -0.02746055 0.00844453 0.01126973
v -0.02756329 0.00754258 0.01134919
v -0.02711915 0.00925794 0.01104559
v -0.02710331 0.00925167 0.01091618
v -0.02744788 0.00661200 0.01139914
v -0.02738172 0.00843457 0.01116618
v -0.02746055 0.00755555 0.01126973
v -0.02733575 0.00665639 0.01134919
v -0.02733216 0.00842831 0.01104559
v -0.02731526 0.00842617 0.01091618
v -0.02699254 0.00578374 0.01139914
v -0.02738172 0.00756551 0.01116618
v -0.02723947 0.00669451 0.01126973
v -0.02689498 0.00585463 0.01134919
v -0.02733216 0.00757177 0.01104559
v -0.02731526 0.00757391 0.01091618
v -0.02634553 0.00509475 0.01139914
v -0.02716559 0.00672376 0.01116618
v -0.02681120 0.00591549 0.01126973
v -0.02626867 0.00518767 0.01134919
v -0.02711915 0.00674215 0.01104559
v -0.02710331 0.00674842 0.01091618
v -0.02554751 0.00458831 0.01139914
v -0.02674692 0.00596220 0.01116618
v -0.02549616 0.00469742 0.01134919
v -0.02670651 0.00599156 0.01104559
v -0.02669273 0.00600157 0.01091618
v -0.00894207 0.01270004 -0.01233382
v -0.00694207 0.01270004 -0.01233382
v -0.00694207 0.01270004 -0.00723382
v -0.00694207 0.00725004 0.00491618
v -0.00694207 0.00700004 0.00516618
v -0.00694207 0.00725004 0.00516618
v -0.00694207 0.00030004 0.00516618
v -0.00694207 0.00700004 0.00566618
v -0.00694207 -0.01269996 -0.00723382
v -0.00694207 -0.01269996 -0.01233382
v -0.00694207 -0.00724996 0.00491618
v -0.00694207 -0.00029996 0.00516618
v -0.00694207 -0.00699996 0.00516618
v -0.00694207 -0.00724996 0.00516618
v -0.00694207 -0.00699996 0.00566618
v -0.00094207 0.00725004 0.00491618
v -0.00094207 0.00652384 -0.00533382
v -0.00094207 0.00725004 0.00516618
v -0.00094207 0.00700004 0.00516618
v -0.00094207 0.00700004 0.00566618
v -0.00094207 0.00652384 0.00566618
v -0.00027655 0.00659156 -0.00533382
v 0.00039241 0.00659156 -0.00533382
v 0.00105793 0.00652384 -0.00533382
v 0.00105793 0.00725004 0.00491618
v 0.00105793 0.00700004 0.00516618
v 0.00105793 0.00725004 0.00516618
v 0.00105793 0.00652384 0.00566618
v 0.00105793 0.00700004 0.00566618
v 0.00705793 0.00725004 0.00491618
v 0.00705793 0.01270004 -0.01233382
v 0.00705793 0.01270004 -0.00723382
v 0.00705793 0.00725004 0.00516618
v 0.00705793 0.00700004 0.00516618
v 0.00705793 0.00700004 0.00566618
v 0.00705793 0.00030004 0.00516618
v 0.00705793 -0.01269996 -0.01233382
v 0.00705793 -0.01269996 -0.00723382
v 0.00705793 -0.00029996 0.00516618
v 0.00705793 -0.00724996 0.00491618
v 0.00705793 -0.00699996 0.00516618
v 0.00705793 -0.00724996 0.00516618
v 0.00705793 -0.00699996 0.00566618
v 0.00905793 0.01270004 -0.01233382
v 0.00905793 0.01270004 -0.00723382
v 0.00905793 0.00725004 0.00491618
v 0.00905793 0.00700004 0.00516618
v 0.00905793 0.00725004 0.00516618
v 0.00905793 0.00030004 0.00516618
v 0.00905793 0.00700004 0.00566618
v 0.00905793 -0.01269996 -0.00723382
v 0.00905793 -0.01269996 -0.01233382
v 0.00905793 -0.00724996 0.00491618
v 0.00905793 -0.00029996 0.00516618
v 0.00905793 -0.00699996 0.00516618
v 0.00905793 -0.00724996 0.00516618
v 0.00905793 -0.00699996 0.00566618
v 0.01660793 0.00725004 0.00491618
v 0.01660793 0.00900004 0.00491618
v 0.02305793 0.00900004 0.00491618
v 0.02305793 0.01270004 -0.01233382
v 0.02305793 0.01270004 -0.00723382
v 0.02305793 0.00900004 -0.00153382
v 0.02305793 0.00700004 -0.00153382
v 0.02505793 0.01270004 -0.01233382
v 0.02505793 0.01270004 -0.00723382
v 0.02505793 0.00900004 -0.00353382
v 0.02505793 0.00900004 0.00566618
v 0.02875793 0.00900004 -0.00723382
v 0.02875793 0.00900004 -0.01233382
v 0.02875793 0.00700004 -0.01233382
v 0.02875793 0.00700004 -0.00723382
v 0.02505793 0.00700004 -0.00153382
v 0.02505793 0.00700004 0.00566618
v 0.02505793 -0.00699996 0.00566618
v 0.02875793 -0.00699996 -0.00723382
v 0.02875793 -0.00699996 -0.01233382
v 0.02505793 -0.00699996 -0.00153382
v 0.02305793 -0.00699996 -0.00153382
v 0.02875793 -0.00899996 -0.01233382
v 0.02875793 -0.00899996 -0.00723382
v 0.02505793 -0.00899996 0.00566618
v 0.02505793 -0.00899996 -0.00353382
v 0.02505793 -0.01269996 -0.00723382
v 0.02505793 -0.01269996 -0.01233382
v 0.02305793 -0.01269996 -0.01233382
v 0.02305793 -0.01269996 -0.00723382
v 0.02305793 -0.00899996 -0.00153382
v 0.02305793 -0.00899996 0.00491618
v 0.01660793 -0.00899996 0.00491618
v 0.01660793 -0.00724996 0.00491618
v 0.00105793 -0.00724996 0.00491618
v 0.00105793 -0.00652376 -0.00533382
v 0.00105793 -0.00699996 0.00516618
v 0.00105793 -0.00652376 0.00566618
v 0.00105793 -0.00724996 0.00516618
v 0.00105793 -0.00699996 0.00566618
v -0.00094207 -0.00652376 -0.00533382
v -0.00027655 -0.00659148 -0.00533382
v 0.00039241 -0.00659148 -0.00533382
v -0.00094207 -0.00724996 0.00491618
v -0.00094207 -0.00699996 0.00516618
v -0.00094207 -0.00652376 0.00566618
v -0.00094207 -0.00724996 0.00516618
v -0.00094207 -0.00699996 0.00566618
v -0.00894207 -0.01269996 -0.01233382
v -0.00894207 0.01270004 -0.00723382
v -0.00894207 0.00725004 0.00491618
v -0.00894207 0.00725004 0.00516618
v -0.00894207 0.00700004 0.00516618
v -0.00894207 0.00700004 0.00566618
v -0.00894207 0.00030004 0.00516618
v -0.00894207 -0.01269996 -0.00723382
v -0.00894207 -0.00029996 0.00516618
v -0.00894207 -0.00724996 0.00491618
v -0.00894207 -0.00699996 0.00516618
v -0.00894207 -0.00724996 0.00516618
v -0.00894207 -0.00699996 0.00566618
v -0.02294207 -0.00899996 0.00491618
v -0.01649207 -0.00899996 0.00491618
v -0.01649207 -0.00724996 0.00491618
v -0.02294207 -0.01269996 -0.00723382
v -0.02294207 -0.01269996 -0.01233382
v -0.02294207 -0.00899996 -0.00153382
v -0.02294207 -0.00699996 -0.00153382
v -0.02494207 -0.01269996 -0.01233382
v -0.02494207 -0.01269996 -0.00723382
v -0.02494207 -0.00899996 0.00541618
v -0.02494207 -0.00899996 -0.00353382
v -0.02864207 -0.00899996 -0.01233382
v -0.02864207 -0.00899996 -0.00723382
v -0.02864207 -0.00699996 -0.01233382
v -0.02864207 -0.00699996 -0.00723382
v -0.02494207 -0.00699996 -0.00153382
v -0.02494207 -0.00699996 0.00541618
v -0.02494207 0.00700004 0.00541618
v -0.02864207 0.00700004 -0.01233382
v -0.02864207 0.00700004 -0.00723382
v -0.02494207 0.00700004 -0.00153382
v -0.02294207 0.00700004 -0.00153382
v -0.02864207 0.00900004 -0.01233382
v -0.02864207 0.00900004 -0.00723382
v -0.02494207 0.00900004 -0.00353382
v -0.02494207 0.00900004 0.00541618
v -0.02494207 0.01270004 -0.01233382
v -0.02494207 0.01270004 -0.00723382
v -0.02294207 0.01270004 -0.01233382
v -0.02294207 0.01270004 -0.00723382
v -0.02294207 0.00900004 -0.00153382
v -0.02294207 0.00900004 0.00491618
v -0.01649207 0.00900004 0.00491618
v -0.01649207 0.00725004 0.00491618
v 0.02510859 -0.01123355 0.00666618
v 0.02427142 -0.01139325 0.00666618
v 0.02587974 -0.01087067 0.00666618
v 0.02653642 -0.01032742 0.00666618
v 0.02735111 -0.00715441 0.00666618
v 0.02745793 -0.00799996 0.00666618
v 0.02703737 -0.00963792 0.00666618
v 0.02703737 -0.00636200 0.00666618
v 0.02735111 -0.00884550 0.00666618
v 0.02653642 -0.00567250 0.00666618
v 0.02587974 -0.00512924 0.00666618
v 0.02510859 -0.00476637 0.00666618
v 0.02427142 -0.00460667 0.00666618
v 0.02342083 -0.00466018 0.00666618
v 0.02261028 -0.00492355 0.00666618
v 0.02189069 -0.00538021 0.00666618
v 0.02130727 -0.00600149 0.00666618
v 0.02089669 -0.00674833 0.00666618
v 0.02068474 -0.00757382 0.00666618
v 0.02068474 -0.00842609 0.00666618
v 0.02089669 -0.00925158 0.00666618
v 0.02130727 -0.00999843 0.00666618
v 0.02189069 -0.01061970 0.00666618
v 0.02261028 -0.01107637 0.00666618
v 0.02342083 -0.01133973 0.00666618
v 0.00910859 -0.01123355 0.00666618
v 0.00827142 -0.01139325 0.00666618
v 0.00987974 -0.01087067 0.00666618
v 0.01053642 -0.01032742 0.00666618
v 0.01135111 -0.00715441 0.00666618
v 0.01145793 -0.00799996 0.00666618
v 0.01103737 -0.00963792 0.00666618
v 0.01103737 -0.00636200 0.00666618
v 0.01135111 -0.00884550 0.00666618
v 0.01053642 -0.00567250 0.00666618
v 0.00987974 -0.00512924 0.00666618
v 0.00910859 -0.00476637 0.00666618
v 0.00827142 -0.00460667 0.00666618
v 0.00742083 -0.00466018 0.00666618
v 0.00661028 -0.00492355 0.00666618
v 0.00589069 -0.00538021 0.00666618
v 0.00530727 -0.00600149 0.00666618
v 0.00489669 -0.00674833 0.00666618
v 0.00468474 -0.00757382 0.00666618
v 0.00468474 -0.00842609 0.00666618
v 0.00489669 -0.00925158 0.00666618
v 0.00530727 -0.00999843 0.00666618
v 0.00589069 -0.01061970 0.00666618
v 0.00661028 -0.01107637 0.00666618
v 0.00742083 -0.01133973 0.00666618
v -0.00689141 -0.01123355 0.00666618
v -0.00772858 -0.01139325 0.00666618
v -0.00612026 -0.01087067 0.00666618
v -0.00546358 -0.01032742 0.00666618
v -0.00464889 -0.00715441 0.00666618
v -0.00454207 -0.00799996 0.00666618
v -0.00496263 -0.00963792 0.00666618
v -0.00496263 -0.00636200 0.00666618
v -0.00464889 -0.00884550 0.00666618
v -0.00546358 -0.00567250 0.00666618
v -0.00612026 -0.00512924 0.00666618
v -0.00689141 -0.00476637 0.00666618
v -0.00772858 -0.00460667 0.00666618
v -0.00857917 -0.00466018 0.00666618
v -0.00938972 -0.00492355 0.00666618
v -0.01010931 -0.00538021 0.00666618
v -0.01069273 -0.00600149 0.00666618
v -0.01110331 -0.00674833 0.00666618
v -0.01131526 -0.00757382 0.00666618
v -0.01131526 -0.00842609 0.00666618
v -0.01110331 -0.00925158 0.00666618
v -0.01069273 -0.00999843 0.00666618
v -0.01010931 -0.01061970 0.00666618
v -0.00938972 -0.01107637 0.00666618
v -0.00857917 -0.01133973 0.00666618
v 0.02510859 0.00476645 0.00666618
v 0.02427142 0.00460675 0.00666618
v 0.02587974 0.00512933 0.00666618
v 0.02653642 0.00567258 0.00666618
v 0.02735111 0.00884559 0.00666618
v 0.02745793 0.00800004 0.00666618
v 0.02703737 0.00636208 0.00666618
v 0.02703737 0.00963800 0.00666618
v 0.02735111 0.00715450 0.00666618
v 0.02653642 0.01032750 0.00666618
v 0.02587974 0.01087076 0.00666618
v 0.02510859 0.01123364 0.00666618
v 0.02427142 0.01139333 0.00666618
v 0.02342083 0.01133982 0.00666618
v 0.02261028 0.01107645 0.00666618
v 0.02189069 0.01061979 0.00666618
v 0.02130727 0.00999851 0.00666618
v 0.02089669 0.00925167 0.00666618
v 0.02068474 0.00842617 0.00666618
v 0.02068474 0.00757391 0.00666618
v 0.02089669 0.00674842 0.00666618
v 0.02130727 0.00600157 0.00666618
v 0.02189069 0.00538030 0.00666618
v 0.02261028 0.00492363 0.00666618
v 0.02342083 0.00466027 0.00666618
v -0.00689141 0.00476645 0.00666618
v -0.00772858 0.00460675 0.00666618
v -0.00612026 0.00512933 0.00666618
v -0.00546358 0.00567258 0.00666618
v -0.00464889 0.00884559 0.00666618
v -0.00454207 0.00800004 0.00666618
v -0.00496263 0.00636208 0.00666618
v -0.00496263 0.00963800 0.00666618
v -0.00464889 0.00715450 0.00666618
v -0.00546358 0.01032750 0.00666618
v -0.00612026 0.01087076 0.00666618
v -0.00689141 0.01123364 0.00666618
v -0.00772858 0.01139333 0.00666618
v -0.00857917 0.01133982 0.00666618
v -0.00938972 0.01107645 0.00666618
v -0.01010931 0.01061979 0.00666618
v -0.01069273 0.00999851 0.00666618
v -0.01110331 0.00925167 0.00666618
v -0.01131526 0.00842617 0.00666618
v -0.01131526 0.00757391 0.00666618
v -0.01110331 0.00674842 0.00666618
v -0.01069273 0.00600157 0.00666618
v -0.01010931 0.00538030 0.00666618
v -0.00938972 0.00492363 0.00666618
v -0.00857917 0.00466027 0.00666618
v 0.00910859 0.00476645 0.00666618
v 0.00827142 0.00460675 0.00666618
v 0.00987974 0.00512933 0.00666618
v 0.01053642 0.00567258 0.00666618
v 0.01135111 0.00884559 0.00666618
v 0.01145793 0.00800004 0.00666618
v 0.01103737 0.00636208 0.00666618
v 0.01103737 0.00963800 0.00666618
v 0.01135111 0.00715450 0.00666618
v 0.01053642 0.01032750 0.00666618
v 0.00987974 0.01087076 0.00666618
v 0.00910859 0.01123364 0.00666618
v 0.00827142 0.01139333 0.00666618
v 0.00742083 0.01133982 0.00666618
v 0.00661028 0.01107645 0.00666618
v 0.00589069 0.01061979 0.00666618
v 0.00530727 0.00999851 0.00666618
v 0.00489669 0.00925167 0.00666618
v 0.00468474 0.00842617 0.00666618
v 0.00468474 0.00757391 0.00666618
v 0.00489669 0.00674842 0.00666618
v 0.00530727 0.00600157 0.00666618
v 0.00589069 0.00538030 0.00666618
v 0.00661028 0.00492363 0.00666618
v 0.00742083 0.00466027 0.00666618
v -0.02289141 -0.01123355 0.00666618
v -0.02372858 -0.01139325 0.00666618
v -0.02212026 -0.01087067 0.00666618
v -0.02146358 -0.01032742 0.00666618
v -0.02064889 -0.00715441 0.00666618
v -0.02054207 -0.00799996 0.00666618
v -0.02096263 -0.00963792 0.00666618
v -0.02096263 -0.00636200 0.00666618
v -0.02064889 -0.00884550 0.00666618
v -0.02146358 -0.00567250 0.00666618
v -0.02212026 -0.00512924 0.00666618
v -0.02289141 -0.00476637 0.00666618
v -0.02372858 -0.00460667 0.00666618
v -0.02457917 -0.00466018 0.00666618
v -0.02538972 -0.00492355 0.00666618
v -0.02610931 -0.00538021 0.00666618
v -0.02669273 -0.00600149 0.00666618
v -0.02710331 -0.00674833 0.00666618
v -0.02731526 -0.00757382 0.00666618
v -0.02731526 -0.00842609 0.00666618
v -0.02710331 -0.00925158 0.00666618
v -0.02669273 -0.00999843 0.00666618
v -0.02610931 -0.01061970 0.00666618
v -0.02538972 -0.01107637 0.00666618
v -0.02457917 -0.01133973 0.00666618
v -0.02289141 0.00476645 0.00666618
v -0.02372858 0.00460675 0.00666618
v -0.02212026 0.00512933 0.00666618
v -0.02146358 0.00567258 0.00666618
v -0.02064889 0.00884559 0.00666618
v -0.02054207 0.00800004 0.00666618
v -0.02096263 0.00636208 0.00666618
v -0.02096263 0.00963800 0.00666618
v -0.02064889 0.00715450 0.00666618
v -0.02146358 0.01032750 0.00666618
v -0.02212026 0.01087076 0.00666618
v -0.02289141 0.01123364 0.00666618
v -0.02372858 0.01139333 0.00666618
v -0.02457917 0.01133982 0.00666618
v -0.02538972 0.01107645 0.00666618
v -0.02610931 0.01061979 0.00666618
v -0.02669273 0.00999851 0.00666618
v -0.02710331 0.00925167 0.00666618
v -0.02731526 0.00842617 0.00666618
v -0.02731526 0.00757391 0.00666618
v -0.02710331 0.00674842 0.00666618
v -0.02669273 0.00600157 0.00666618
v -0.02610931 0.00538030 0.00666618
v -0.02538972 0.00492363 0.00666618
v -0.02457917 0.00466027 0.00666618
v -0.00177282 -0.00634096 0.00566618
v -0.00257317 -0.00605284 0.00566618
v -0.00332980 -0.00566417 0.00566618
v -0.00403017 -0.00518141 0.00566618
v -0.00466263 -0.00461258 0.00566618
v -0.00521668 -0.00396714 0.00566618
v -0.00568311 -0.00325579 0.00566618
v -0.00605418 -0.00249037 0.00566618
v -0.00632372 -0.00168358 0.00566618
v -0.00648725 -0.00084882 0.00566618
v -0.00177282 0.00634105 0.00566618
v -0.00257317 0.00605292 0.00566618
v -0.00632372 0.00168366 0.00566618
v -0.00648725 0.00084890 0.00566618
v -0.00605418 0.00249045 0.00566618
v -0.00568311 0.00325588 0.00566618
v -0.00521668 0.00396722 0.00566618
v -0.00466263 0.00461267 0.00566618
v -0.00403017 0.00518149 0.00566618
v -0.00332980 0.00566425 0.00566618
v -0.00654207 0.00000004 0.00566618
v 0.00660589 -0.00082716 -0.00983382
v 0.00665793 0.00000004 -0.00983382
v 0.00665793 0.00000004 0.00566618
v 0.00659162 -0.00093316 0.00566618
v 0.00645058 -0.00164131 -0.00983382
v 0.00639403 -0.00184761 0.00566618
v 0.00619446 -0.00242958 -0.00983382
v 0.00606913 -0.00272493 0.00566618
v 0.00584155 -0.00317953 -0.00983382
v 0.00562344 -0.00354751 0.00566618
v 0.00539744 -0.00387934 -0.00983382
v 0.00506592 -0.00429879 0.00566618
v 0.00486912 -0.00451797 -0.00983382
v 0.00440778 -0.00496371 0.00566618
v 0.00426493 -0.00508535 -0.00983382
v 0.00366224 -0.00552888 0.00566618
v 0.00359439 -0.00557252 -0.00983382
v 0.00284427 -0.00598296 0.00566618
v 0.00286807 -0.00597182 -0.00983382
v 0.00209744 -0.00627693 -0.00983382
v 0.00197031 -0.00631682 0.00566618
v 0.00129465 -0.00648305 -0.00983382
v 0.00047235 -0.00658693 -0.00983382
v -0.00035649 -0.00658693 -0.00983382
v -0.00117879 -0.00648305 -0.00983382
v -0.00198158 -0.00627693 -0.00983382
v -0.00275221 -0.00597182 -0.00983382
v -0.00347853 -0.00557252 -0.00983382
v -0.00414907 -0.00508535 -0.00983382
v -0.00475326 -0.00451797 -0.00983382
v -0.00528158 -0.00387934 -0.00983382
v -0.00572569 -0.00317953 -0.00983382
v -0.00607859 -0.00242958 -0.00983382
v -0.00633472 -0.00164131 -0.00983382
v -0.00649003 -0.00082716 -0.00983382
v -0.00654207 0.00000004 -0.00983382
v -0.00649003 0.00082724 -0.00983382
v -0.00633472 0.00164140 -0.00983382
v -0.00607859 0.00242966 -0.00983382
v -0.00572569 0.00317962 -0.00983382
v -0.00528158 0.00387943 -0.00983382
v -0.00475326 0.00451805 -0.00983382
v -0.00414907 0.00508543 -0.00983382
v -0.00347853 0.00557261 -0.00983382
v -0.00275221 0.00597190 -0.00983382
v -0.00198158 0.00627702 -0.00983382
v -0.00117879 0.00648314 -0.00983382
v -0.00035649 0.00658702 -0.00983382
v 0.00197031 0.00631691 0.00566618
v 0.00047235 0.00658702 -0.00983382
v 0.00129465 0.00648314 -0.00983382
v 0.00209744 0.00627702 -0.00983382
v 0.00284427 0.00598305 0.00566618
v 0.00286807 0.00597190 -0.00983382
v 0.00359439 0.00557261 -0.00983382
v 0.00366224 0.00552897 0.00566618
v 0.00426493 0.00508543 -0.00983382
v 0.00440778 0.00496379 0.00566618
v 0.00486912 0.00451805 -0.00983382
v 0.00506592 0.00429888 0.00566618
v 0.00539744 0.00387943 -0.00983382
v 0.00562344 0.00354759 0.00566618
v 0.00584155 0.00317962 -0.00983382
v 0.00606913 0.00272502 0.00566618
v 0.00619446 0.00242966 -0.00983382
v 0.00639403 0.00184769 0.00566618
v 0.00645058 0.00164140 -0.00983382
v 0.00659162 0.00093324 0.00566618
v 0.00660589 0.00082724 -0.00983382
v 0.01635793 -0.00724996 0.00516618
v 0.01635793 -0.00699996 0.00516618
v 0.02305793 -0.00699996 0.00566618
v 0.02305793 0.00700004 0.00566618
v 0.02265793 0.00000004 0.00566618
v 0.02260589 0.00082724 0.00566618
v 0.02260589 -0.00082716 0.00566618
v 0.01647235 0.00658702 0.00566618
v 0.02026493 0.00508543 0.00566618
v 0.02086912 0.00451805 0.00566618
v 0.01564351 0.00658702 0.00566618
v 0.01482121 0.00648314 0.00566618
v 0.01729465 0.00648314 0.00566618
v 0.02026493 -0.00508535 0.00566618
v 0.02086912 -0.00451797 0.00566618
v 0.02139744 -0.00387934 0.00566618
v 0.01071842 -0.00387934 0.00566618
v 0.01124674 -0.00451797 0.00566618
v 0.01959439 -0.00557252 0.00566618
v 0.02184155 -0.00317953 0.00566618
v 0.01959439 0.00557261 0.00566618
v 0.01886807 -0.00597182 0.00566618
v 0.01027431 -0.00317953 0.00566618
v 0.02219446 -0.00242958 0.00566618
v 0.01809744 -0.00627693 0.00566618
v 0.01886807 0.00597190 0.00566618
v 0.02245058 -0.00164131 0.00566618
v 0.00992141 -0.00242958 0.00566618
v 0.01729465 -0.00648305 0.00566618
v 0.01809744 0.00627702 0.00566618
v 0.00966528 -0.00164131 0.00566618
v 0.01647235 -0.00658693 0.00566618
v 0.00950997 -0.00082716 0.00566618
v 0.00966528 0.00164140 0.00566618
v 0.00950997 0.00082724 0.00566618
v 0.00992141 0.00242966 0.00566618
v 0.02139744 0.00387943 0.00566618
v 0.01027431 0.00317962 0.00566618
v 0.02184155 0.00317962 0.00566618
v 0.01071842 0.00387943 0.00566618
v 0.02219446 0.00242966 0.00566618
v 0.01124674 0.00451805 0.00566618
v 0.02245058 0.00164140 0.00566618
v 0.01185093 0.00508543 0.00566618
v 0.01252147 0.00557261 0.00566618
v 0.01324779 0.00597190 0.00566618
v 0.01401842 0.00627702 0.00566618
v 0.01482121 -0.00648305 0.00566618
v 0.01564351 -0.00658693 0.00566618
v 0.01401842 -0.00627693 0.00566618
v 0.01324779 -0.00597182 0.00566618
v 0.01252147 -0.00557252 0.00566618
v 0.01185093 -0.00508535 0.00566618
v 0.00945793 0.00000004 0.00566618
v 0.01635793 0.00700004 0.00516618
v 0.01635793 0.00725004 0.00516618
v 0.02505793 0.00030004 0.00516618
v 0.02505793 -0.00029996 0.00516618
v 0.02305793 0.00030004 0.00516618
v 0.02305793 -0.00029996 0.00516618
v -0.01624207 -0.00724996 0.00516618
v -0.01624207 -0.00699996 0.00516618
v -0.02294207 -0.00699996 0.00566618
v -0.01313193 0.00597190 0.00566618
v -0.01240561 0.00557261 0.00566618
v -0.02207859 -0.00242958 0.00566618
v -0.02172569 -0.00317953 0.00566618
v -0.01390256 0.00627702 0.00566618
v -0.01173507 -0.00508535 0.00566618
v -0.01113088 -0.00451797 0.00566618
v -0.02233472 -0.00164131 0.00566618
v -0.01060256 -0.00387934 0.00566618
v -0.01470535 0.00648314 0.00566618
v -0.01240561 -0.00557252 0.00566618
v -0.02249003 -0.00082716 0.00566618
v -0.01015844 -0.00317953 0.00566618
v -0.01313193 -0.00597182 0.00566618
v -0.00980554 -0.00242958 0.00566618
v -0.01390256 -0.00627693 0.00566618
v -0.00954942 -0.00164131 0.00566618
v -0.01470535 -0.00648305 0.00566618
v -0.00939411 -0.00082716 0.00566618
v -0.01552765 -0.00658693 0.00566618
v -0.02294207 0.00700004 0.00566618
v -0.02233472 0.00164140 0.00566618
v -0.02249003 0.00082724 0.00566618
v -0.02207859 0.00242966 0.00566618
v -0.02172569 0.00317962 0.00566618
v -0.02128158 0.00387943 0.00566618
v -0.02075326 0.00451805 0.00566618
v -0.02014907 0.00508543 0.00566618
v -0.01947853 0.00557261 0.00566618
v -0.01875221 0.00597190 0.00566618
v -0.01798158 0.00627702 0.00566618
v -0.01717879 0.00648314 0.00566618
v -0.01635649 -0.00658693 0.00566618
v -0.02254207 0.00000004 0.00566618
v -0.00934207 0.00000004 0.00566618
v -0.00939411 0.00082724 0.00566618
v -0.01552765 0.00658702 0.00566618
v -0.01635649 0.00658702 0.00566618
v -0.01060256 0.00387943 0.00566618
v -0.01113088 0.00451805 0.00566618
v -0.01015844 0.00317962 0.00566618
v -0.00980554 0.00242966 0.00566618
v -0.00954942 0.00164140 0.00566618
v -0.01717879 -0.00648305 0.00566618
v -0.01798158 -0.00627693 0.00566618
v -0.01875221 -0.00597182 0.00566618
v -0.01947853 -0.00557252 0.00566618
v -0.02014907 -0.00508535 0.00566618
v -0.02075326 -0.00451797 0.00566618
v -0.01173507 0.00508543 0.00566618
v -0.02128158 -0.00387934 0.00566618
v -0.01624207 0.00700004 0.00516618
v -0.01624207 0.00725004 0.00516618
v -0.02494207 -0.00029996 0.00516618
v -0.02294207 -0.00029996 0.00516618
v -0.02494207 0.00030004 0.00516618
v -0.02294207 0.00030004 0.00516618
v -0.00421064 -0.00476853 -0.00983382
v -0.00520501 -0.00364158 -0.00983382
v -0.00308214 -0.00557669 -0.00983382
v -0.00576052 -0.00266559 -0.00983382
v -0.00378566 -0.00434355 -0.00983382
v -0.00180594 -0.00612254 -0.00983382
v -0.00613688 -0.00160752 -0.00983382
v -0.00278213 -0.00505704 -0.00983382
v -0.00344790 -0.00423778 -0.00983382
v -0.00439166 -0.00323278 -0.00983382
v -0.00477303 -0.00320960 -0.00983382
v -0.00523864 -0.00236349 -0.00983382
v -0.00228385 -0.00497651 -0.00983382
v -0.00505584 -0.00202464 -0.00983382
v -0.00555741 -0.00145185 -0.00983382
v -0.00044207 -0.00638040 -0.00983382
v -0.00632251 -0.00049996 -0.00983382
v -0.00165060 -0.00554260 -0.00983382
v -0.00097267 -0.00540254 -0.00983382
v -0.00572048 -0.00049996 -0.00983382
v -0.00044207 -0.00577837 -0.00983382
v -0.00539870 -0.00068929 -0.00983382
v 0.00105793 -0.00632135 -0.00983382
v 0.00040328 -0.00548911 -0.00983382
v -0.00539870 0.00068938 -0.00983382
v -0.00626346 0.00100004 -0.00983382
v 0.00105793 -0.00571310 -0.00983382
v -0.00565521 0.00100004 -0.00983382
v -0.00595850 0.00218238 -0.00983382
v 0.00175752 -0.00523077 -0.00983382
v 0.00208476 -0.00543429 -0.00983382
v 0.00224027 -0.00601638 -0.00983382
v -0.00505584 0.00202473 -0.00983382
v -0.00537640 0.00202687 -0.00983382
v 0.00334318 -0.00549242 -0.00983382
v -0.00491471 0.00298549 -0.00983382
v 0.00304338 -0.00497259 -0.00983382
v 0.00300498 -0.00464376 -0.00983382
v -0.00543453 0.00328529 -0.00983382
v -0.00439166 0.00323286 -0.00983382
v 0.00390152 -0.00434355 -0.00983382
v -0.00471064 0.00426861 -0.00983382
v 0.00406726 -0.00376497 -0.00983382
v 0.00432650 -0.00476853 -0.00983382
v -0.00428566 0.00384363 -0.00983382
v -0.00344790 0.00423787 -0.00983382
v 0.00532087 -0.00364158 -0.00983382
v 0.00488889 -0.00320960 -0.00983382
v -0.00358369 0.00526299 -0.00983382
v -0.00315171 0.00483101 -0.00983382
v 0.00487762 -0.00264960 -0.00983382
v -0.00228385 0.00497659 -0.00983382
v -0.00230560 0.00529662 -0.00983382
v -0.00260770 0.00581850 -0.00983382
v 0.00587639 -0.00266559 -0.00983382
v 0.00535450 -0.00236349 -0.00983382
v 0.00538514 -0.00136775 -0.00983382
v 0.00567327 -0.00145185 -0.00983382
v -0.00139396 0.00561538 -0.00983382
v -0.00097267 0.00540262 -0.00983382
v 0.00625275 -0.00160752 -0.00983382
v -0.00154963 0.00619486 -0.00983382
v 0.00583634 -0.00049996 -0.00983382
v -0.00044207 0.00577845 -0.00983382
v 0.00555793 0.00000004 -0.00983382
v 0.00040328 0.00548919 -0.00983382
v -0.00044207 0.00638048 -0.00983382
v 0.00643837 -0.00049996 -0.00983382
v 0.00538514 0.00136784 -0.00983382
v 0.00577107 0.00100004 -0.00983382
v 0.00105793 0.00571318 -0.00983382
v 0.00175752 0.00523085 -0.00983382
v 0.00183276 0.00552181 -0.00983382
v 0.00105793 0.00632143 -0.00983382
v 0.00637932 0.00100004 -0.00983382
v 0.00549226 0.00202687 -0.00983382
v 0.00487762 0.00264969 -0.00983382
v 0.00300498 0.00464384 -0.00983382
v 0.00257399 0.00522589 -0.00983382
v 0.00406726 0.00376505 -0.00983382
v 0.00503057 0.00298549 -0.00983382
v 0.00326757 0.00483101 -0.00983382
v 0.00440152 0.00384363 -0.00983382
v 0.00198811 0.00610204 -0.00983382
v 0.00607436 0.00218238 -0.00983382
v 0.00287524 0.00574659 -0.00983382
v 0.00555039 0.00328529 -0.00983382
v 0.00482650 0.00426861 -0.00983382
v 0.00369956 0.00526299 -0.00983382
v 0.02260589 -0.00082716 -0.00983382
v 0.02265793 0.00000004 -0.00983382
v 0.02245058 -0.00164131 -0.00983382
v 0.02219446 -0.00242958 -0.00983382
v 0.02184155 -0.00317953 -0.00983382
v 0.02139744 -0.00387934 -0.00983382
v 0.02086912 -0.00451797 -0.00983382
v 0.02026493 -0.00508535 -0.00983382
v 0.01959439 -0.00557252 -0.00983382
v 0.01886807 -0.00597182 -0.00983382
v 0.01809744 -0.00627693 -0.00983382
v 0.01729465 -0.00648305 -0.00983382
v 0.01647235 -0.00658693 -0.00983382
v 0.01564351 -0.00658693 -0.00983382
v 0.01482121 -0.00648305 -0.00983382
v 0.01401842 -0.00627693 -0.00983382
v 0.01324779 -0.00597182 -0.00983382
v 0.01252147 -0.00557252 -0.00983382
v 0.01185093 -0.00508535 -0.00983382
v 0.01124674 -0.00451797 -0.00983382
v 0.01071842 -0.00387934 -0.00983382
v 0.01027431 -0.00317953 -0.00983382
v 0.00992141 -0.00242958 -0.00983382
v 0.00966528 -0.00164131 -0.00983382
v 0.00950997 -0.00082716 -0.00983382
v 0.00945793 0.00000004 -0.00983382
v 0.00950997 0.00082724 -0.00983382
v 0.00966528 0.00164140 -0.00983382
v 0.00992141 0.00242966 -0.00983382
v 0.01027431 0.00317962 -0.00983382
v 0.01071842 0.00387943 -0.00983382
v 0.01124674 0.00451805 -0.00983382
v 0.01185093 0.00508543 -0.00983382
v 0.01252147 0.00557261 -0.00983382
v 0.01324779 0.00597190 -0.00983382
v 0.01401842 0.00627702 -0.00983382
v 0.01482121 0.00648314 -0.00983382
v 0.01564351 0.00658702 -0.00983382
v 0.01647235 0.00658702 -0.00983382
v 0.01729465 0.00648314 -0.00983382
v 0.01809744 0.00627702 -0.00983382
v 0.01886807 0.00597190 -0.00983382
v 0.01959439 0.00557261 -0.00983382
v 0.02026493 0.00508543 -0.00983382
v 0.02086912 0.00451805 -0.00983382
v 0.02139744 0.00387943 -0.00983382
v 0.02184155 0.00317962 -0.00983382
v 0.02219446 0.00242966 -0.00983382
v 0.02245058 0.00164140 -0.00983382
v 0.02260589 0.00082724 -0.00983382
v -0.00939411 -0.00082716 -0.00983382
v -0.00934207 0.00000004 -0.00983382
v -0.00954942 -0.00164131 -0.00983382
v -0.00980554 -0.00242958 -0.00983382
v -0.01015844 -0.00317953 -0.00983382
v -0.01060256 -0.00387934 -0.00983382
v -0.01113088 -0.00451797 -0.00983382
v -0.01173507 -0.00508535 -0.00983382
v -0.01240561 -0.00557252 -0.00983382
v -0.01313193 -0.00597182 -0.00983382
v -0.01390256 -0.00627693 -0.00983382
v -0.01470535 -0.00648305 -0.00983382
v -0.01552765 -0.00658693 -0.00983382
v -0.01635649 -0.00658693 -0.00983382
v -0.01717879 -0.00648305 -0.00983382
v -0.01798158 -0.00627693 -0.00983382
v -0.01875221 -0.00597182 -0.00983382
v -0.01947853 -0.00557252 -0.00983382
v -0.02014907 -0.00508535 -0.00983382
v -0.02075326 -0.00451797 -0.00983382
v -0.02128158 -0.00387934 -0.00983382
v -0.02172569 -0.00317953 -0.00983382
v -0.02207859 -0.00242958 -0.00983382
v -0.02233472 -0.00164131 -0.00983382
v -0.02249003 -0.00082716 -0.00983382
v -0.02254207 0.00000004 -0.00983382
v -0.02249003 0.00082724 -0.00983382
v -0.02233472 0.00164140 -0.00983382
v -0.02207859 0.00242966 -0.00983382
v -0.02172569 0.00317962 -0.00983382
v -0.02128158 0.00387943 -0.00983382
v -0.02075326 0.00451805 -0.00983382
v -0.02014907 0.00508543 -0.00983382
v -0.01947853 0.00557261 -0.00983382
v -0.01875221 0.00597190 -0.00983382
v -0.01798158 0.00627702 -0.00983382
v -0.01717879 0.00648314 -0.00983382
v -0.01635649 0.00658702 -0.00983382
v -0.01552765 0.00658702 -0.00983382
v -0.01470535 0.00648314 -0.00983382
v -0.01390256 0.00627702 -0.00983382
v -0.01313193 0.00597190 -0.00983382
v -0.01240561 0.00557261 -0.00983382
v -0.01173507 0.00508543 -0.00983382
v -0.01113088 0.00451805 -0.00983382
v -0.01060256 0.00387943 -0.00983382
v -0.01015844 0.00317962 -0.00983382
v -0.00980554 0.00242966 -0.00983382
v -0.00954942 0.00164140 -0.00983382
v -0.00939411 0.00082724 -0.00983382
v 0.00648924 0.00033458 -0.01008382
v 0.00649793 0.00000004 -0.01008382
v 0.00685793 0.00000004 -0.01233382
v 0.00680431 0.00085231 -0.01233382
v 0.00646317 0.00066821 -0.01008382
v 0.00641982 0.00100004 -0.01008382
v 0.00664430 0.00169113 -0.01233382
v 0.00638041 0.00250329 -0.01233382
v 0.00601682 0.00327597 -0.01233382
v 0.00555925 0.00399698 -0.01233382
v 0.00485483 0.00429694 -0.01008382
v 0.00501492 0.00465496 -0.01233382
v 0.00450558 0.00465751 -0.01008382
v 0.00439242 0.00523953 -0.01233382
v 0.00412931 0.00498978 -0.01008382
v 0.00372830 0.00529173 -0.01008382
v 0.00370155 0.00574147 -0.01233382
v 0.00295323 0.00615287 -0.01233382
v 0.00215925 0.00646723 -0.01233382
v 0.00105793 0.00636193 -0.01008382
v 0.00133212 0.00667960 -0.01233382
v 0.00048491 0.00678662 -0.01233382
v 0.00055996 0.00642044 -0.01008382
v 0.00005895 0.00644004 -0.01008382
v -0.00036904 0.00678662 -0.01233382
v -0.00044207 0.00642060 -0.01008382
v -0.00121626 0.00667960 -0.01233382
v -0.00204339 0.00646723 -0.01233382
v -0.00283737 0.00615287 -0.01233382
v -0.00361244 0.00529173 -0.01008382
v -0.00358569 0.00574147 -0.01233382
v -0.00427655 0.00523953 -0.01233382
v -0.00401345 0.00498978 -0.01008382
v -0.00438972 0.00465751 -0.01008382
v -0.00489906 0.00465496 -0.01233382
v -0.00473897 0.00429694 -0.01008382
v -0.00544339 0.00399698 -0.01233382
v -0.00590095 0.00327597 -0.01233382
v -0.00626455 0.00250329 -0.01233382
v -0.00652843 0.00169113 -0.01233382
v -0.00630396 0.00100004 -0.01008382
v -0.00668845 0.00085231 -0.01233382
v -0.00636247 0.00050207 -0.01008382
v -0.00674207 0.00000004 -0.01233382
v -0.00638207 0.00000106 -0.01008382
v -0.00636263 -0.00049996 -0.01008382
v -0.00668845 -0.00085222 -0.01233382
v -0.00652843 -0.00169105 -0.01233382
v -0.00626455 -0.00250321 -0.01233382
v -0.00590095 -0.00327588 -0.01233382
v -0.00523376 -0.00367033 -0.01008382
v -0.00544339 -0.00399690 -0.01233382
v -0.00493181 -0.00407134 -0.01008382
v -0.00489906 -0.00465488 -0.01233382
v -0.00459954 -0.00444761 -0.01008382
v -0.00423897 -0.00479686 -0.01008382
v -0.00427655 -0.00523945 -0.01233382
v -0.00358569 -0.00574139 -0.01233382
v -0.00283737 -0.00615278 -0.01233382
v -0.00204339 -0.00646714 -0.01233382
v -0.00121626 -0.00667951 -0.01233382
v -0.00044207 -0.00642052 -0.01008382
v -0.00036904 -0.00678654 -0.01233382
v 0.00005895 -0.00643996 -0.01008382
v 0.00048491 -0.00678654 -0.01233382
v 0.00055996 -0.00642036 -0.01008382
v 0.00105793 -0.00636184 -0.01008382
v 0.00133212 -0.00667951 -0.01233382
v 0.00215925 -0.00646714 -0.01233382
v 0.00295323 -0.00615278 -0.01233382
v 0.00370155 -0.00574139 -0.01233382
v 0.00435483 -0.00479686 -0.01008382
v 0.00439242 -0.00523945 -0.01233382
v 0.00501492 -0.00465488 -0.01233382
v 0.00471540 -0.00444761 -0.01008382
v 0.00504767 -0.00407134 -0.01008382
v 0.00555925 -0.00399690 -0.01233382
v 0.00534962 -0.00367033 -0.01008382
v 0.00601682 -0.00327588 -0.01233382
v 0.00638041 -0.00250321 -0.01233382
v 0.00664430 -0.00169105 -0.01233382
v 0.00647849 -0.00049996 -0.01008382
v 0.00680431 -0.00085222 -0.01233382
v 0.00648929 -0.00033348 -0.01008382
v 0.00649577 -0.00016677 -0.01008382
v -0.00472974 -0.00316631 -0.01008382
v 0.00284423 -0.00439046 -0.01233382
v 0.00385902 -0.00430104 -0.01008382
v 0.00384857 -0.00355960 -0.01233382
v -0.00424316 0.00380113 -0.01008382
v 0.00525793 0.00000004 -0.01233382
v 0.00579793 0.00000004 -0.01008382
v 0.00578816 0.00033489 -0.01008382
v -0.00414896 0.00305653 -0.01233382
v -0.00477691 0.00191429 -0.01233382
v 0.00422062 -0.00395212 -0.01008382
v 0.00509456 0.00129323 -0.01233382
v 0.00575886 0.00066861 -0.01008382
v -0.00510107 0.00065178 -0.01233382
v -0.00559429 0.00100004 -0.01008382
v 0.00455033 -0.00357291 -0.01008382
v 0.00571015 0.00100004 -0.01008382
v 0.00461472 -0.00250508 -0.01233382
v 0.00484560 -0.00316631 -0.01008382
v -0.00566003 0.00050261 -0.01008382
v -0.00510107 -0.00065169 -0.01233382
v -0.00568207 0.00000133 -0.01008382
v 0.00461472 0.00250516 -0.01233382
v -0.00566025 -0.00049996 -0.01008382
v 0.00509456 -0.00129315 -0.01233382
v 0.00435902 0.00380113 -0.01008382
v 0.00384857 0.00355969 -0.01233382
v 0.00577611 -0.00049996 -0.01008382
v -0.00477691 -0.00191421 -0.01233382
v 0.00578823 -0.00033353 -0.01008382
v 0.00401009 0.00416274 -0.01008382
v 0.00579551 -0.00016681 -0.01008382
v 0.00363088 0.00449244 -0.01008382
v 0.00284423 0.00439055 -0.01233382
v -0.00414896 -0.00305644 -0.01233382
v 0.00322428 0.00478771 -0.01008382
v 0.00166482 0.00494554 -0.01233382
v -0.00443447 -0.00357291 -0.01008382
v -0.00410476 -0.00395212 -0.01008382
v -0.00325667 -0.00400663 -0.01233382
v -0.00374316 -0.00430104 -0.01008382
v 0.00105793 0.00565226 -0.01008382
v 0.00038444 0.00518978 -0.01233382
v 0.00056049 0.00571800 -0.01008382
v -0.00215612 -0.00470506 -0.01233382
v 0.00005922 0.00574004 -0.01008382
v -0.00091645 -0.00510785 -0.01233382
v -0.00044207 0.00571822 -0.01008382
v -0.00091645 0.00510794 -0.01233382
v -0.00044207 -0.00571814 -0.01008382
v 0.00038444 -0.00518970 -0.01233382
v -0.00215612 0.00470514 -0.01233382
v 0.00005922 -0.00573996 -0.01008382
v 0.00056049 -0.00571791 -0.01008382
v -0.00310842 0.00478771 -0.01008382
v -0.00325667 0.00400671 -0.01233382
v 0.00105793 -0.00565218 -0.01008382
v 0.00166482 -0.00494545 -0.01233382
v -0.00351502 0.00449244 -0.01008382
v -0.00389423 0.00416274 -0.01008382
v -0.00505271 0.00203262 0.00566618
v -0.00343261 0.00425047 0.00566618
v -0.00438333 0.00324430 0.00566618
v 0.00550504 -0.00076089 0.00566618
v 0.00555793 0.00000004 0.00566618
v -0.00226078 0.00498738 0.00566618
v -0.00094207 0.00540837 0.00566618
v -0.00094207 0.00540837 -0.00464215
v 0.00534738 -0.00150718 0.00566618
v 0.00508799 -0.00222449 0.00566618
v -0.00027706 0.00548983 -0.00472361
v 0.00473185 -0.00289901 0.00566618
v 0.00428581 -0.00351777 0.00566618
v 0.00179656 0.00521801 0.00566618
v 0.00105793 0.00540837 0.00566618
v 0.00105793 0.00540837 -0.00464215
v 0.00039292 0.00548983 -0.00472361
v 0.00375846 -0.00406887 0.00566618
v 0.00315994 -0.00454171 0.00566618
v 0.00250175 -0.00492720 0.00566618
v 0.00250175 0.00492729 0.00566618
v 0.00179656 -0.00521792 0.00566618
v 0.00315994 0.00454180 0.00566618
v 0.00105793 -0.00540829 -0.00464215
v 0.00375846 0.00406896 0.00566618
v 0.00105793 -0.00540829 0.00566618
v 0.00428581 0.00351785 0.00566618
v 0.00039292 -0.00548975 -0.00472361
v -0.00027706 -0.00548975 -0.00472361
v 0.00473185 0.00289909 0.00566618
v 0.00508799 0.00222457 0.00566618
v -0.00226078 -0.00498730 0.00566618
v -0.00094207 -0.00540829 0.00566618
v -0.00094207 -0.00540829 -0.00464215
v 0.00534738 0.00150727 0.00566618
v 0.00550504 0.00076097 0.00566618
v -0.00343261 -0.00425038 0.00566618
v -0.00438333 -0.00324421 0.00566618
v -0.00505271 -0.00203253 0.00566618
v -0.00539834 -0.00069210 0.00566618
v -0.00539834 0.00069218 0.00566618
v 0.01178936 -0.00476853 -0.00983382
v 0.01079499 -0.00364158 -0.00983382
v 0.01291786 -0.00557669 -0.00983382
v 0.01023948 -0.00266559 -0.00983382
v 0.01221434 -0.00434355 -0.00983382
v 0.01419406 -0.00612254 -0.00983382
v 0.00986311 -0.00160752 -0.00983382
v 0.01321787 -0.00505704 -0.00983382
v 0.01255210 -0.00423778 -0.00983382
v 0.01160834 -0.00323278 -0.00983382
v 0.01122697 -0.00320960 -0.00983382
v 0.01076136 -0.00236349 -0.00983382
v 0.01371615 -0.00497651 -0.00983382
v 0.01094416 -0.00202464 -0.00983382
v 0.01044259 -0.00145185 -0.00983382
v 0.01555793 -0.00638040 -0.00983382
v 0.00967749 -0.00049996 -0.00983382
v 0.01434940 -0.00554260 -0.00983382
v 0.01502733 -0.00540254 -0.00983382
v 0.01027952 -0.00049996 -0.00983382
v 0.01555793 -0.00577837 -0.00983382
v 0.01060130 -0.00068929 -0.00983382
v 0.01705793 -0.00632135 -0.00983382
v 0.01640328 -0.00548911 -0.00983382
v 0.01060130 0.00068938 -0.00983382
v 0.00973654 0.00100004 -0.00983382
v 0.01705793 -0.00571310 -0.00983382
v 0.01034479 0.00100004 -0.00983382
v 0.01004150 0.00218238 -0.00983382
v 0.01775752 -0.00523077 -0.00983382
v 0.01808476 -0.00543429 -0.00983382
v 0.01824027 -0.00601638 -0.00983382
v 0.01094416 0.00202473 -0.00983382
v 0.01062360 0.00202687 -0.00983382
v 0.01934318 -0.00549242 -0.00983382
v 0.01108529 0.00298549 -0.00983382
v 0.01904338 -0.00497259 -0.00983382
v 0.01900498 -0.00464376 -0.00983382
v 0.01056547 0.00328529 -0.00983382
v 0.01160834 0.00323286 -0.00983382
v 0.01990152 -0.00434355 -0.00983382
v 0.01128936 0.00426861 -0.00983382
v 0.02006726 -0.00376497 -0.00983382
v 0.02032650 -0.00476853 -0.00983382
v 0.01171434 0.00384363 -0.00983382
v 0.01255210 0.00423787 -0.00983382
v 0.02132087 -0.00364158 -0.00983382
v 0.02088889 -0.00320960 -0.00983382
v 0.01241631 0.00526299 -0.00983382
v 0.01284829 0.00483101 -0.00983382
v 0.02087762 -0.00264960 -0.00983382
v 0.01371615 0.00497659 -0.00983382
v 0.01369440 0.00529662 -0.00983382
v 0.01339230 0.00581850 -0.00983382
v 0.02187639 -0.00266559 -0.00983382
v 0.02135450 -0.00236349 -0.00983382
v 0.02138514 -0.00136775 -0.00983382
v 0.02167327 -0.00145185 -0.00983382
v 0.01460604 0.00561538 -0.00983382
v 0.01502733 0.00540262 -0.00983382
v 0.02225275 -0.00160752 -0.00983382
v 0.01445037 0.00619486 -0.00983382
v 0.02183634 -0.00049996 -0.00983382
v 0.01555793 0.00577845 -0.00983382
v 0.02155793 0.00000004 -0.00983382
v 0.01640328 0.00548919 -0.00983382
v 0.01555793 0.00638048 -0.00983382
v 0.02243837 -0.00049996 -0.00983382
v 0.02138514 0.00136784 -0.00983382
v 0.02177107 0.00100004 -0.00983382
v 0.01705793 0.00571318 -0.00983382
v 0.01775752 0.00523085 -0.00983382
v 0.01783276 0.00552181 -0.00983382
v 0.01705793 0.00632143 -0.00983382
v 0.02237932 0.00100004 -0.00983382
v 0.02149226 0.00202687 -0.00983382
v 0.02087762 0.00264969 -0.00983382
v 0.01900498 0.00464384 -0.00983382
v 0.01857399 0.00522589 -0.00983382
v 0.02006726 0.00376505 -0.00983382
v 0.02103057 0.00298549 -0.00983382
v 0.01926757 0.00483101 -0.00983382
v 0.02040152 0.00384363 -0.00983382
v 0.01798811 0.00610204 -0.00983382
v 0.02207436 0.00218238 -0.00983382
v 0.01887524 0.00574659 -0.00983382
v 0.02155039 0.00328529 -0.00983382
v 0.02082650 0.00426861 -0.00983382
v 0.01969956 0.00526299 -0.00983382
v -0.02021064 -0.00476853 -0.00983382
v -0.02120501 -0.00364158 -0.00983382
v -0.01908214 -0.00557669 -0.00983382
v -0.02176052 -0.00266559 -0.00983382
v -0.01978566 -0.00434355 -0.00983382
v -0.01780594 -0.00612254 -0.00983382
v -0.02213688 -0.00160752 -0.00983382
v -0.01878213 -0.00505704 -0.00983382
v -0.01944790 -0.00423778 -0.00983382
v -0.02039166 -0.00323278 -0.00983382
v -0.02077303 -0.00320960 -0.00983382
v -0.02123864 -0.00236349 -0.00983382
v -0.01828386 -0.00497651 -0.00983382
v -0.02105584 -0.00202464 -0.00983382
v -0.02155741 -0.00145185 -0.00983382
v -0.01644207 -0.00638040 -0.00983382
v -0.02232251 -0.00049996 -0.00983382
v -0.01765060 -0.00554260 -0.00983382
v -0.01697267 -0.00540254 -0.00983382
v -0.02172048 -0.00049996 -0.00983382
v -0.01644207 -0.00577837 -0.00983382
v -0.02139870 -0.00068929 -0.00983382
v -0.01494207 -0.00632135 -0.00983382
v -0.01559672 -0.00548911 -0.00983382
v -0.02139870 0.00068938 -0.00983382
v -0.02226346 0.00100004 -0.00983382
v -0.01494207 -0.00571310 -0.00983382
v -0.02165521 0.00100004 -0.00983382
v -0.02195850 0.00218238 -0.00983382
v -0.01424248 -0.00523077 -0.00983382
v -0.01391524 -0.00543429 -0.00983382
v -0.01375973 -0.00601638 -0.00983382
v -0.02105584 0.00202473 -0.00983382
v -0.02137640 0.00202687 -0.00983382
v -0.01265682 -0.00549242 -0.00983382
v -0.02091471 0.00298549 -0.00983382
v -0.01295662 -0.00497259 -0.00983382
v -0.01299502 -0.00464376 -0.00983382
v -0.02143453 0.00328529 -0.00983382
v -0.02039166 0.00323286 -0.00983382
v -0.01209848 -0.00434355 -0.00983382
v -0.02071064 0.00426861 -0.00983382
v -0.01193274 -0.00376497 -0.00983382
v -0.01167350 -0.00476853 -0.00983382
v -0.02028566 0.00384363 -0.00983382
v -0.01944790 0.00423787 -0.00983382
v -0.01067913 -0.00364158 -0.00983382
v -0.01111111 -0.00320960 -0.00983382
v -0.01915171 0.00483101 -0.00983382
v -0.01958369 0.00526299 -0.00983382
v -0.01112238 -0.00264960 -0.00983382
v -0.01828386 0.00497659 -0.00983382
v -0.01830560 0.00529662 -0.00983382
v -0.01860770 0.00581850 -0.00983382
v -0.01012361 -0.00266559 -0.00983382
v -0.01064549 -0.00236349 -0.00983382
v -0.01061486 -0.00136775 -0.00983382
v -0.01032673 -0.00145185 -0.00983382
v -0.01739396 0.00561538 -0.00983382
v -0.01697267 0.00540262 -0.00983382
v -0.00974725 -0.00160752 -0.00983382
v -0.01754963 0.00619486 -0.00983382
v -0.01016366 -0.00049996 -0.00983382
v -0.01644207 0.00577845 -0.00983382
v -0.01044207 0.00000004 -0.00983382
v -0.01559672 0.00548919 -0.00983382
v -0.01644207 0.00638048 -0.00983382
v -0.00956163 -0.00049996 -0.00983382
v -0.01061486 0.00136784 -0.00983382
v -0.01022893 0.00100004 -0.00983382
v -0.01494207 0.00571318 -0.00983382
v -0.01424248 0.00523085 -0.00983382
v -0.01416724 0.00552181 -0.00983382
v -0.01494207 0.00632143 -0.00983382
v -0.00962068 0.00100004 -0.00983382
v -0.01050774 0.00202687 -0.00983382
v -0.01112238 0.00264969 -0.00983382
v -0.01299502 0.00464384 -0.00983382
v -0.01342601 0.00522589 -0.00983382
v -0.01193274 0.00376505 -0.00983382
v -0.01096943 0.00298549 -0.00983382
v -0.01273243 0.00483101 -0.00983382
v -0.01159848 0.00384363 -0.00983382
v -0.01401189 0.00610204 -0.00983382
v -0.00992564 0.00218238 -0.00983382
v -0.01312476 0.00574659 -0.00983382
v -0.01044961 0.00328529 -0.00983382
v -0.01117350 0.00426861 -0.00983382
v -0.01230044 0.00526299 -0.00983382
v 0.00105793 0.00010004 0.00066618
v 0.00105793 -0.00009996 0.00066618
v -0.00094207 0.00010004 0.00066618
v -0.00094207 -0.00009996 0.00066618
v 0.02248924 0.00033458 -0.01008382
v 0.02249793 0.00000004 -0.01008382
v 0.02285793 0.00000004 -0.01233382
v 0.02280431 0.00085231 -0.01233382
v 0.02246317 0.00066821 -0.01008382
v 0.02241982 0.00100004 -0.01008382
v 0.02264430 0.00169113 -0.01233382
v 0.02238041 0.00250329 -0.01233382
v 0.02201682 0.00327597 -0.01233382
v 0.02155925 0.00399698 -0.01233382
v 0.02085483 0.00429694 -0.01008382
v 0.02101492 0.00465496 -0.01233382
v 0.02050558 0.00465751 -0.01008382
v 0.02039242 0.00523953 -0.01233382
v 0.02012931 0.00498978 -0.01008382
v 0.01972830 0.00529173 -0.01008382
v 0.01970155 0.00574147 -0.01233382
v 0.01895323 0.00615287 -0.01233382
v 0.01815925 0.00646723 -0.01233382
v 0.01705793 0.00636193 -0.01008382
v 0.01733212 0.00667960 -0.01233382
v 0.01648491 0.00678662 -0.01233382
v 0.01655996 0.00642044 -0.01008382
v 0.01605895 0.00644004 -0.01008382
v 0.01563096 0.00678662 -0.01233382
v 0.01555793 0.00642060 -0.01008382
v 0.01478374 0.00667960 -0.01233382
v 0.01395662 0.00646723 -0.01233382
v 0.01316263 0.00615287 -0.01233382
v 0.01238756 0.00529173 -0.01008382
v 0.01241431 0.00574147 -0.01233382
v 0.01172345 0.00523953 -0.01233382
v 0.01198655 0.00498978 -0.01008382
v 0.01161028 0.00465751 -0.01008382
v 0.01110095 0.00465496 -0.01233382
v 0.01126103 0.00429694 -0.01008382
v 0.01055661 0.00399698 -0.01233382
v 0.01009905 0.00327597 -0.01233382
v 0.00973545 0.00250329 -0.01233382
v 0.00947157 0.00169113 -0.01233382
v 0.00969605 0.00100004 -0.01008382
v 0.00931155 0.00085231 -0.01233382
v 0.00963753 0.00050207 -0.01008382
v 0.00925793 0.00000004 -0.01233382
v 0.00961793 0.00000106 -0.01008382
v 0.00963737 -0.00049996 -0.01008382
v 0.00931155 -0.00085222 -0.01233382
v 0.00947157 -0.00169105 -0.01233382
v 0.00973545 -0.00250321 -0.01233382
v 0.01009905 -0.00327588 -0.01233382
v 0.01076624 -0.00367033 -0.01008382
v 0.01055661 -0.00399690 -0.01233382
v 0.01106819 -0.00407134 -0.01008382
v 0.01110095 -0.00465488 -0.01233382
v 0.01140046 -0.00444761 -0.01008382
v 0.01176103 -0.00479686 -0.01008382
v 0.01172345 -0.00523945 -0.01233382
v 0.01241431 -0.00574139 -0.01233382
v 0.01316263 -0.00615278 -0.01233382
v 0.01395662 -0.00646714 -0.01233382
v 0.01478374 -0.00667951 -0.01233382
v 0.01555793 -0.00642052 -0.01008382
v 0.01563096 -0.00678654 -0.01233382
v 0.01605895 -0.00643996 -0.01008382
v 0.01648491 -0.00678654 -0.01233382
v 0.01655996 -0.00642036 -0.01008382
v 0.01705793 -0.00636184 -0.01008382
v 0.01733212 -0.00667951 -0.01233382
v 0.01815925 -0.00646714 -0.01233382
v 0.01895323 -0.00615278 -0.01233382
v 0.01970155 -0.00574139 -0.01233382
v 0.02035483 -0.00479686 -0.01008382
v 0.02039242 -0.00523945 -0.01233382
v 0.02101492 -0.00465488 -0.01233382
v 0.02071540 -0.00444761 -0.01008382
v 0.02104767 -0.00407134 -0.01008382
v 0.02155925 -0.00399690 -0.01233382
v 0.02134962 -0.00367033 -0.01008382
v 0.02201682 -0.00327588 -0.01233382
v 0.02238041 -0.00250321 -0.01233382
v 0.02264430 -0.00169105 -0.01233382
v 0.02247849 -0.00049996 -0.01008382
v 0.02280431 -0.00085222 -0.01233382
v 0.02248929 -0.00033348 -0.01008382
v 0.02249577 -0.00016677 -0.01008382
v 0.01127026 -0.00316631 -0.01008382
v 0.01884423 -0.00439046 -0.01233382
v 0.01985902 -0.00430104 -0.01008382
v 0.01984857 -0.00355960 -0.01233382
v 0.01175684 0.00380113 -0.01008382
v 0.02125793 0.00000004 -0.01233382
v 0.02179793 0.00000004 -0.01008382
v 0.02178816 0.00033489 -0.01008382
v 0.01185104 0.00305653 -0.01233382
v 0.01122309 0.00191429 -0.01233382
v 0.02022062 -0.00395212 -0.01008382
v 0.02109456 0.00129323 -0.01233382
v 0.02175886 0.00066861 -0.01008382
v 0.01089893 0.00065178 -0.01233382
v 0.01040571 0.00100004 -0.01008382
v 0.02055033 -0.00357291 -0.01008382
v 0.02171015 0.00100004 -0.01008382
v 0.02061472 -0.00250508 -0.01233382
v 0.02084560 -0.00316631 -0.01008382
v 0.01033997 0.00050261 -0.01008382
v 0.01089893 -0.00065169 -0.01233382
v 0.01031793 0.00000133 -0.01008382
v 0.02061472 0.00250516 -0.01233382
v 0.01033975 -0.00049996 -0.01008382
v 0.02109456 -0.00129315 -0.01233382
v 0.02035902 0.00380113 -0.01008382
v 0.01984857 0.00355969 -0.01233382
v 0.02177611 -0.00049996 -0.01008382
v 0.01122309 -0.00191421 -0.01233382
v 0.02178823 -0.00033353 -0.01008382
v 0.02001009 0.00416274 -0.01008382
v 0.02179551 -0.00016681 -0.01008382
v 0.01963088 0.00449244 -0.01008382
v 0.01884423 0.00439055 -0.01233382
v 0.01185104 -0.00305644 -0.01233382
v 0.01922428 0.00478771 -0.01008382
v 0.01766482 0.00494554 -0.01233382
v 0.01156553 -0.00357291 -0.01008382
v 0.01189524 -0.00395212 -0.01008382
v 0.01274333 -0.00400663 -0.01233382
v 0.01225684 -0.00430104 -0.01008382
v 0.01705793 0.00565226 -0.01008382
v 0.01638444 0.00518978 -0.01233382
v 0.01656049 0.00571800 -0.01008382
v 0.01384388 -0.00470506 -0.01233382
v 0.01605922 0.00574004 -0.01008382
v 0.01508355 -0.00510785 -0.01233382
v 0.01555793 0.00571822 -0.01008382
v 0.01508355 0.00510794 -0.01233382
v 0.01555793 -0.00571814 -0.01008382
v 0.01638444 -0.00518970 -0.01233382
v 0.01384388 0.00470514 -0.01233382
v 0.01605922 -0.00573996 -0.01008382
v 0.01656049 -0.00571791 -0.01008382
v 0.01289158 0.00478771 -0.01008382
v 0.01274333 0.00400671 -0.01233382
v 0.01705793 -0.00565218 -0.01008382
v 0.01766482 -0.00494545 -0.01233382
v 0.01248498 0.00449244 -0.01008382
v 0.01210577 0.00416274 -0.01008382
v 0.01775752 0.00523085 0.00566618
v 0.01900498 0.00464384 0.00566618
v 0.02138514 -0.00136775 0.00566618
v 0.02155793 0.00000004 0.00566618
v 0.02006726 0.00376505 0.00566618
v 0.02087762 0.00264969 0.00566618
v 0.02087762 -0.00264960 0.00566618
v 0.02006726 -0.00376497 0.00566618
v 0.01900498 -0.00464376 0.00566618
v 0.02138514 0.00136784 0.00566618
v 0.01775752 -0.00523077 0.00566618
v 0.01640328 -0.00548911 0.00566618
v 0.01502733 -0.00540254 0.00566618
v 0.01371615 -0.00497651 0.00566618
v 0.01255210 -0.00423778 0.00566618
v 0.01160834 -0.00323278 0.00566618
v 0.01094416 -0.00202464 0.00566618
v 0.01060130 -0.00068929 0.00566618
v 0.01060130 0.00068938 0.00566618
v 0.01094416 0.00202473 0.00566618
v 0.01160834 0.00323286 0.00566618
v 0.01255210 0.00423787 0.00566618
v 0.01371615 0.00497659 0.00566618
v 0.01502733 0.00540262 0.00566618
v 0.01640328 0.00548919 0.00566618
v -0.00951076 0.00033458 -0.01008382
v -0.00950207 0.00000004 -0.01008382
v -0.00914207 0.00000004 -0.01233382
v -0.00919569 0.00085231 -0.01233382
v -0.00953683 0.00066821 -0.01008382
v -0.00958018 0.00100004 -0.01008382
v -0.00935570 0.00169113 -0.01233382
v -0.00961959 0.00250329 -0.01233382
v -0.00998318 0.00327597 -0.01233382
v -0.01044075 0.00399698 -0.01233382
v -0.01114517 0.00429694 -0.01008382
v -0.01098508 0.00465496 -0.01233382
v -0.01149442 0.00465751 -0.01008382
v -0.01160759 0.00523953 -0.01233382
v -0.01187069 0.00498978 -0.01008382
v -0.01227170 0.00529173 -0.01008382
v -0.01229845 0.00574147 -0.01233382
v -0.01304677 0.00615287 -0.01233382
v -0.01384075 0.00646723 -0.01233382
v -0.01494207 0.00636193 -0.01008382
v -0.01466788 0.00667960 -0.01233382
v -0.01551509 0.00678662 -0.01233382
v -0.01544004 0.00642044 -0.01008382
v -0.01594105 0.00644004 -0.01008382
v -0.01636904 0.00678662 -0.01233382
v -0.01644207 0.00642060 -0.01008382
v -0.01721626 0.00667960 -0.01233382
v -0.01804338 0.00646723 -0.01233382
v -0.01883737 0.00615287 -0.01233382
v -0.01961244 0.00529173 -0.01008382
v -0.01958569 0.00574147 -0.01233382
v -0.02027655 0.00523953 -0.01233382
v -0.02001345 0.00498978 -0.01008382
v -0.02038972 0.00465751 -0.01008382
v -0.02089906 0.00465496 -0.01233382
v -0.02073897 0.00429694 -0.01008382
v -0.02144338 0.00399698 -0.01233382
v -0.02190095 0.00327597 -0.01233382
v -0.02226455 0.00250329 -0.01233382
v -0.02252843 0.00169113 -0.01233382
v -0.02230396 0.00100004 -0.01008382
v -0.02268845 0.00085231 -0.01233382
v -0.02236247 0.00050207 -0.01008382
v -0.02274207 0.00000004 -0.01233382
v -0.02238207 0.00000106 -0.01008382
v -0.02236263 -0.00049996 -0.01008382
v -0.02268845 -0.00085222 -0.01233382
v -0.02252843 -0.00169105 -0.01233382
v -0.02226455 -0.00250321 -0.01233382
v -0.02190095 -0.00327588 -0.01233382
v -0.02123376 -0.00367033 -0.01008382
v -0.02144338 -0.00399690 -0.01233382
v -0.02093181 -0.00407134 -0.01008382
v -0.02089906 -0.00465488 -0.01233382
v -0.02059954 -0.00444761 -0.01008382
v -0.02023897 -0.00479686 -0.01008382
v -0.02027655 -0.00523945 -0.01233382
v -0.01958569 -0.00574139 -0.01233382
v -0.01883737 -0.00615278 -0.01233382
v -0.01804338 -0.00646714 -0.01233382
v -0.01721626 -0.00667951 -0.01233382
v -0.01644207 -0.00642052 -0.01008382
v -0.01636904 -0.00678654 -0.01233382
v -0.01594105 -0.00643996 -0.01008382
v -0.01551509 -0.00678654 -0.01233382
v -0.01544004 -0.00642036 -0.01008382
v -0.01494207 -0.00636184 -0.01008382
v -0.01466788 -0.00667951 -0.01233382
v -0.01384075 -0.00646714 -0.01233382
v -0.01304677 -0.00615278 -0.01233382
v -0.01229845 -0.00574139 -0.01233382
v -0.01164517 -0.00479686 -0.01008382
v -0.01160759 -0.00523945 -0.01233382
v -0.01098508 -0.00465488 -0.01233382
v -0.01128460 -0.00444761 -0.01008382
v -0.01095233 -0.00407134 -0.01008382
v -0.01044075 -0.00399690 -0.01233382
v -0.01065038 -0.00367033 -0.01008382
v -0.00998318 -0.00327588 -0.01233382
v -0.00961959 -0.00250321 -0.01233382
v -0.00935570 -0.00169105 -0.01233382
v -0.00952151 -0.00049996 -0.01008382
v -0.00919569 -0.00085222 -0.01233382
v -0.00951071 -0.00033348 -0.01008382
v -0.00950423 -0.00016677 -0.01008382
v -0.02072974 -0.00316631 -0.01008382
v -0.01315577 -0.00439046 -0.01233382
v -0.01214098 -0.00430104 -0.01008382
v -0.01215143 -0.00355960 -0.01233382
v -0.02024316 0.00380113 -0.01008382
v -0.01074207 0.00000004 -0.01233382
v -0.01020207 0.00000004 -0.01008382
v -0.01021184 0.00033489 -0.01008382
v -0.02014896 0.00305653 -0.01233382
v -0.02077691 0.00191429 -0.01233382
v -0.01177938 -0.00395212 -0.01008382
v -0.01090544 0.00129323 -0.01233382
v -0.01024114 0.00066861 -0.01008382
v -0.02110107 0.00065178 -0.01233382
v -0.02159429 0.00100004 -0.01008382
v -0.01028985 0.00100004 -0.01008382
v -0.01144967 -0.00357291 -0.01008382
v -0.01138527 -0.00250508 -0.01233382
v -0.01115440 -0.00316631 -0.01008382
v -0.02166003 0.00050261 -0.01008382
v -0.02110107 -0.00065169 -0.01233382
v -0.02168207 0.00000133 -0.01008382
v -0.01138527 0.00250516 -0.01233382
v -0.02166025 -0.00049996 -0.01008382
v -0.01090544 -0.00129315 -0.01233382
v -0.01164098 0.00380113 -0.01008382
v -0.01215143 0.00355969 -0.01233382
v -0.01022389 -0.00049996 -0.01008382
v -0.02077691 -0.00191421 -0.01233382
v -0.01021177 -0.00033353 -0.01008382
v -0.01198991 0.00416274 -0.01008382
v -0.01020450 -0.00016681 -0.01008382
v -0.01236912 0.00449244 -0.01008382
v -0.01315577 0.00439055 -0.01233382
v -0.02014896 -0.00305644 -0.01233382
v -0.01277572 0.00478771 -0.01008382
v -0.01433518 0.00494554 -0.01233382
v -0.02043447 -0.00357291 -0.01008382
v -0.02010476 -0.00395212 -0.01008382
v -0.01925667 -0.00400663 -0.01233382
v -0.01974316 -0.00430104 -0.01008382
v -0.01494207 0.00565226 -0.01008382
v -0.01561556 0.00518978 -0.01233382
v -0.01543951 0.00571800 -0.01008382
v -0.01815612 -0.00470506 -0.01233382
v -0.01594078 0.00574004 -0.01008382
v -0.01691645 -0.00510785 -0.01233382
v -0.01644207 0.00571822 -0.01008382
v -0.01691645 0.00510794 -0.01233382
v -0.01644207 -0.00571814 -0.01008382
v -0.01561556 -0.00518970 -0.01233382
v -0.01815612 0.00470514 -0.01233382
v -0.01594078 -0.00573996 -0.01008382
v -0.01543951 -0.00571791 -0.01008382
v -0.01910842 0.00478771 -0.01008382
v -0.01925667 0.00400671 -0.01233382
v -0.01494207 -0.00565218 -0.01008382
v -0.01433518 -0.00494545 -0.01233382
v -0.01951502 0.00449244 -0.01008382
v -0.01989423 0.00416274 -0.01008382
v -0.01424248 0.00523085 0.00566618
v -0.01299502 0.00464384 0.00566618
v -0.01061486 -0.00136775 0.00566618
v -0.01044207 0.00000004 0.00566618
v -0.01193274 0.00376505 0.00566618
v -0.01112238 0.00264969 0.00566618
v -0.01112238 -0.00264960 0.00566618
v -0.01193274 -0.00376497 0.00566618
v -0.01299502 -0.00464376 0.00566618
v -0.01061486 0.00136784 0.00566618
v -0.01424248 -0.00523077 0.00566618
v -0.01559672 -0.00548911 0.00566618
v -0.01697267 -0.00540254 0.00566618
v -0.01828386 -0.00497651 0.00566618
v -0.01944790 -0.00423778 0.00566618
v -0.02039166 -0.00323278 0.00566618
v -0.02105584 -0.00202464 0.00566618
v -0.02139870 -0.00068929 0.00566618
v -0.02139870 0.00068938 0.00566618
v -0.02105584 0.00202473 0.00566618
v -0.02039166 0.00323286 0.00566618
v -0.01944790 0.00423787 0.00566618
v -0.01828386 0.00497659 0.00566618
v -0.01697267 0.00540262 0.00566618
v -0.01559672 0.00548919 0.00566618
vn -0.12676513 0.66452421 0.73643614
vn 0.04247978 0.67517281 0.73643543
vn -0.12676566 -0.66452629 0.73643416
vn 0.04247688 -0.67517189 0.73643644
vn 0.67650776 -0.00000036 0.73643551
vn -0.67117395 0.08478780 0.73643503
vn 0.65525441 0.16824006 0.73643529
vn -0.62900080 0.24903817 0.73643601
vn 0.06508613 -0.06508613 0.99575478
vn 0.49315354 -0.46310182 0.73643485
vn 0.36249094 -0.57119378 0.73643600
vn 0.59282791 -0.32590896 0.73643630
vn -0.67117395 0.08478780 0.73643503
vn -0.62900080 0.24903817 0.73643601
vn 0.65525441 0.16824006 0.73643529
vn 0.67650776 -0.00000036 0.73643551
vn 0.20904968 -0.64339746 0.73643597
vn 0.65525511 -0.16823952 0.73643479
vn -0.28804438 0.61212232 0.73643512
vn -0.28804149 -0.61212253 0.73643609
vn 0.04247706 -0.67517407 0.73643444
vn 0.67650776 -0.00000036 0.73643551
vn 0.59282776 0.32591007 0.73643593
vn -0.54730597 0.39764186 0.73643542
vn -0.12676267 -0.66452574 0.73643517
vn -0.54730597 0.39764186 0.73643542
vn 0.59282776 0.32591007 0.73643593
vn 0.65525441 0.16824006 0.73643529
vn -0.43122238 0.52125841 0.73643528
vn -0.43122238 -0.52125841 0.73643528
vn -0.43122238 0.52125841 0.73643528
vn 0.49315354 0.46310182 0.73643485
vn 0.49315354 0.46310182 0.73643485
vn 0.04247706 -0.67517407 0.73643444
vn -0.06508613 -0.06508613 0.99575478
vn -0.28804149 -0.61212253 0.73643609
vn -0.43122238 -0.52125841 0.73643528
vn -0.12676267 -0.66452574 0.73643517
vn 0.04247706 -0.67517407 0.73643444
vn 0.20904968 -0.64339746 0.73643597
vn -0.12676267 -0.66452574 0.73643517
vn -0.54730597 -0.39764186 0.73643542
vn -0.28804438 0.61212232 0.73643512
vn 0.36249094 0.57119378 0.73643600
vn 0.49315354 0.46310182 0.73643485
vn 0.59282776 0.32591007 0.73643593
vn 0.49315354 -0.46310182 0.73643485
vn -0.62900080 -0.24903741 0.73643626
vn 0.20905267 0.64339763 0.73643497
vn -0.12676513 0.66452421 0.73643614
vn -0.43122238 -0.52125841 0.73643528
vn -0.54730597 -0.39764186 0.73643542
vn 0.49315354 -0.46310182 0.73643485
vn -0.67117431 -0.08478714 0.73643478
vn 0.36249094 0.57119378 0.73643600
vn 0.36249094 -0.57119378 0.73643600
vn 0.36249094 -0.57119378 0.73643600
vn -0.28804149 -0.61212253 0.73643609
vn 0.59282791 -0.32590896 0.73643630
vn -0.67117395 0.08478780 0.73643503
vn -0.62900080 -0.24903741 0.73643626
vn 0.59282791 -0.32590896 0.73643630
vn 0.20905267 0.64339763 0.73643497
vn 0.20905267 -0.64339763 0.73643497
vn 0.20904968 -0.64339746 0.73643597
vn 0.65525511 -0.16823952 0.73643479
vn -0.67117431 -0.08478714 0.73643478
vn 0.65525511 -0.16823952 0.73643479
vn 0.04247978 0.67517281 0.73643543
vn 0.04247688 -0.67517189 0.73643644
vn -0.54730597 -0.39764186 0.73643542
vn 0.49315354 -0.46310182 0.73643485
vn 0.04247706 -0.67517407 0.73643444
vn 0.36249094 -0.57119378 0.73643600
vn 0.36249094 0.57119378 0.73643600
vn -0.67117395 0.08478780 0.73643503
vn 0.67650776 -0.00000036 0.73643551
vn -0.12676513 0.66452421 0.73643614
vn -0.12676566 -0.66452629 0.73643416
vn -0.62900080 -0.24903741 0.73643626
vn 0.59282791 -0.32590896 0.73643630
vn 0.20905267 -0.64339763 0.73643497
vn 0.20905267 0.64339763 0.73643497
vn -0.62900080 0.24903817 0.73643601
vn 0.65525441 0.16824006 0.73643529
vn -0.67117431 -0.08478714 0.73643478
vn 0.65525511 -0.16823952 0.73643479
vn -0.28804438 0.61212232 0.73643512
vn -0.28804149 -0.61212253 0.73643609
vn 0.04247688 -0.67517189 0.73643644
vn 0.04247978 0.67517281 0.73643543
vn -0.67117395 0.08478780 0.73643503
vn 0.67650776 -0.00000036 0.73643551
vn -0.54730597 0.39764186 0.73643542
vn 0.59282776 0.32591007 0.73643593
vn -0.12676513 0.66452421 0.73643614
vn -0.12676566 -0.66452629 0.73643416
vn -0.43122238 0.52125841 0.73643528
vn -0.43122238 -0.52125841 0.73643528
vn -0.62900080 0.24903817 0.73643601
vn 0.65525441 0.16824006 0.73643529
vn -0.28804149 -0.61212253 0.73643609
vn -0.28804438 0.61212232 0.73643512
vn -0.54730597 0.39764186 0.73643542
vn 0.59282776 0.32591007 0.73643593
vn 0.49315354 0.46310182 0.73643485
vn 0.67650776 -0.00000036 0.73643551
vn 0.06508615 0.06508259 0.99575501
vn -0.43122238 0.52125841 0.73643528
vn -0.43122238 -0.52125841 0.73643528
vn 0.65525441 0.16824006 0.73643529
vn 0.59282776 0.32591007 0.73643593
vn 0.49315354 0.46310182 0.73643485
vn -0.43122238 0.52125841 0.73643528
vn 0.49315354 0.46310182 0.73643485
vn 0.36249094 0.57119378 0.73643600
vn -0.54730597 0.39764186 0.73643542
vn -0.54730597 -0.39764186 0.73643542
vn -0.28804438 0.61212232 0.73643512
vn 0.36249094 0.57119378 0.73643600
vn -0.62900080 0.24903817 0.73643601
vn -0.62900080 -0.24903741 0.73643626
vn 0.20905267 0.64339763 0.73643497
vn -0.12676513 0.66452421 0.73643614
vn 0.20905267 0.64339763 0.73643497
vn -0.67117431 -0.08478714 0.73643478
vn 0.04247978 0.67517281 0.73643543
vn -0.12676513 0.66452421 0.73643614
vn -0.06508615 0.06508259 0.99575501
vn -0.12676513 0.66452421 0.73643614
vn 0.04247978 0.67517281 0.73643543
vn -0.28804438 0.61212232 0.73643512
vn -0.43122238 0.52125841 0.73643528
vn -0.54730597 0.39764186 0.73643542
vn -0.62900080 0.24903817 0.73643601
vn -0.67117395 0.08478780 0.73643503
vn 0.04247978 0.67517281 0.73643543
vn 0.04247978 0.67517281 0.73643543
vn 0.20905267 0.64339763 0.73643497
vn -0.43122238 -0.52125841 0.73643528
vn -0.54730597 -0.39764186 0.73643542
vn 0.49315354 -0.46310182 0.73643485
vn 0.49315354 -0.46310182 0.73643485
vn -0.54730597 -0.39764186 0.73643542
vn 0.36249094 0.57119378 0.73643600
vn 0.36249094 -0.57119378 0.73643600
vn -0.28804149 -0.61212253 0.73643609
vn 0.36249094 -0.57119378 0.73643600
vn 0.59282791 -0.32590896 0.73643630
vn -0.62900080 -0.24903741 0.73643626
vn -0.62900080 -0.24903741 0.73643626
vn 0.59282791 -0.32590896 0.73643630
vn 0.20905267 -0.64339763 0.73643497
vn 0.20905267 0.64339763 0.73643497
vn -0.12676267 -0.66452574 0.73643517
vn 0.20904968 -0.64339746 0.73643597
vn 0.65525511 -0.16823952 0.73643479
vn -0.67117431 -0.08478714 0.73643478
vn -0.67117431 -0.08478714 0.73643478
vn 0.65525511 -0.16823952 0.73643479
vn 0.04247978 0.67517281 0.73643543
vn 0.04247688 -0.67517189 0.73643644
vn 0.67650776 -0.00000036 0.73643551
vn -0.67117395 0.08478780 0.73643503
vn 0.67650776 -0.00000036 0.73643551
vn -0.67117395 0.08478780 0.73643503
vn -0.12676513 0.66452421 0.73643614
vn -0.12676566 -0.66452629 0.73643416
vn 0.65525441 0.16824006 0.73643529
vn -0.62900080 0.24903817 0.73643601
vn -0.62900080 0.24903817 0.73643601
vn 0.65525441 0.16824006 0.73643529
vn -0.28804438 0.61212232 0.73643512
vn -0.28804149 -0.61212253 0.73643609
vn -0.54730597 0.39764186 0.73643542
vn 0.59282776 0.32591007 0.73643593
vn -0.54730597 0.39764186 0.73643542
vn 0.59282776 0.32591007 0.73643593
vn -0.43122238 0.52125841 0.73643528
vn -0.43122238 -0.52125841 0.73643528
vn 0.49315354 0.46310182 0.73643485
vn -0.43122238 0.52125841 0.73643528
vn 0.49315354 0.46310182 0.73643485
vn 0.36249094 0.57119378 0.73643600
vn -0.28804438 0.61212232 0.73643512
vn 0.49315354 -0.46310182 0.73643485
vn -0.54730597 -0.39764186 0.73643542
vn -0.43122238 -0.52125841 0.73643528
vn -0.54730597 -0.39764186 0.73643542
vn 0.49315354 -0.46310182 0.73643485
vn 0.36249094 -0.57119378 0.73643600
vn 0.36249094 0.57119378 0.73643600
vn 0.36249094 -0.57119378 0.73643600
vn -0.28804149 -0.61212253 0.73643609
vn 0.59282791 -0.32590896 0.73643630
vn -0.62900080 -0.24903741 0.73643626
vn 0.59282791 -0.32590896 0.73643630
vn -0.62900080 -0.24903741 0.73643626
vn 0.20905267 0.64339763 0.73643497
vn 0.20905267 -0.64339763 0.73643497
vn -0.67117431 -0.08478714 0.73643478
vn 0.65525511 -0.16823952 0.73643479
vn -0.67117431 -0.08478714 0.73643478
vn 0.65525511 -0.16823952 0.73643479
vn 0.15105260 -0.28361110 0.94696772
vn -0.15105260 -0.28361110 0.94696772
vn 0.13755325 -0.48682146 0.86260302
vn -0.13755325 -0.48682146 0.86260302
vn 0.13613720 -0.70052009 0.70052713
vn -0.13613720 -0.70052009 0.70052713
vn 0.13755321 -0.86260059 0.48682578
vn -0.13755321 -0.86260059 0.48682578
vn 0.15105260 -0.94696772 0.28361110
vn -0.15105260 -0.94696772 0.28361110
vn 0.06508613 -0.99575478 0.06508613
vn -0.06508613 -0.99575478 0.06508613
vn -0.28361066 0.15104409 0.94696920
vn -0.26810428 -0.12511415 0.95523115
vn -0.48682276 0.13755213 0.86260247
vn -0.49235485 -0.11335709 0.86298139
vn -0.70052009 0.13613720 0.70052713
vn -0.69839263 -0.10924817 0.70732776
vn -0.86260003 0.13755209 0.48682708
vn -0.86144165 -0.05051297 0.50533823
vn -0.94696920 0.15104409 0.28361066
vn -0.96352906 -0.05578917 0.26172374
vn -0.99575501 0.06508259 0.06508615
vn -0.99682203 -0.05585422 0.05679914
vn 0.28361066 0.15104409 0.94696920
vn 0.26810428 -0.12511415 0.95523115
vn 0.48680850 0.13755225 0.86261049
vn 0.49234108 -0.11335814 0.86298910
vn 0.70052333 0.13614007 0.70052333
vn 0.69839539 -0.10925437 0.70732408
vn 0.86261049 0.13755225 0.48680850
vn 0.86145322 -0.05051101 0.50531870
vn 0.94696920 0.15104409 0.28361066
vn 0.96351643 -0.03651862 0.26514615
vn 0.99575501 0.06508259 0.06508615
vn 0.99682203 -0.05679914 0.05585422
vn -0.12511566 0.26810995 0.95522936
vn 0.12511566 0.26810995 0.95522936
vn 0.11335755 0.49235041 0.86298386
vn -0.11335755 0.49235041 0.86298386
vn -0.10925437 0.69839539 0.70732408
vn 0.10925437 0.69839539 0.70732408
vn -0.05051101 0.86145322 0.50531870
vn 0.05051101 0.86145322 0.50531870
vn -0.05578917 0.96352906 0.26172374
vn 0.03651862 0.96351643 0.26514615
vn 0.05679914 0.99682203 0.05585422
vn -0.05585422 0.99682203 0.05679914
vn 0.72742213 -0.68309661 0.06508503
vn 0.53469086 -0.84253773 0.06508341
vn 0.87444907 -0.48073356 0.06506972
vn 0.96653090 0.24816334 0.06506130
vn 0.99788036 -0.00000135 0.06507525
vn 0.96653277 -0.24815836 0.06505249
vn 0.87444910 0.48073347 0.06507002
vn 0.72742431 0.68309663 0.06506056
vn 0.53469232 0.84253692 0.06508191
vn 0.30836168 0.94904260 0.06504786
vn 0.06266067 0.99591238 0.06505512
vn -0.18698347 0.98020494 0.06508034
vn -0.42487714 0.90290912 0.06507332
vn -0.63607164 0.76888133 0.06507200
vn -0.80730378 0.58654036 0.06504621
vn -0.92780720 0.36734314 0.06506006
vn -0.99001298 0.12506756 0.06505694
vn -0.99001370 -0.12506410 0.06505257
vn -0.92780758 -0.36734218 0.06506006
vn -0.80730065 -0.58654229 0.06506767
vn -0.63607266 -0.76888041 0.06507295
vn -0.42487355 -0.90291081 0.06507331
vn -0.18698209 -0.98020756 0.06504494
vn 0.06266010 -0.99591241 0.06505529
vn 0.30835637 -0.94904187 0.06508365
vn 0.72742213 -0.68309661 0.06508503
vn 0.53469086 -0.84253773 0.06508341
vn 0.87444907 -0.48073356 0.06506972
vn 0.96653090 0.24816334 0.06506130
vn 0.99788036 -0.00000135 0.06507525
vn 0.96653277 -0.24815836 0.06505249
vn 0.87444910 0.48073347 0.06507002
vn 0.72742431 0.68309663 0.06506056
vn 0.53469232 0.84253692 0.06508191
vn 0.30836168 0.94904260 0.06504786
vn 0.06266067 0.99591238 0.06505512
vn -0.18698347 0.98020494 0.06508034
vn -0.42487714 0.90290912 0.06507332
vn -0.63607164 0.76888133 0.06507200
vn -0.80730378 0.58654036 0.06504621
vn -0.92780720 0.36734314 0.06506006
vn -0.99001298 0.12506756 0.06505694
vn -0.99001370 -0.12506410 0.06505257
vn -0.92780758 -0.36734218 0.06506006
vn -0.80730065 -0.58654229 0.06506767
vn -0.63607266 -0.76888041 0.06507295
vn -0.42487355 -0.90291081 0.06507331
vn -0.18698209 -0.98020756 0.06504494
vn 0.06266010 -0.99591241 0.06505529
vn 0.30835637 -0.94904187 0.06508365
vn 0.72742213 -0.68309661 0.06508503
vn 0.53469086 -0.84253773 0.06508341
vn 0.87444907 -0.48073356 0.06506972
vn 0.96653090 0.24816334 0.06506130
vn 0.99788036 -0.00000135 0.06507525
vn 0.96653277 -0.24815836 0.06505249
vn 0.87444910 0.48073347 0.06507002
vn 0.72742431 0.68309663 0.06506056
vn 0.53469232 0.84253692 0.06508191
vn 0.30836168 0.94904260 0.06504786
vn 0.06265820 0.99591268 0.06505293
vn -0.18698347 0.98020494 0.06508034
vn -0.42487714 0.90290912 0.06507332
vn -0.63607164 0.76888133 0.06507200
vn -0.80730378 0.58654036 0.06504621
vn -0.92780720 0.36734314 0.06506006
vn -0.99001298 0.12506756 0.06505694
vn -0.99001370 -0.12506410 0.06505257
vn -0.92780758 -0.36734218 0.06506006
vn -0.80730065 -0.58654229 0.06506767
vn -0.63607266 -0.76888041 0.06507295
vn -0.42487355 -0.90291081 0.06507331
vn -0.18698197 -0.98020757 0.06504502
vn 0.06265750 -0.99591271 0.06505318
vn 0.30835637 -0.94904187 0.06508365
vn 0.72742213 -0.68309661 0.06508503
vn 0.53469086 -0.84253773 0.06508341
vn 0.87444907 -0.48073356 0.06506972
vn 0.96653090 0.24816334 0.06506130
vn 0.99788036 -0.00000135 0.06507525
vn 0.96653277 -0.24815836 0.06505249
vn 0.87444910 0.48073347 0.06507002
vn 0.72742431 0.68309663 0.06506056
vn 0.53469232 0.84253692 0.06508191
vn 0.30836168 0.94904260 0.06504786
vn 0.06266067 0.99591238 0.06505512
vn -0.18698347 0.98020494 0.06508034
vn -0.42487714 0.90290912 0.06507332
vn -0.63607164 0.76888133 0.06507200
vn -0.80730378 0.58654036 0.06504621
vn -0.92780720 0.36734314 0.06506006
vn -0.99001298 0.12506756 0.06505694
vn -0.99001311 -0.12506653 0.06505694
vn -0.92780758 -0.36734218 0.06506006
vn -0.80730065 -0.58654229 0.06506767
vn -0.63607266 -0.76888041 0.06507295
vn -0.42487355 -0.90291081 0.06507331
vn -0.18698429 -0.98020705 0.06504627
vn 0.06265783 -0.99591019 0.06509140
vn 0.30836026 -0.94904060 0.06508366
vn 0.72742213 -0.68309661 0.06508503
vn 0.53469086 -0.84253773 0.06508341
vn 0.87444907 -0.48073356 0.06506972
vn 0.96653090 0.24816334 0.06506130
vn 0.99788036 -0.00000135 0.06507525
vn 0.96653277 -0.24815836 0.06505249
vn 0.87444910 0.48073347 0.06507002
vn 0.72742431 0.68309663 0.06506056
vn 0.53469232 0.84253692 0.06508191
vn 0.30836168 0.94904260 0.06504786
vn 0.06265820 0.99591268 0.06505293
vn -0.18698347 0.98020494 0.06508034
vn -0.42487714 0.90290912 0.06507332
vn -0.63607164 0.76888133 0.06507200
vn -0.80730378 0.58654036 0.06504621
vn -0.92780720 0.36734314 0.06506006
vn -0.99001298 0.12506756 0.06505694
vn -0.99001311 -0.12506653 0.06505694
vn -0.92780758 -0.36734218 0.06506006
vn -0.80730065 -0.58654229 0.06506767
vn -0.63607266 -0.76888041 0.06507295
vn -0.42487355 -0.90291081 0.06507331
vn -0.18698417 -0.98020707 0.06504635
vn 0.06265523 -0.99591049 0.06508930
vn 0.30836026 -0.94904060 0.06508366
vn 0.72742213 -0.68309661 0.06508503
vn 0.53469086 -0.84253773 0.06508341
vn 0.87444907 -0.48073356 0.06506972
vn 0.96653090 0.24816334 0.06506130
vn 0.99788036 -0.00000135 0.06507525
vn 0.96653277 -0.24815836 0.06505249
vn 0.87444910 0.48073347 0.06507002
vn 0.72742431 0.68309663 0.06506056
vn 0.53469232 0.84253692 0.06508191
vn 0.30836168 0.94904260 0.06504786
vn 0.06266067 0.99591238 0.06505512
vn -0.18698347 0.98020494 0.06508034
vn -0.42487714 0.90290912 0.06507332
vn -0.63607164 0.76888133 0.06507200
vn -0.80730378 0.58654036 0.06504621
vn -0.92780720 0.36734314 0.06506006
vn -0.99001298 0.12506756 0.06505694
vn -0.99001311 -0.12506653 0.06505694
vn -0.92780758 -0.36734218 0.06506006
vn -0.80730065 -0.58654229 0.06506767
vn -0.63607266 -0.76888041 0.06507295
vn -0.42487355 -0.90291081 0.06507331
vn -0.18698429 -0.98020705 0.06504627
vn 0.06265783 -0.99591019 0.06509140
vn 0.30836026 -0.94904060 0.06508366
vn 0.72742213 -0.68309661 0.06508503
vn 0.53469086 -0.84253773 0.06508341
vn 0.87444907 -0.48073356 0.06506972
vn 0.96653090 0.24816334 0.06506130
vn 0.99788036 -0.00000135 0.06507525
vn 0.96653277 -0.24815836 0.06505249
vn 0.87444910 0.48073347 0.06507002
vn 0.72742431 0.68309663 0.06506056
vn 0.53469232 0.84253692 0.06508191
vn 0.30836168 0.94904260 0.06504786
vn 0.06265820 0.99591268 0.06505293
vn -0.18698347 0.98020494 0.06508034
vn -0.42487714 0.90290912 0.06507332
vn -0.63607164 0.76888133 0.06507200
vn -0.80730378 0.58654036 0.06504621
vn -0.92780720 0.36734314 0.06506006
vn -0.99001298 0.12506756 0.06505694
vn -0.99001370 -0.12506410 0.06505257
vn -0.92780758 -0.36734218 0.06506006
vn -0.80730065 -0.58654229 0.06506767
vn -0.63607266 -0.76888041 0.06507295
vn -0.42487355 -0.90291081 0.06507331
vn -0.18698197 -0.98020757 0.06504502
vn 0.06265750 -0.99591271 0.06505318
vn 0.30835637 -0.94904187 0.06508365
vn 0.72742213 -0.68309661 0.06508503
vn 0.53469086 -0.84253773 0.06508341
vn 0.87444907 -0.48073356 0.06506972
vn 0.96653090 0.24816334 0.06506130
vn 0.99788036 -0.00000135 0.06507525
vn 0.96653277 -0.24815836 0.06505249
vn 0.87444910 0.48073347 0.06507002
vn 0.72742431 0.68309663 0.06506056
vn 0.53469232 0.84253692 0.06508191
vn 0.30836168 0.94904260 0.06504786
vn 0.06265820 0.99591268 0.06505293
vn -0.18698347 0.98020494 0.06508034
vn -0.42487714 0.90290912 0.06507332
vn -0.63607164 0.76888133 0.06507200
vn -0.80730378 0.58654036 0.06504621
vn -0.92780720 0.36734314 0.06506006
vn -0.99001298 0.12506756 0.06505694
vn -0.99001311 -0.12506653 0.06505694
vn -0.92780758 -0.36734218 0.06506006
vn -0.80730065 -0.58654229 0.06506767
vn -0.63607266 -0.76888041 0.06507295
vn -0.42487355 -0.90291081 0.06507331
vn -0.18698417 -0.98020707 0.06504635
vn 0.06265523 -0.99591049 0.06508930
vn 0.30836026 -0.94904060 0.06508366
vn -0.26810428 -0.95523115 0.12511415
vn -0.83012592 -0.27406146 0.48557313
vn -0.82747766 -0.48949542 0.27509082
vn -0.96351643 -0.26514615 0.03651862
vn -0.86143276 -0.50535322 0.05051448
vn -0.69839670 -0.70732479 0.10924144
vn -0.49643596 -0.44917679 0.74282672
vn -0.49643834 -0.74282718 0.44917341
vn -0.49237278 -0.86297133 0.11335572
vn -0.95956458 -0.21961165 0.17608672
vn 0.26810428 -0.95523115 0.12511415
vn 0.82748396 -0.27509829 0.48948057
vn 0.86144434 -0.50533369 0.05051252
vn 0.96352906 -0.26172374 0.05578917
vn 0.83012622 -0.48557217 0.27406226
vn 0.69839946 -0.70732111 0.10924765
vn 0.49643343 -0.44918000 0.74282648
vn 0.49235902 -0.86297905 0.11335677
vn 0.49643580 -0.74282694 0.44917662
vn 0.95956458 -0.17608672 0.21961165
vn -0.04716886 -0.71970204 -0.69267891
vn 0.04716886 -0.71970204 -0.69267891
vn -0.95522936 0.26810995 0.12511566
vn -0.27406559 0.83012919 0.48556521
vn -0.48948751 0.82748096 0.27509495
vn -0.26514615 0.96351643 0.03651862
vn -0.50533369 0.86144434 0.05051252
vn -0.70732111 0.69839946 0.10924765
vn -0.44918123 0.49643441 0.74282508
vn -0.74282554 0.49643679 0.44917785
vn -0.86297380 0.49236835 0.11335618
vn -0.21961165 0.95956458 0.17608672
vn -0.71970147 0.04716624 -0.69267968
vn -0.71970204 -0.04716886 -0.69267891
vn 0.71970204 -0.04716886 -0.69267891
vn 0.71970147 0.04716624 -0.69267968
vn 0.95522936 0.26810995 0.12511566
vn 0.27509829 0.82748396 0.48948057
vn 0.50531870 0.86145322 0.05051101
vn 0.26172374 0.96352906 0.05578917
vn 0.48556521 0.83012919 0.27406559
vn 0.70732408 0.69839539 0.10925437
vn 0.44917768 0.49643726 0.74282532
vn 0.86298386 0.49235041 0.11335755
vn 0.74282532 0.49643726 0.44917768
vn 0.17608672 0.95956458 0.21961165
vn 0.04716886 0.71970204 -0.69267891
vn -0.04716886 0.71970204 -0.69267891
vn 0.26840496 -0.82607957 0.49553136
vn 0.05454050 -0.86687433 0.49553429
vn 0.29869938 -0.91929919 0.25625707
vn 0.03188282 -0.50674671 0.86150523
vn -0.09514085 -0.49875611 0.86150483
vn -0.13346133 -0.69962647 0.70193367
vn 0.04472137 -0.71084015 0.70193040
vn 0.51793696 -0.81613562 0.25624979
vn 0.22009435 -0.67737817 0.70193824
vn 0.01686146 -0.26798848 0.96327456
vn 0.02182434 -0.06716732 0.99750301
vn 0.00443384 -0.07047854 0.99750344
vn -0.05031714 -0.26376720 0.96327309
vn 0.46541444 -0.73337358 0.49553264
vn 0.15689952 -0.48288368 0.86151372
vn 0.70462848 -0.66168731 0.25625885
vn 0.06840351 0.01756241 0.99750314
vn 0.07062090 -0.00000000 0.99750323
vn 0.26851735 -0.00000001 0.96327485
vn 0.38162759 -0.60135305 0.70195078
vn 0.08297475 -0.25537165 0.96327593
vn 0.03783939 -0.05962555 0.99750337
vn 0.63317862 -0.59459396 0.49552281
vn 0.27205909 -0.42869526 0.86151275
vn 0.84704761 -0.46566951 0.25624649
vn 0.51920456 -0.48756572 0.70193040
vn 0.14387976 -0.22672029 0.96327386
vn 0.05148144 -0.04834402 0.99750314
vn 0.76114866 -0.41844619 0.49553558
vn 0.37012319 -0.34756920 0.86151290
vn 0.93624697 -0.24038550 0.25623508
vn 0.96660748 -0.00000113 0.25626155
vn 0.62413636 -0.34311931 0.70194226
vn 0.19573754 -0.18381099 0.96327584
vn 0.06188774 -0.03402310 0.99750305
vn 0.84128697 -0.21600419 0.49555870
vn 0.86858040 -0.00000000 0.49554827
vn 0.71224430 -0.00000000 0.70193166
vn 0.44493246 -0.24460319 0.86151285
vn 0.68984852 -0.17712413 0.70195161
vn 0.50775499 -0.00000002 0.86150152
vn 0.23530681 -0.12935948 0.96327402
vn 0.06840468 -0.01756334 0.99750305
vn 0.49179400 -0.12626916 0.86150726
vn 0.26008473 -0.06677814 0.96327390
vn 0.93624492 0.24038383 0.25624417
vn 0.84128697 0.21600419 0.49555870
vn 0.84704876 0.46566769 0.25624597
vn 0.68985257 0.17712340 0.70194781
vn 0.76114840 0.41844545 0.49553661
vn 0.49179843 0.12627244 0.86150425
vn 0.70462578 0.66169167 0.25625504
vn 0.62413605 0.34312075 0.70194183
vn 0.26008392 0.06677826 0.96327411
vn 0.06188777 0.03402313 0.99750305
vn 0.63317041 0.59458375 0.49554556
vn 0.44493753 0.24460576 0.86150950
vn 0.51793875 0.81613466 0.25624924
vn 0.51920540 0.48756631 0.70192938
vn 0.23531253 0.12936378 0.96327204
vn 0.05148368 0.04834704 0.99750288
vn 0.46541539 0.73337154 0.49553476
vn 0.37012411 0.34756899 0.86151259
vn 0.29870010 0.91929965 0.25625455
vn 0.38163773 0.60136226 0.70193737
vn 0.26840038 0.82606310 0.49556129
vn 0.19573892 0.18381281 0.96327521
vn 0.03784179 0.05962951 0.99750304
vn 0.27206301 0.42870230 0.86150801
vn 0.06068586 0.96469889 0.25626797
vn 0.22009832 0.67739212 0.70192353
vn 0.14387608 0.22671196 0.96327637
vn 0.02182281 0.06716246 0.99750337
vn 0.05453856 0.86685651 0.49556568
vn 0.15690417 0.48290234 0.86150242
vn -0.18112551 0.94948888 0.25625068
vn 0.04472017 0.71084085 0.70192976
vn -0.16275227 0.85319511 0.49555000
vn 0.08297352 0.25536862 0.96327684
vn 0.00443400 0.07048410 0.99750305
vn -0.41156775 0.87461445 0.25624511
vn 0.03188069 0.50674671 0.86150530
vn -0.13345599 0.69960596 0.70195513
vn 0.01686079 0.26799213 0.96327355
vn -0.01323260 0.06936875 0.99750332
vn -0.36982571 0.78592140 0.49553657
vn -0.09514101 0.49875621 0.86150475
vn -0.61614105 0.74478832 0.25624316
vn -0.30325578 0.64444849 0.70194165
vn -0.05031730 0.26376721 0.96327308
vn -0.03006987 0.06390140 0.99750309
vn -0.55365342 0.66925727 0.49554273
vn -0.21618823 0.45942180 0.86150697
vn -0.78200307 0.56815800 0.25625708
vn -0.45399727 0.54878759 0.70193922
vn -0.11432892 0.24296405 0.96327430
vn -0.04501320 0.05441166 0.99750348
vn -0.70268329 0.51053479 0.49557081
vn -0.32365999 0.39123453 0.86149855
vn -0.89873397 0.35583337 0.25624182
vn -0.57621841 0.41864414 0.70193263
vn -0.17115919 0.20689808 0.96327448
vn -0.05713287 0.04150981 0.99750327
vn -0.80758875 0.31974600 0.49554304
vn -0.41077986 0.29845213 0.86150231
vn -0.95899567 0.12114706 0.25622391
vn -0.66221339 0.26219000 0.70194717
vn -0.21723885 0.15783002 0.96327409
vn -0.06566253 0.02599758 0.99750316
vn -0.86173349 0.10886137 0.49554474
vn -0.47208019 0.18691020 0.86151313
vn -0.95899530 -0.12115210 0.25622291
vn -0.70660384 0.08926343 0.70195659
vn -0.24966504 0.09884931 0.96327368
vn -0.07006906 0.00885157 0.99750287
vn -0.86173354 -0.10885516 0.49554602
vn -0.50373702 0.06363564 0.86151002
vn -0.89873367 -0.35583409 0.25624186
vn -0.70660627 -0.08926652 0.70195375
vn -0.26640302 0.03365468 0.96327400
vn -0.07006913 -0.00885173 0.99750286
vn -0.80758793 -0.31974750 0.49554340
vn -0.50373558 -0.06363627 0.86151082
vn -0.78199883 -0.56815401 0.25627886
vn -0.66221375 -0.26219059 0.70194661
vn -0.26640112 -0.03365286 0.96327459
vn -0.06566284 -0.02599748 0.99750314
vn -0.70268980 -0.51053934 0.49555690
vn -0.47207983 -0.18691049 0.86151326
vn -0.61613789 -0.74478225 0.25626842
vn -0.57622046 -0.41865023 0.70192732
vn -0.24966495 -0.09884958 0.96327368
vn -0.05713297 -0.04150998 0.99750326
vn -0.55365599 -0.66925157 0.49554755
vn -0.41077595 -0.29844568 0.86150641
vn -0.41156148 -0.87460901 0.25627372
vn -0.45400745 -0.54880208 0.70192130
vn -0.21724509 -0.15783677 0.96327157
vn -0.04501558 -0.05441501 0.99750319
vn -0.36982596 -0.78591745 0.49554265
vn -0.32365426 -0.39122750 0.86150390
vn -0.18112483 -0.94949022 0.25624619
vn -0.30326332 -0.64446728 0.70192113
vn -0.17115576 -0.20689005 0.96327681
vn -0.03006799 -0.06389679 0.99750344
vn -0.16275523 -0.85319115 0.49555585
vn -0.21618823 -0.45942180 0.86150697
vn 0.06068961 -0.96470724 0.25623564
vn -0.11432722 -0.24296051 0.96327539
vn -0.01323273 -0.06936890 0.99750331
vn 0.26840496 -0.82607957 0.49553136
vn 0.05454050 -0.86687433 0.49553429
vn 0.29869938 -0.91929919 0.25625707
vn 0.03188282 -0.50674671 0.86150523
vn -0.09514085 -0.49875611 0.86150483
vn -0.13346133 -0.69962647 0.70193367
vn 0.04472137 -0.71084015 0.70193040
vn 0.51793696 -0.81613562 0.25624979
vn 0.22009435 -0.67737817 0.70193824
vn 0.01686146 -0.26798848 0.96327456
vn 0.02182434 -0.06716732 0.99750301
vn 0.00443384 -0.07047854 0.99750344
vn -0.05031714 -0.26376720 0.96327309
vn 0.46541444 -0.73337358 0.49553264
vn 0.15689952 -0.48288368 0.86151372
vn 0.70462848 -0.66168731 0.25625885
vn 0.06840351 0.01756241 0.99750314
vn 0.07062090 -0.00000000 0.99750323
vn 0.26851735 -0.00000001 0.96327485
vn 0.38162759 -0.60135305 0.70195078
vn 0.08297475 -0.25537165 0.96327593
vn 0.03783939 -0.05962555 0.99750337
vn 0.63317862 -0.59459396 0.49552281
vn 0.27205909 -0.42869526 0.86151275
vn 0.84704761 -0.46566951 0.25624649
vn 0.51920456 -0.48756572 0.70193040
vn 0.14387976 -0.22672029 0.96327386
vn 0.05148144 -0.04834402 0.99750314
vn 0.76114866 -0.41844619 0.49553558
vn 0.37012319 -0.34756920 0.86151290
vn 0.93624697 -0.24038550 0.25623508
vn 0.96660748 -0.00000113 0.25626155
vn 0.62413636 -0.34311931 0.70194226
vn 0.19573754 -0.18381099 0.96327584
vn 0.06188774 -0.03402310 0.99750305
vn 0.84128697 -0.21600419 0.49555870
vn 0.86858040 -0.00000000 0.49554827
vn 0.71224430 -0.00000000 0.70193166
vn 0.44493246 -0.24460319 0.86151285
vn 0.68984852 -0.17712413 0.70195161
vn 0.50775499 -0.00000002 0.86150152
vn 0.23530681 -0.12935948 0.96327402
vn 0.06840468 -0.01756334 0.99750305
vn 0.49179400 -0.12626916 0.86150726
vn 0.26008473 -0.06677814 0.96327390
vn 0.93624492 0.24038383 0.25624417
vn 0.84128697 0.21600419 0.49555870
vn 0.84704876 0.46566769 0.25624597
vn 0.68985257 0.17712340 0.70194781
vn 0.76114840 0.41844545 0.49553661
vn 0.49179843 0.12627244 0.86150425
vn 0.70462578 0.66169167 0.25625504
vn 0.62413605 0.34312075 0.70194183
vn 0.26008392 0.06677826 0.96327411
vn 0.06188777 0.03402313 0.99750305
vn 0.63317041 0.59458375 0.49554556
vn 0.44493753 0.24460576 0.86150950
vn 0.51793875 0.81613466 0.25624924
vn 0.51920540 0.48756631 0.70192938
vn 0.23531253 0.12936378 0.96327204
vn 0.05148368 0.04834704 0.99750288
vn 0.46541539 0.73337154 0.49553476
vn 0.37012411 0.34756899 0.86151259
vn 0.29870010 0.91929965 0.25625455
vn 0.38163773 0.60136226 0.70193737
vn 0.26840038 0.82606310 0.49556129
vn 0.19573892 0.18381281 0.96327521
vn 0.03784179 0.05962951 0.99750304
vn 0.27206301 0.42870230 0.86150801
vn 0.06068586 0.96469889 0.25626797
vn 0.22009832 0.67739212 0.70192353
vn 0.14387608 0.22671196 0.96327637
vn 0.02182281 0.06716246 0.99750337
vn 0.05453856 0.86685651 0.49556568
vn 0.15690417 0.48290234 0.86150242
vn -0.18112551 0.94948888 0.25625068
vn 0.04472017 0.71084085 0.70192976
vn -0.16275227 0.85319511 0.49555000
vn 0.08297352 0.25536862 0.96327684
vn 0.00443400 0.07048410 0.99750305
vn -0.41156775 0.87461445 0.25624511
vn 0.03188069 0.50674671 0.86150530
vn -0.13345599 0.69960596 0.70195513
vn 0.01686079 0.26799213 0.96327355
vn -0.01323260 0.06936875 0.99750332
vn -0.36982571 0.78592140 0.49553657
vn -0.09514101 0.49875621 0.86150475
vn -0.61614105 0.74478832 0.25624316
vn -0.30325578 0.64444849 0.70194165
vn -0.05031730 0.26376721 0.96327308
vn -0.03006987 0.06390140 0.99750309
vn -0.55365342 0.66925727 0.49554273
vn -0.21618823 0.45942180 0.86150697
vn -0.78200307 0.56815800 0.25625708
vn -0.45399727 0.54878759 0.70193922
vn -0.11432892 0.24296405 0.96327430
vn -0.04501320 0.05441166 0.99750348
vn -0.70268329 0.51053479 0.49557081
vn -0.32365999 0.39123453 0.86149855
vn -0.89873397 0.35583337 0.25624182
vn -0.57621841 0.41864414 0.70193263
vn -0.17115919 0.20689808 0.96327448
vn -0.05713287 0.04150981 0.99750327
vn -0.80758875 0.31974600 0.49554304
vn -0.41077986 0.29845213 0.86150231
vn -0.95899567 0.12114706 0.25622391
vn -0.66221339 0.26219000 0.70194717
vn -0.21723885 0.15783002 0.96327409
vn -0.06566253 0.02599758 0.99750316
vn -0.86173349 0.10886137 0.49554474
vn -0.47208019 0.18691020 0.86151313
vn -0.95899530 -0.12115210 0.25622291
vn -0.70660384 0.08926343 0.70195659
vn -0.24966504 0.09884931 0.96327368
vn -0.07006906 0.00885157 0.99750287
vn -0.86173354 -0.10885516 0.49554602
vn -0.50373702 0.06363564 0.86151002
vn -0.89873367 -0.35583409 0.25624186
vn -0.70660627 -0.08926652 0.70195375
vn -0.26640302 0.03365468 0.96327400
vn -0.07006913 -0.00885173 0.99750286
vn -0.80758793 -0.31974750 0.49554340
vn -0.50373558 -0.06363627 0.86151082
vn -0.78199883 -0.56815401 0.25627886
vn -0.66221375 -0.26219059 0.70194661
vn -0.26640112 -0.03365286 0.96327459
vn -0.06566284 -0.02599748 0.99750314
vn -0.70268980 -0.51053934 0.49555690
vn -0.47207983 -0.18691049 0.86151326
vn -0.61613789 -0.74478225 0.25626842
vn -0.57622046 -0.41865023 0.70192732
vn -0.24966495 -0.09884958 0.96327368
vn -0.05713297 -0.04150998 0.99750326
vn -0.55365599 -0.66925157 0.49554755
vn -0.41077595 -0.29844568 0.86150641
vn -0.41156148 -0.87460901 0.25627372
vn -0.45400745 -0.54880208 0.70192130
vn -0.21724509 -0.15783677 0.96327157
vn -0.04501558 -0.05441501 0.99750319
vn -0.36982596 -0.78591745 0.49554265
vn -0.32365426 -0.39122750 0.86150390
vn -0.18112483 -0.94949022 0.25624619
vn -0.30326332 -0.64446728 0.70192113
vn -0.17115576 -0.20689005 0.96327681
vn -0.03006799 -0.06389679 0.99750344
vn -0.16275523 -0.85319115 0.49555585
vn -0.21618823 -0.45942180 0.86150697
vn 0.06068961 -0.96470724 0.25623564
vn -0.11432722 -0.24296051 0.96327539
vn -0.01323273 -0.06936890 0.99750331
vn 0.26840595 -0.82607952 0.49553090
vn 0.05453772 -0.86687348 0.49553608
vn 0.29870010 -0.91929881 0.25625758
vn 0.03188282 -0.50674671 0.86150523
vn -0.09514085 -0.49875611 0.86150483
vn -0.13346133 -0.69962647 0.70193367
vn 0.04472137 -0.71084015 0.70193040
vn 0.51793633 -0.81613043 0.25626757
vn 0.22009435 -0.67737817 0.70193824
vn 0.01686146 -0.26798848 0.96327456
vn 0.02182434 -0.06716732 0.99750301
vn 0.00443384 -0.07047854 0.99750344
vn -0.05031714 -0.26376720 0.96327309
vn 0.46541019 -0.73337419 0.49553572
vn 0.15689930 -0.48288397 0.86151360
vn 0.70462757 -0.66168799 0.25625961
vn 0.06840351 0.01756241 0.99750314
vn 0.07062090 -0.00000000 0.99750323
vn 0.26851735 -0.00000001 0.96327485
vn 0.38163646 -0.60136122 0.70193895
vn 0.08297426 -0.25537157 0.96327599
vn 0.03783742 -0.05962348 0.99750357
vn 0.63317705 -0.59459571 0.49552272
vn 0.27206196 -0.42870052 0.86150923
vn 0.84704761 -0.46566951 0.25624649
vn 0.51920414 -0.48756687 0.70192992
vn 0.14388467 -0.22672428 0.96327219
vn 0.05148149 -0.04834379 0.99750315
vn 0.76114843 -0.41844762 0.49553471
vn 0.37012319 -0.34756920 0.86151290
vn 0.93624697 -0.24038550 0.25623508
vn 0.96660748 -0.00000113 0.25626155
vn 0.62413484 -0.34312062 0.70194297
vn 0.19573777 -0.18381092 0.96327580
vn 0.06188774 -0.03402310 0.99750305
vn 0.84130014 -0.21600663 0.49553528
vn 0.86858040 -0.00000000 0.49554827
vn 0.71224548 -0.00000000 0.70193047
vn 0.44493246 -0.24460319 0.86151285
vn 0.68985574 -0.17712403 0.70194454
vn 0.50775355 -0.00000002 0.86150237
vn 0.23530681 -0.12935948 0.96327402
vn 0.06840468 -0.01756334 0.99750305
vn 0.49177417 -0.12626600 0.86151905
vn 0.26008473 -0.06677814 0.96327390
vn 0.93624492 0.24038383 0.25624417
vn 0.84130014 0.21600663 0.49553528
vn 0.84704876 0.46566769 0.25624597
vn 0.68985979 0.17712331 0.70194074
vn 0.76114817 0.41844688 0.49553574
vn 0.49177860 0.12626928 0.86151604
vn 0.70462487 0.66169234 0.25625581
vn 0.62413453 0.34312206 0.70194254
vn 0.26008392 0.06677826 0.96327411
vn 0.06188777 0.03402313 0.99750305
vn 0.63316971 0.59458506 0.49554488
vn 0.44493753 0.24460576 0.86150950
vn 0.51793812 0.81612947 0.25626703
vn 0.51920540 0.48756631 0.70192938
vn 0.23531253 0.12936378 0.96327204
vn 0.05148368 0.04834704 0.99750288
vn 0.46540991 0.73337307 0.49553765
vn 0.37012463 0.34756887 0.86151241
vn 0.29870114 0.91929924 0.25625484
vn 0.38164492 0.60137131 0.70192571
vn 0.26840221 0.82606242 0.49556143
vn 0.19573913 0.18381209 0.96327530
vn 0.03784014 0.05962728 0.99750324
vn 0.27206530 0.42870804 0.86150443
vn 0.06069237 0.96469861 0.25626749
vn 0.22009914 0.67739220 0.70192320
vn 0.14388026 0.22671623 0.96327474
vn 0.02182266 0.06716243 0.99750337
vn 0.05453553 0.86685552 0.49556773
vn 0.15690417 0.48290234 0.86150242
vn -0.18112549 0.94948889 0.25625068
vn 0.04472017 0.71084085 0.70192976
vn -0.16275227 0.85319511 0.49555000
vn 0.08297342 0.25536874 0.96327681
vn 0.00443400 0.07048410 0.99750305
vn -0.41156775 0.87461445 0.25624511
vn 0.03188069 0.50674671 0.86150530
vn -0.13345599 0.69960596 0.70195513
vn 0.01686079 0.26799213 0.96327355
vn -0.01323260 0.06936875 0.99750332
vn -0.36982571 0.78592140 0.49553657
vn -0.09514101 0.49875621 0.86150475
vn -0.61614105 0.74478832 0.25624316
vn -0.30325578 0.64444849 0.70194165
vn -0.05031730 0.26376721 0.96327308
vn -0.03006987 0.06390140 0.99750309
vn -0.55365328 0.66925739 0.49554272
vn -0.21618823 0.45942180 0.86150697
vn -0.78200832 0.56816154 0.25623319
vn -0.45399692 0.54878844 0.70193878
vn -0.11432892 0.24296405 0.96327430
vn -0.04501320 0.05441166 0.99750348
vn -0.70268957 0.51053237 0.49556439
vn -0.32365875 0.39123487 0.86149886
vn -0.89872672 0.35582944 0.25627268
vn -0.57621373 0.41864214 0.70193767
vn -0.17115919 0.20689808 0.96327448
vn -0.05713287 0.04150981 0.99750327
vn -0.80757469 0.31973844 0.49557084
vn -0.41078798 0.29845471 0.86149755
vn -0.95898705 0.12114564 0.25625684
vn -0.66222733 0.26219296 0.70193292
vn -0.21722835 0.15782427 0.96327740
vn -0.06566253 0.02599758 0.99750316
vn -0.86172906 0.10886291 0.49555210
vn -0.47209831 0.18691584 0.86150198
vn -0.95898668 -0.12115067 0.25625584
vn -0.70662635 0.08926790 0.70193336
vn -0.24966489 0.09884847 0.96327380
vn -0.07006390 0.00885130 0.99750324
vn -0.86172912 -0.10885670 0.49555338
vn -0.50374799 0.06363783 0.86150345
vn -0.89872643 -0.35583016 0.25627272
vn -0.70662879 -0.08927099 0.70193052
vn -0.26641378 0.03365707 0.96327094
vn -0.07006382 -0.00885112 0.99750324
vn -0.80757387 -0.31973995 0.49557120
vn -0.50374655 -0.06363847 0.86150424
vn -0.78200408 -0.56815756 0.25625497
vn -0.66222769 -0.26219354 0.70193236
vn -0.26641208 -0.03365504 0.96327148
vn -0.06566255 -0.02599771 0.99750316
vn -0.70269701 -0.51053630 0.49554980
vn -0.47209795 -0.18691614 0.86150211
vn -0.61613789 -0.74478225 0.25626842
vn -0.57621527 -0.41864726 0.70193335
vn -0.24966488 -0.09884901 0.96327375
vn -0.05713297 -0.04150998 0.99750326
vn -0.55365528 -0.66925266 0.49554687
vn -0.41078444 -0.29844923 0.86150113
vn -0.41156148 -0.87460901 0.25627372
vn -0.45400611 -0.54880248 0.70192186
vn -0.21723468 -0.15783025 0.96327499
vn -0.04501558 -0.05441501 0.99750319
vn -0.36982596 -0.78591745 0.49554265
vn -0.32365400 -0.39122816 0.86150370
vn -0.18112458 -0.94949027 0.25624618
vn -0.30326332 -0.64446728 0.70192113
vn -0.17115499 -0.20689019 0.96327692
vn -0.03006799 -0.06389679 0.99750344
vn -0.16275511 -0.85319121 0.49555578
vn -0.21618823 -0.45942180 0.86150697
vn 0.06069620 -0.96470690 0.25623538
vn -0.11432722 -0.24296051 0.96327539
vn -0.01323273 -0.06936890 0.99750331
vn 0.26840496 -0.82607957 0.49553136
vn 0.05454050 -0.86687433 0.49553429
vn 0.29870116 -0.91929826 0.25625832
vn 0.03188282 -0.50674671 0.86150523
vn -0.09514085 -0.49875611 0.86150483
vn -0.13346133 -0.69962647 0.70193367
vn 0.04472137 -0.71084015 0.70193040
vn 0.51793696 -0.81613562 0.25624979
vn 0.22009435 -0.67737817 0.70193824
vn 0.01686146 -0.26798848 0.96327456
vn 0.02182434 -0.06716732 0.99750301
vn 0.00443384 -0.07047854 0.99750344
vn -0.05031714 -0.26376720 0.96327309
vn 0.46541444 -0.73337358 0.49553264
vn 0.15689952 -0.48288368 0.86151372
vn 0.70462848 -0.66168731 0.25625885
vn 0.06840351 0.01756241 0.99750314
vn 0.07062090 0.00000000 0.99750323
vn 0.26851735 -0.00000001 0.96327485
vn 0.38162759 -0.60135305 0.70195078
vn 0.08297475 -0.25537165 0.96327593
vn 0.03783939 -0.05962555 0.99750337
vn 0.63317862 -0.59459396 0.49552281
vn 0.27205909 -0.42869526 0.86151275
vn 0.84704761 -0.46566951 0.25624649
vn 0.51920456 -0.48756572 0.70193040
vn 0.14387976 -0.22672029 0.96327386
vn 0.05148144 -0.04834402 0.99750314
vn 0.76114866 -0.41844619 0.49553558
vn 0.37012319 -0.34756920 0.86151290
vn 0.93624697 -0.24038550 0.25623508
vn 0.96660748 -0.00000113 0.25626155
vn 0.62413636 -0.34311931 0.70194226
vn 0.19573754 -0.18381099 0.96327584
vn 0.06188774 -0.03402310 0.99750305
vn 0.84128697 -0.21600419 0.49555870
vn 0.86858040 -0.00000000 0.49554827
vn 0.71224430 -0.00000000 0.70193166
vn 0.44493246 -0.24460319 0.86151285
vn 0.68984852 -0.17712413 0.70195161
vn 0.50775499 -0.00000002 0.86150152
vn 0.23530681 -0.12935948 0.96327402
vn 0.06840468 -0.01756334 0.99750305
vn 0.49179400 -0.12626916 0.86150726
vn 0.26008473 -0.06677814 0.96327390
vn 0.93624492 0.24038383 0.25624417
vn 0.84128697 0.21600419 0.49555870
vn 0.84704876 0.46566769 0.25624597
vn 0.68985257 0.17712340 0.70194781
vn 0.76114840 0.41844545 0.49553661
vn 0.49179843 0.12627244 0.86150425
vn 0.70462578 0.66169167 0.25625504
vn 0.62413605 0.34312075 0.70194183
vn 0.26008392 0.06677826 0.96327411
vn 0.06188777 0.03402313 0.99750305
vn 0.63317041 0.59458375 0.49554556
vn 0.44493753 0.24460576 0.86150950
vn 0.51793875 0.81613466 0.25624924
vn 0.51920540 0.48756631 0.70192938
vn 0.23531253 0.12936378 0.96327204
vn 0.05148368 0.04834704 0.99750288
vn 0.46541539 0.73337154 0.49553476
vn 0.37012411 0.34756899 0.86151259
vn 0.29870010 0.91929965 0.25625455
vn 0.38163773 0.60136226 0.70193737
vn 0.26840038 0.82606310 0.49556129
vn 0.19573892 0.18381281 0.96327521
vn 0.03784179 0.05962951 0.99750304
vn 0.27206301 0.42870230 0.86150801
vn 0.06068586 0.96469889 0.25626797
vn 0.22009832 0.67739212 0.70192353
vn 0.14387608 0.22671196 0.96327637
vn 0.02182281 0.06716246 0.99750337
vn 0.05453856 0.86685651 0.49556568
vn 0.15690417 0.48290234 0.86150242
vn -0.18112551 0.94948888 0.25625068
vn 0.04472017 0.71084085 0.70192976
vn -0.16275227 0.85319511 0.49555000
vn 0.08297352 0.25536862 0.96327684
vn 0.00443400 0.07048410 0.99750305
vn -0.41156775 0.87461445 0.25624511
vn 0.03188069 0.50674671 0.86150530
vn -0.13345599 0.69960596 0.70195513
vn 0.01686079 0.26799213 0.96327355
vn -0.01323260 0.06936875 0.99750332
vn -0.36982571 0.78592140 0.49553657
vn -0.09514101 0.49875621 0.86150475
vn -0.61614105 0.74478832 0.25624316
vn -0.30325578 0.64444849 0.70194165
vn -0.05031730 0.26376721 0.96327308
vn -0.03006987 0.06390140 0.99750309
vn -0.55365342 0.66925727 0.49554273
vn -0.21618823 0.45942180 0.86150697
vn -0.78200307 0.56815800 0.25625708
vn -0.45399760 0.54878679 0.70193963
vn -0.11432892 0.24296405 0.96327430
vn -0.04501320 0.05441166 0.99750348
vn -0.70268329 0.51053479 0.49557081
vn -0.32366116 0.39123421 0.86149826
vn -0.89873397 0.35583337 0.25624182
vn -0.57621026 0.41864050 0.70194150
vn -0.17115919 0.20689808 0.96327448
vn -0.05713287 0.04150981 0.99750327
vn -0.80758875 0.31974600 0.49554304
vn -0.41077666 0.29844685 0.86150567
vn -0.95899567 0.12114706 0.25622391
vn -0.66221339 0.26219000 0.70194717
vn -0.21724547 0.15783546 0.96327170
vn -0.06566253 0.02599758 0.99750316
vn -0.86173349 0.10886137 0.49554474
vn -0.47207983 0.18691049 0.86151326
vn -0.95899602 -0.12114534 0.25622342
vn -0.70660384 0.08926343 0.70195659
vn -0.24966511 0.09884982 0.96327361
vn -0.07006906 0.00885157 0.99750287
vn -0.86173531 -0.10885799 0.49554232
vn -0.50373702 0.06363564 0.86151002
vn -0.89873370 -0.35583402 0.25624186
vn -0.70660627 -0.08926652 0.70195375
vn -0.26640302 0.03365468 0.96327400
vn -0.07006978 -0.00885239 0.99750281
vn -0.80758793 -0.31974750 0.49554340
vn -0.50373558 -0.06363627 0.86151082
vn -0.78199883 -0.56815401 0.25627886
vn -0.66221375 -0.26219059 0.70194661
vn -0.26640166 -0.03365265 0.96327444
vn -0.06566286 -0.02599768 0.99750314
vn -0.70268980 -0.51053934 0.49555690
vn -0.47207983 -0.18691049 0.86151326
vn -0.61613789 -0.74478225 0.25626842
vn -0.57622046 -0.41865023 0.70192732
vn -0.24966482 -0.09884966 0.96327370
vn -0.05713067 -0.04150753 0.99750349
vn -0.55365599 -0.66925157 0.49554755
vn -0.41077595 -0.29844568 0.86150641
vn -0.41156148 -0.87460901 0.25627372
vn -0.45400745 -0.54880208 0.70192130
vn -0.21724302 -0.15783540 0.96327226
vn -0.04501559 -0.05441500 0.99750319
vn -0.36982596 -0.78591745 0.49554265
vn -0.32365426 -0.39122750 0.86150390
vn -0.18112483 -0.94949022 0.25624619
vn -0.30326332 -0.64446728 0.70192113
vn -0.17115576 -0.20689005 0.96327681
vn -0.03006799 -0.06389679 0.99750344
vn -0.16275523 -0.85319115 0.49555585
vn -0.21618823 -0.45942180 0.86150697
vn 0.06068720 -0.96469790 0.25627138
vn -0.11432722 -0.24296051 0.96327539
vn -0.01323273 -0.06936890 0.99750331
vn 0.26840595 -0.82607952 0.49553090
vn 0.05453772 -0.86687348 0.49553608
vn 0.29870188 -0.91929788 0.25625883
vn 0.03188282 -0.50674671 0.86150523
vn -0.09514085 -0.49875611 0.86150483
vn -0.13346133 -0.69962647 0.70193367
vn 0.04472137 -0.71084015 0.70193040
vn 0.51793633 -0.81613043 0.25626757
vn 0.22009435 -0.67737817 0.70193824
vn 0.01686146 -0.26798848 0.96327456
vn 0.02182434 -0.06716732 0.99750301
vn 0.00443384 -0.07047854 0.99750344
vn -0.05031714 -0.26376720 0.96327309
vn 0.46541019 -0.73337419 0.49553572
vn 0.15689930 -0.48288397 0.86151360
vn 0.70462757 -0.66168799 0.25625961
vn 0.06840351 0.01756241 0.99750314
vn 0.07062090 0.00000000 0.99750323
vn 0.26851735 -0.00000001 0.96327485
vn 0.38163646 -0.60136122 0.70193895
vn 0.08297426 -0.25537157 0.96327599
vn 0.03783742 -0.05962348 0.99750357
vn 0.63317705 -0.59459571 0.49552272
vn 0.27206196 -0.42870052 0.86150923
vn 0.84704761 -0.46566951 0.25624649
vn 0.51920414 -0.48756687 0.70192992
vn 0.14388467 -0.22672428 0.96327219
vn 0.05148149 -0.04834379 0.99750315
vn 0.76114843 -0.41844762 0.49553471
vn 0.37012319 -0.34756920 0.86151290
vn 0.93624697 -0.24038550 0.25623508
vn 0.96660748 -0.00000113 0.25626155
vn 0.62413484 -0.34312062 0.70194297
vn 0.19573777 -0.18381092 0.96327580
vn 0.06188774 -0.03402310 0.99750305
vn 0.84130014 -0.21600663 0.49553528
vn 0.86858040 0.00000000 0.49554827
vn 0.71224548 0.00000000 0.70193047
vn 0.44493246 -0.24460319 0.86151285
vn 0.68985574 -0.17712403 0.70194454
vn 0.50775355 -0.00000002 0.86150237
vn 0.23530681 -0.12935948 0.96327402
vn 0.06840468 -0.01756334 0.99750305
vn 0.49177417 -0.12626600 0.86151905
vn 0.26008473 -0.06677814 0.96327390
vn 0.93624492 0.24038383 0.25624417
vn 0.84130014 0.21600663 0.49553528
vn 0.84704876 0.46566769 0.25624597
vn 0.68985979 0.17712331 0.70194074
vn 0.76114817 0.41844688 0.49553574
vn 0.49177860 0.12626928 0.86151604
vn 0.70462487 0.66169234 0.25625581
vn 0.62413453 0.34312206 0.70194254
vn 0.26008392 0.06677826 0.96327411
vn 0.06188777 0.03402313 0.99750305
vn 0.63316971 0.59458506 0.49554488
vn 0.44493753 0.24460576 0.86150950
vn 0.51793812 0.81612947 0.25626703
vn 0.51920540 0.48756631 0.70192938
vn 0.23531253 0.12936378 0.96327204
vn 0.05148368 0.04834704 0.99750288
vn 0.46540991 0.73337307 0.49553765
vn 0.37012463 0.34756887 0.86151241
vn 0.29870114 0.91929924 0.25625484
vn 0.38164492 0.60137131 0.70192571
vn 0.26840221 0.82606242 0.49556143
vn 0.19573913 0.18381209 0.96327530
vn 0.03784014 0.05962728 0.99750324
vn 0.27206530 0.42870804 0.86150443
vn 0.06069237 0.96469861 0.25626749
vn 0.22009914 0.67739220 0.70192320
vn 0.14388026 0.22671623 0.96327474
vn 0.02182266 0.06716243 0.99750337
vn 0.05453553 0.86685552 0.49556773
vn 0.15690417 0.48290234 0.86150242
vn -0.18112549 0.94948889 0.25625068
vn 0.04472017 0.71084085 0.70192976
vn -0.16275227 0.85319511 0.49555000
vn 0.08297342 0.25536874 0.96327681
vn 0.00443400 0.07048410 0.99750305
vn -0.41156775 0.87461445 0.25624511
vn 0.03188069 0.50674671 0.86150530
vn -0.13345599 0.69960596 0.70195513
vn 0.01686079 0.26799213 0.96327355
vn -0.01323260 0.06936875 0.99750332
vn -0.36982571 0.78592140 0.49553657
vn -0.09514101 0.49875621 0.86150475
vn -0.61614105 0.74478832 0.25624316
vn -0.30325578 0.64444849 0.70194165
vn -0.05031730 0.26376721 0.96327308
vn -0.03006987 0.06390140 0.99750309
vn -0.55365328 0.66925739 0.49554272
vn -0.21618823 0.45942180 0.86150697
vn -0.78200832 0.56816154 0.25623319
vn -0.45399725 0.54878764 0.70193919
vn -0.11432892 0.24296405 0.96327430
vn -0.04501320 0.05441166 0.99750348
vn -0.70268957 0.51053237 0.49556439
vn -0.32365992 0.39123455 0.86149857
vn -0.89872672 0.35582944 0.25627268
vn -0.57620557 0.41863850 0.70194654
vn -0.17115919 0.20689808 0.96327448
vn -0.05713287 0.04150981 0.99750327
vn -0.80757469 0.31973844 0.49557084
vn -0.41078478 0.29844943 0.86150090
vn -0.95898705 0.12114564 0.25625684
vn -0.66222733 0.26219296 0.70193292
vn -0.21723496 0.15782971 0.96327502
vn -0.06566253 0.02599758 0.99750316
vn -0.86172906 0.10886291 0.49555210
vn -0.47209795 0.18691614 0.86150211
vn -0.95898740 -0.12114391 0.25625635
vn -0.70662635 0.08926790 0.70193336
vn -0.24966496 0.09884898 0.96327373
vn -0.07006390 0.00885130 0.99750324
vn -0.86173089 -0.10885953 0.49554968
vn -0.50374799 0.06363783 0.86150345
vn -0.89872645 -0.35583010 0.25627272
vn -0.70662879 -0.08927099 0.70193052
vn -0.26641378 0.03365707 0.96327094
vn -0.07006447 -0.00885178 0.99750319
vn -0.80757387 -0.31973995 0.49557120
vn -0.50374655 -0.06363847 0.86150424
vn -0.78200408 -0.56815756 0.25625497
vn -0.66222769 -0.26219354 0.70193236
vn -0.26641262 -0.03365484 0.96327134
vn -0.06566257 -0.02599791 0.99750315
vn -0.70269701 -0.51053630 0.49554980
vn -0.47209795 -0.18691614 0.86150211
vn -0.61613789 -0.74478225 0.25626842
vn -0.57621527 -0.41864726 0.70193335
vn -0.24966475 -0.09884909 0.96327378
vn -0.05713067 -0.04150753 0.99750349
vn -0.55365528 -0.66925266 0.49554687
vn -0.41078444 -0.29844923 0.86150113
vn -0.41156148 -0.87460901 0.25627372
vn -0.45400611 -0.54880248 0.70192186
vn -0.21723261 -0.15782887 0.96327568
vn -0.04501559 -0.05441500 0.99750319
vn -0.36982596 -0.78591745 0.49554265
vn -0.32365400 -0.39122816 0.86150370
vn -0.18112458 -0.94949027 0.25624618
vn -0.30326332 -0.64446728 0.70192113
vn -0.17115499 -0.20689019 0.96327692
vn -0.03006799 -0.06389679 0.99750344
vn -0.16275511 -0.85319121 0.49555578
vn -0.21618823 -0.45942180 0.86150697
vn 0.06069380 -0.96469756 0.25627112
vn -0.11432722 -0.24296051 0.96327539
vn -0.01323273 -0.06936890 0.99750331
vn 0.26840496 -0.82607957 0.49553136
vn 0.05454050 -0.86687433 0.49553429
vn 0.29870116 -0.91929826 0.25625832
vn 0.03188282 -0.50674671 0.86150523
vn -0.09514085 -0.49875611 0.86150483
vn -0.13346133 -0.69962647 0.70193367
vn 0.04472137 -0.71084015 0.70193040
vn 0.51793696 -0.81613562 0.25624979
vn 0.22009435 -0.67737817 0.70193824
vn 0.01686146 -0.26798848 0.96327456
vn 0.02182434 -0.06716732 0.99750301
vn 0.00443384 -0.07047854 0.99750344
vn -0.05031714 -0.26376720 0.96327309
vn 0.46541444 -0.73337358 0.49553264
vn 0.15689952 -0.48288368 0.86151372
vn 0.70462848 -0.66168731 0.25625885
vn 0.06840351 0.01756241 0.99750314
vn 0.07062090 0.00000000 0.99750323
vn 0.26851735 -0.00000001 0.96327485
vn 0.38162759 -0.60135305 0.70195078
vn 0.08297475 -0.25537165 0.96327593
vn 0.03783939 -0.05962555 0.99750337
vn 0.63317862 -0.59459396 0.49552281
vn 0.27205909 -0.42869526 0.86151275
vn 0.84704761 -0.46566951 0.25624649
vn 0.51920456 -0.48756572 0.70193040
vn 0.14387976 -0.22672029 0.96327386
vn 0.05148144 -0.04834402 0.99750314
vn 0.76114866 -0.41844619 0.49553558
vn 0.37012319 -0.34756920 0.86151290
vn 0.93624697 -0.24038550 0.25623508
vn 0.96660748 -0.00000113 0.25626155
vn 0.62413636 -0.34311931 0.70194226
vn 0.19573754 -0.18381099 0.96327584
vn 0.06188774 -0.03402310 0.99750305
vn 0.84128697 -0.21600419 0.49555870
vn 0.86858040 0.00000000 0.49554827
vn 0.71224430 0.00000000 0.70193166
vn 0.44493246 -0.24460319 0.86151285
vn 0.68984852 -0.17712413 0.70195161
vn 0.50775499 -0.00000002 0.86150152
vn 0.23530681 -0.12935948 0.96327402
vn 0.06840468 -0.01756334 0.99750305
vn 0.49179400 -0.12626916 0.86150726
vn 0.26008473 -0.06677814 0.96327390
vn 0.93624492 0.24038383 0.25624417
vn 0.84128697 0.21600419 0.49555870
vn 0.84704876 0.46566769 0.25624597
vn 0.68985257 0.17712340 0.70194781
vn 0.76114840 0.41844545 0.49553661
vn 0.49179843 0.12627244 0.86150425
vn 0.70462578 0.66169167 0.25625504
vn 0.62413605 0.34312075 0.70194183
vn 0.26008392 0.06677826 0.96327411
vn 0.06188777 0.03402313 0.99750305
vn 0.63317041 0.59458375 0.49554556
vn 0.44493753 0.24460576 0.86150950
vn 0.51793875 0.81613466 0.25624924
vn 0.51920540 0.48756631 0.70192938
vn 0.23531253 0.12936378 0.96327204
vn 0.05148368 0.04834704 0.99750288
vn 0.46541539 0.73337154 0.49553476
vn 0.37012411 0.34756899 0.86151259
vn 0.29870010 0.91929965 0.25625455
vn 0.38163773 0.60136226 0.70193737
vn 0.26840038 0.82606310 0.49556129
vn 0.19573892 0.18381281 0.96327521
vn 0.03784179 0.05962951 0.99750304
vn 0.27206301 0.42870230 0.86150801
vn 0.06068586 0.96469889 0.25626797
vn 0.22009832 0.67739212 0.70192353
vn 0.14387608 0.22671196 0.96327637
vn 0.02182281 0.06716246 0.99750337
vn 0.05453856 0.86685651 0.49556568
vn 0.15690417 0.48290234 0.86150242
vn -0.18112551 0.94948888 0.25625068
vn 0.04472017 0.71084085 0.70192976
vn -0.16275227 0.85319511 0.49555000
vn 0.08297352 0.25536862 0.96327684
vn 0.00443400 0.07048410 0.99750305
vn -0.41156775 0.87461445 0.25624511
vn 0.03188069 0.50674671 0.86150530
vn -0.13345599 0.69960596 0.70195513
vn 0.01686079 0.26799213 0.96327355
vn -0.01323260 0.06936875 0.99750332
vn -0.36982571 0.78592140 0.49553657
vn -0.09514101 0.49875621 0.86150475
vn -0.61614105 0.74478832 0.25624316
vn -0.30325578 0.64444849 0.70194165
vn -0.05031730 0.26376721 0.96327308
vn -0.03006987 0.06390140 0.99750309
vn -0.55365342 0.66925727 0.49554273
vn -0.21618823 0.45942180 0.86150697
vn -0.78200307 0.56815800 0.25625708
vn -0.45399760 0.54878679 0.70193963
vn -0.11432892 0.24296405 0.96327430
vn -0.04501320 0.05441166 0.99750348
vn -0.70268329 0.51053479 0.49557081
vn -0.32366116 0.39123421 0.86149826
vn -0.89873397 0.35583337 0.25624182
vn -0.57621026 0.41864050 0.70194150
vn -0.17115919 0.20689808 0.96327448
vn -0.05713287 0.04150981 0.99750327
vn -0.80758875 0.31974600 0.49554304
vn -0.41077666 0.29844685 0.86150567
vn -0.95899567 0.12114706 0.25622391
vn -0.66221339 0.26219000 0.70194717
vn -0.21724547 0.15783546 0.96327170
vn -0.06566253 0.02599758 0.99750316
vn -0.86173349 0.10886137 0.49554474
vn -0.47207983 0.18691049 0.86151326
vn -0.95899602 -0.12114534 0.25622342
vn -0.70660384 0.08926343 0.70195659
vn -0.24966511 0.09884982 0.96327361
vn -0.07006906 0.00885157 0.99750287
vn -0.86173531 -0.10885799 0.49554232
vn -0.50373702 0.06363564 0.86151002
vn -0.89873370 -0.35583402 0.25624186
vn -0.70660627 -0.08926652 0.70195375
vn -0.26640302 0.03365468 0.96327400
vn -0.07006978 -0.00885239 0.99750281
vn -0.80758793 -0.31974750 0.49554340
vn -0.50373558 -0.06363627 0.86151082
vn -0.78199883 -0.56815401 0.25627886
vn -0.66221375 -0.26219059 0.70194661
vn -0.26640166 -0.03365265 0.96327444
vn -0.06566286 -0.02599768 0.99750314
vn -0.70268980 -0.51053934 0.49555690
vn -0.47207983 -0.18691049 0.86151326
vn -0.61613789 -0.74478225 0.25626842
vn -0.57622046 -0.41865023 0.70192732
vn -0.24966482 -0.09884966 0.96327370
vn -0.05713067 -0.04150753 0.99750349
vn -0.55365599 -0.66925157 0.49554755
vn -0.41077595 -0.29844568 0.86150641
vn -0.41156148 -0.87460901 0.25627372
vn -0.45400745 -0.54880208 0.70192130
vn -0.21724302 -0.15783540 0.96327226
vn -0.04501559 -0.05441500 0.99750319
vn -0.36982596 -0.78591745 0.49554265
vn -0.32365426 -0.39122750 0.86150390
vn -0.18112483 -0.94949022 0.25624619
vn -0.30326332 -0.64446728 0.70192113
vn -0.17115576 -0.20689005 0.96327681
vn -0.03006799 -0.06389679 0.99750344
vn -0.16275523 -0.85319115 0.49555585
vn -0.21618823 -0.45942180 0.86150697
vn 0.06068720 -0.96469790 0.25627138
vn -0.11432722 -0.24296051 0.96327539
vn -0.01323273 -0.06936890 0.99750331
vn 0.26840595 -0.82607952 0.49553090
vn 0.05453772 -0.86687348 0.49553608
vn 0.29870010 -0.91929881 0.25625758
vn 0.03188282 -0.50674671 0.86150523
vn -0.09514085 -0.49875611 0.86150483
vn -0.13346133 -0.69962647 0.70193367
vn 0.04472137 -0.71084015 0.70193040
vn 0.51793633 -0.81613043 0.25626757
vn 0.22009435 -0.67737817 0.70193824
vn 0.01686146 -0.26798848 0.96327456
vn 0.02182434 -0.06716732 0.99750301
vn 0.00443384 -0.07047854 0.99750344
vn -0.05031714 -0.26376720 0.96327309
vn 0.46541019 -0.73337419 0.49553572
vn 0.15689930 -0.48288397 0.86151360
vn 0.70462757 -0.66168799 0.25625961
vn 0.06840360 0.01756278 0.99750313
vn 0.07062090 -0.00000000 0.99750323
vn 0.26851684 -0.00000093 0.96327499
vn 0.38163646 -0.60136122 0.70193895
vn 0.08297426 -0.25537157 0.96327599
vn 0.03783742 -0.05962348 0.99750357
vn 0.63317705 -0.59459571 0.49552272
vn 0.27206196 -0.42870052 0.86150923
vn 0.84704761 -0.46566951 0.25624649
vn 0.51920414 -0.48756687 0.70192992
vn 0.14388467 -0.22672428 0.96327219
vn 0.05148181 -0.04834368 0.99750314
vn 0.76114843 -0.41844762 0.49553471
vn 0.37012319 -0.34756920 0.86151290
vn 0.93624697 -0.24038550 0.25623508
vn 0.96660748 -0.00000113 0.25626155
vn 0.62413483 -0.34312179 0.70194241
vn 0.19573779 -0.18381067 0.96327584
vn 0.06188318 -0.03402123 0.99750340
vn 0.84130014 -0.21600663 0.49553528
vn 0.86858040 -0.00000000 0.49554827
vn 0.71224548 -0.00000000 0.70193047
vn 0.44493114 -0.24460419 0.86151324
vn 0.68986975 -0.17712691 0.70193005
vn 0.50775403 -0.00000069 0.86150209
vn 0.23530352 -0.12935775 0.96327505
vn 0.06840467 -0.01756337 0.99750305
vn 0.49178361 -0.12626606 0.86151365
vn 0.26007141 -0.06677502 0.96327772
vn 0.93624492 0.24038383 0.25624417
vn 0.84130014 0.21600663 0.49553528
vn 0.84704876 0.46566769 0.25624597
vn 0.68987380 0.17712618 0.70192625
vn 0.76114817 0.41844688 0.49553574
vn 0.49178831 0.12627010 0.86151037
vn 0.70462487 0.66169234 0.25625581
vn 0.62413452 0.34312323 0.70194199
vn 0.26006965 0.06677609 0.96327812
vn 0.06188352 0.03402076 0.99750339
vn 0.63316971 0.59458506 0.49554488
vn 0.44493621 0.24460675 0.86150990
vn 0.51793812 0.81612947 0.25626703
vn 0.51920540 0.48756631 0.70192938
vn 0.23530942 0.12936166 0.96327308
vn 0.05148369 0.04834702 0.99750288
vn 0.46540991 0.73337307 0.49553765
vn 0.37012463 0.34756887 0.86151241
vn 0.29870114 0.91929924 0.25625484
vn 0.38164492 0.60137131 0.70192571
vn 0.26840221 0.82606242 0.49556143
vn 0.19573913 0.18381209 0.96327530
vn 0.03784014 0.05962728 0.99750324
vn 0.27206530 0.42870804 0.86150443
vn 0.06069237 0.96469861 0.25626749
vn 0.22009914 0.67739220 0.70192320
vn 0.14388026 0.22671623 0.96327474
vn 0.02182266 0.06716243 0.99750337
vn 0.05453553 0.86685552 0.49556773
vn 0.15690417 0.48290234 0.86150242
vn -0.18112549 0.94948889 0.25625068
vn 0.04472017 0.71084085 0.70192976
vn -0.16275227 0.85319511 0.49555000
vn 0.08297342 0.25536874 0.96327681
vn 0.00443400 0.07048410 0.99750305
vn -0.41156775 0.87461445 0.25624511
vn 0.03188069 0.50674671 0.86150530
vn -0.13345599 0.69960596 0.70195513
vn 0.01686079 0.26799213 0.96327355
vn -0.01323260 0.06936875 0.99750332
vn -0.36982571 0.78592140 0.49553657
vn -0.09514101 0.49875621 0.86150475
vn -0.61614105 0.74478832 0.25624316
vn -0.30325578 0.64444849 0.70194165
vn -0.05031730 0.26376721 0.96327308
vn -0.03006987 0.06390140 0.99750309
vn -0.55365328 0.66925739 0.49554272
vn -0.21618823 0.45942180 0.86150697
vn -0.78200832 0.56816154 0.25623319
vn -0.45399692 0.54878844 0.70193878
vn -0.11432892 0.24296405 0.96327430
vn -0.04501320 0.05441166 0.99750348
vn -0.70268957 0.51053237 0.49556439
vn -0.32365875 0.39123487 0.86149886
vn -0.89872672 0.35582944 0.25627268
vn -0.57621373 0.41864214 0.70193767
vn -0.17115919 0.20689808 0.96327448
vn -0.05713287 0.04150981 0.99750327
vn -0.80757469 0.31973844 0.49557084
vn -0.41078798 0.29845471 0.86149755
vn -0.95898705 0.12114564 0.25625684
vn -0.66222733 0.26219296 0.70193292
vn -0.21722835 0.15782427 0.96327740
vn -0.06566253 0.02599758 0.99750316
vn -0.86172906 0.10886291 0.49555210
vn -0.47209843 0.18691677 0.86150171
vn -0.95898668 -0.12115067 0.25625584
vn -0.70664073 0.08927101 0.70191849
vn -0.24966409 0.09884912 0.96327395
vn -0.07006390 0.00885130 0.99750324
vn -0.86172912 -0.10885670 0.49555338
vn -0.50375802 0.06364028 0.86149740
vn -0.89872643 -0.35583016 0.25627272
vn -0.70664317 -0.08927409 0.70191564
vn -0.26639884 0.03365536 0.96327513
vn -0.07006382 -0.00885112 0.99750324
vn -0.80757387 -0.31973995 0.49557120
vn -0.50375658 -0.06364091 0.86149820
vn -0.78200408 -0.56815756 0.25625497
vn -0.66222769 -0.26219354 0.70193236
vn -0.26639714 -0.03365334 0.96327567
vn -0.06566255 -0.02599771 0.99750316
vn -0.70269701 -0.51053630 0.49554980
vn -0.47209807 -0.18691706 0.86150184
vn -0.61613789 -0.74478225 0.25626842
vn -0.57621527 -0.41864726 0.70193335
vn -0.24966407 -0.09884967 0.96327389
vn -0.05713297 -0.04150998 0.99750326
vn -0.55365528 -0.66925266 0.49554687
vn -0.41078444 -0.29844923 0.86150113
vn -0.41156148 -0.87460901 0.25627372
vn -0.45400611 -0.54880248 0.70192186
vn -0.21723468 -0.15783025 0.96327499
vn -0.04501558 -0.05441501 0.99750319
vn -0.36982596 -0.78591745 0.49554265
vn -0.32365400 -0.39122816 0.86150370
vn -0.18112458 -0.94949027 0.25624618
vn -0.30326332 -0.64446728 0.70192113
vn -0.17115499 -0.20689019 0.96327692
vn -0.03006799 -0.06389679 0.99750344
vn -0.16275511 -0.85319121 0.49555578
vn -0.21618823 -0.45942180 0.86150697
vn 0.06069620 -0.96470690 0.25623538
vn -0.11432722 -0.24296051 0.96327539
vn -0.01323273 -0.06936890 0.99750331
vn 0.26840595 -0.82607952 0.49553090
vn 0.05453772 -0.86687348 0.49553608
vn 0.29870188 -0.91929788 0.25625883
vn 0.03188282 -0.50674671 0.86150523
vn -0.09514085 -0.49875611 0.86150483
vn -0.13346133 -0.69962647 0.70193367
vn 0.04472137 -0.71084015 0.70193040
vn 0.51793633 -0.81613043 0.25626757
vn 0.22009435 -0.67737817 0.70193824
vn 0.01686146 -0.26798848 0.96327456
vn 0.02182434 -0.06716732 0.99750301
vn 0.00443384 -0.07047854 0.99750344
vn -0.05031714 -0.26376720 0.96327309
vn 0.46541019 -0.73337419 0.49553572
vn 0.15689930 -0.48288397 0.86151360
vn 0.70462757 -0.66168799 0.25625961
vn 0.06840360 0.01756278 0.99750313
vn 0.07062090 0.00000000 0.99750323
vn 0.26851684 -0.00000093 0.96327499
vn 0.38163646 -0.60136122 0.70193895
vn 0.08297426 -0.25537157 0.96327599
vn 0.03783742 -0.05962348 0.99750357
vn 0.63317705 -0.59459571 0.49552272
vn 0.27206196 -0.42870052 0.86150923
vn 0.84704761 -0.46566951 0.25624649
vn 0.51920414 -0.48756687 0.70192992
vn 0.14388467 -0.22672428 0.96327219
vn 0.05148181 -0.04834368 0.99750314
vn 0.76114843 -0.41844762 0.49553471
vn 0.37012319 -0.34756920 0.86151290
vn 0.93624697 -0.24038550 0.25623508
vn 0.96660748 -0.00000113 0.25626155
vn 0.62413483 -0.34312179 0.70194241
vn 0.19573779 -0.18381067 0.96327584
vn 0.06188318 -0.03402123 0.99750340
vn 0.84130014 -0.21600663 0.49553528
vn 0.86858040 0.00000000 0.49554827
vn 0.71224548 0.00000000 0.70193047
vn 0.44493114 -0.24460419 0.86151324
vn 0.68986975 -0.17712691 0.70193005
vn 0.50775403 -0.00000069 0.86150209
vn 0.23530352 -0.12935775 0.96327505
vn 0.06840467 -0.01756337 0.99750305
vn 0.49178361 -0.12626606 0.86151365
vn 0.26007141 -0.06677502 0.96327772
vn 0.93624492 0.24038383 0.25624417
vn 0.84130014 0.21600663 0.49553528
vn 0.84704876 0.46566769 0.25624597
vn 0.68987380 0.17712618 0.70192625
vn 0.76114817 0.41844688 0.49553574
vn 0.49178831 0.12627010 0.86151037
vn 0.70462487 0.66169234 0.25625581
vn 0.62413452 0.34312323 0.70194199
vn 0.26006965 0.06677609 0.96327812
vn 0.06188352 0.03402076 0.99750339
vn 0.63316971 0.59458506 0.49554488
vn 0.44493621 0.24460675 0.86150990
vn 0.51793812 0.81612947 0.25626703
vn 0.51920540 0.48756631 0.70192938
vn 0.23530942 0.12936166 0.96327308
vn 0.05148369 0.04834702 0.99750288
vn 0.46540991 0.73337307 0.49553765
vn 0.37012463 0.34756887 0.86151241
vn 0.29870114 0.91929924 0.25625484
vn 0.38164492 0.60137131 0.70192571
vn 0.26840221 0.82606242 0.49556143
vn 0.19573913 0.18381209 0.96327530
vn 0.03784014 0.05962728 0.99750324
vn 0.27206530 0.42870804 0.86150443
vn 0.06069237 0.96469861 0.25626749
vn 0.22009914 0.67739220 0.70192320
vn 0.14388026 0.22671623 0.96327474
vn 0.02182266 0.06716243 0.99750337
vn 0.05453553 0.86685552 0.49556773
vn 0.15690417 0.48290234 0.86150242
vn -0.18112549 0.94948889 0.25625068
vn 0.04472017 0.71084085 0.70192976
vn -0.16275227 0.85319511 0.49555000
vn 0.08297342 0.25536874 0.96327681
vn 0.00443400 0.07048410 0.99750305
vn -0.41156775 0.87461445 0.25624511
vn 0.03188069 0.50674671 0.86150530
vn -0.13345599 0.69960596 0.70195513
vn 0.01686079 0.26799213 0.96327355
vn -0.01323260 0.06936875 0.99750332
vn -0.36982571 0.78592140 0.49553657
vn -0.09514101 0.49875621 0.86150475
vn -0.61614105 0.74478832 0.25624316
vn -0.30325578 0.64444849 0.70194165
vn -0.05031730 0.26376721 0.96327308
vn -0.03006987 0.06390140 0.99750309
vn -0.55365328 0.66925739 0.49554272
vn -0.21618823 0.45942180 0.86150697
vn -0.78200832 0.56816154 0.25623319
vn -0.45399725 0.54878764 0.70193919
vn -0.11432892 0.24296405 0.96327430
vn -0.04501320 0.05441166 0.99750348
vn -0.70268957 0.51053237 0.49556439
vn -0.32365992 0.39123455 0.86149857
vn -0.89872672 0.35582944 0.25627268
vn -0.57620557 0.41863850 0.70194654
vn -0.17115919 0.20689808 0.96327448
vn -0.05713287 0.04150981 0.99750327
vn -0.80757469 0.31973844 0.49557084
vn -0.41078478 0.29844943 0.86150090
vn -0.95898705 0.12114564 0.25625684
vn -0.66222733 0.26219296 0.70193292
vn -0.21723496 0.15782971 0.96327502
vn -0.06566253 0.02599758 0.99750316
vn -0.86172906 0.10886291 0.49555210
vn -0.47209807 0.18691706 0.86150184
vn -0.95898740 -0.12114391 0.25625635
vn -0.70664073 0.08927101 0.70191849
vn -0.24966416 0.09884963 0.96327387
vn -0.07006390 0.00885130 0.99750324
vn -0.86173089 -0.10885953 0.49554968
vn -0.50375802 0.06364028 0.86149740
vn -0.89872645 -0.35583010 0.25627272
vn -0.70664317 -0.08927409 0.70191564
vn -0.26639884 0.03365536 0.96327513
vn -0.07006447 -0.00885178 0.99750319
vn -0.80757387 -0.31973995 0.49557120
vn -0.50375658 -0.06364091 0.86149820
vn -0.78200408 -0.56815756 0.25625497
vn -0.66222769 -0.26219354 0.70193236
vn -0.26639768 -0.03365313 0.96327553
vn -0.06566257 -0.02599791 0.99750315
vn -0.70269701 -0.51053630 0.49554980
vn -0.47209807 -0.18691706 0.86150184
vn -0.61613789 -0.74478225 0.25626842
vn -0.57621527 -0.41864726 0.70193335
vn -0.24966395 -0.09884974 0.96327392
vn -0.05713067 -0.04150753 0.99750349
vn -0.55365528 -0.66925266 0.49554687
vn -0.41078444 -0.29844923 0.86150113
vn -0.41156148 -0.87460901 0.25627372
vn -0.45400611 -0.54880248 0.70192186
vn -0.21723261 -0.15782887 0.96327568
vn -0.04501559 -0.05441500 0.99750319
vn -0.36982596 -0.78591745 0.49554265
vn -0.32365400 -0.39122816 0.86150370
vn -0.18112458 -0.94949027 0.25624618
vn -0.30326332 -0.64446728 0.70192113
vn -0.17115499 -0.20689019 0.96327692
vn -0.03006799 -0.06389679 0.99750344
vn -0.16275511 -0.85319121 0.49555578
vn -0.21618823 -0.45942180 0.86150697
vn 0.06069380 -0.96469756 0.25627112
vn -0.11432722 -0.24296051 0.96327539
vn -0.01323273 -0.06936890 0.99750331
vn -0.19003316 -0.70923683 -0.67887445
vn -0.36714175 -0.63588057 -0.67886879
vn -0.51919007 -0.51919007 -0.67888389
vn -0.63588057 -0.36714175 -0.67886879
vn -0.70923683 -0.19003316 -0.67887445
vn 0.19003316 -0.70923683 -0.67887445
vn 0.36712957 -0.63588394 -0.67887222
vn 0.51919786 -0.51919262 -0.67887599
vn 0.63588496 -0.36712588 -0.67887326
vn 0.70923683 -0.19003316 -0.67887445
vn 0.00000000 0.00000000 -1.00000000
vn 0.00000000 0.00000000 -1.00000000
vn 0.30151134 0.30151134 -0.90453403
vn 0.00000000 0.00000000 -1.00000000
vn 0.00000000 0.00000000 -1.00000000
vn -0.30151134 0.30151134 -0.90453403
vn 0.30151134 -0.30151134 -0.90453403
vn 0.30151134 0.30151134 -0.90453403
vn 0.00000000 0.00000000 -1.00000000
vn 0.00000000 0.00000000 -1.00000000
vn -0.30151134 -0.30151134 -0.90453403
vn 0.00000000 0.00000000 -1.00000000
vn 0.00000000 0.00000000 -1.00000000
vn -0.30151134 -0.30151134 -0.90453403
vn 0.30151134 -0.30151134 -0.90453403
vn 0.00000000 0.00000000 -1.00000000
vn -0.30151134 0.30151134 -0.90453403
vn 0.00000000 0.00000000 -1.00000000
vn -0.70923810 0.19003874 -0.67887156
vn -0.19003316 0.70923683 -0.67887445
vn -0.63587837 0.36713523 -0.67887438
vn 0.00000000 0.00000000 -1.00000000
vn -0.30151134 -0.30151134 -0.90453403
vn -0.51919262 0.51919786 -0.67887599
vn -0.36712588 0.63588496 -0.67887326
vn 0.30151134 0.30151134 -0.90453403
vn -0.30151134 0.30151134 -0.90453403
vn 0.00000000 0.00000000 -1.00000000
vn 0.30151134 0.30151134 -0.90453403
vn 0.00000000 0.00000000 -1.00000000
vn 0.00000000 0.00000000 -1.00000000
vn 0.00000000 0.00000000 -1.00000000
vn 0.00000000 0.00000000 -1.00000000
vn 0.00000000 0.00000000 -1.00000000
vn 0.00000000 0.00000000 -1.00000000
vn 0.00000000 0.00000000 -1.00000000
vn 0.00000000 0.00000000 -1.00000000
vn 0.00000000 0.00000000 -1.00000000
vn 0.00000000 0.00000000 -1.00000000
vn 0.30151134 0.30151134 -0.90453403
vn -0.30151134 0.30151134 -0.90453403
vn -0.30151134 -0.30151134 -0.90453403
vn -0.30151134 0.30151134 -0.90453403
vn 0.30151134 0.30151134 -0.90453403
vn -0.30151134 0.30151134 -0.90453403
vn 0.00000000 0.00000000 -1.00000000
vn -0.30151134 -0.30151134 -0.90453403
vn 0.30151134 -0.30151134 -0.90453403
vn 0.00000000 0.00000000 -1.00000000
vn 0.30151134 -0.30151134 -0.90453403
vn -0.30151134 -0.30151134 -0.90453403
vn -0.30151134 0.30151134 -0.90453403
vn 0.36711370 0.63588833 -0.67887669
vn 0.51920040 0.51920040 -0.67886809
vn 0.63588276 0.36711936 -0.67887885
vn 0.19003316 0.70923683 -0.67887445
vn 0.70923810 0.19003874 -0.67887156
vn 0.30151134 -0.30151134 -0.90453403
vn -0.30151134 -0.30151134 -0.90453403
vn 0.30151134 -0.30151134 -0.90453403
vn 0.30151134 0.30151134 -0.90453403
vn 0.30151134 -0.30151134 -0.90453403
vn -0.01860387 -0.05725617 0.99818617
vn -0.04388221 0.04120821 0.99818647
vn -0.00378002 -0.06007877 0.99818648
vn 0.01128092 -0.05913811 0.99818607
vn -0.03225471 0.05082458 0.99818660
vn 0.05972489 0.00754510 0.99818636
vn 0.05972501 -0.00754497 0.99818635
vn -0.05275295 0.02900141 0.99818638
vn -0.01860232 0.05725203 0.99818643
vn 0.02563108 -0.05446800 0.99818650
vn -0.05831090 0.01497152 0.99818620
vn 0.05597304 -0.02216151 0.99818630
vn 0.03837321 -0.04638527 0.99818631
vn -0.00378011 0.06008310 0.99818622
vn 0.04870235 -0.03538423 0.99818637
vn -0.06019979 0.00000012 0.99818635
vn 0.01127986 0.05913336 0.99818636
vn -0.05831107 -0.01497159 0.99818619
vn 0.02563266 0.05447185 0.99818625
vn -0.05275534 -0.02900209 0.99818623
vn 0.03837313 0.04638526 0.99818631
vn -0.04388210 -0.04120834 0.99818647
vn 0.04870233 0.03538418 0.99818638
vn -0.03225687 -0.05082793 0.99818636
vn 0.05597329 0.02216136 0.99818629
vn -0.00378002 -0.06007877 0.99818648
vn -0.01860387 -0.05725617 0.99818617
vn 0.01128092 -0.05913811 0.99818607
vn -0.04388221 0.04120821 0.99818647
vn -0.03225471 0.05082458 0.99818660
vn 0.05972489 0.00754510 0.99818636
vn 0.05972501 -0.00754497 0.99818635
vn -0.05275295 0.02900141 0.99818638
vn -0.01860232 0.05725203 0.99818643
vn 0.02563108 -0.05446800 0.99818650
vn -0.05831090 0.01497152 0.99818620
vn 0.05597304 -0.02216151 0.99818630
vn 0.03837321 -0.04638527 0.99818631
vn -0.00378011 0.06008310 0.99818622
vn 0.04870235 -0.03538423 0.99818637
vn -0.06019979 0.00000012 0.99818635
vn 0.01127986 0.05913336 0.99818636
vn -0.05831107 -0.01497159 0.99818619
vn 0.02563266 0.05447185 0.99818625
vn -0.05275534 -0.02900209 0.99818623
vn 0.03837313 0.04638526 0.99818631
vn -0.04388210 -0.04120834 0.99818647
vn 0.04870233 0.03538418 0.99818638
vn -0.03225687 -0.05082793 0.99818636
vn 0.05597329 0.02216136 0.99818629
vn 0.05972489 0.00754510 0.99818636
vn 0.05972501 -0.00754497 0.99818635
vn -0.04388220 0.04120822 0.99818647
vn -0.00377970 -0.06007908 0.99818646
vn 0.01128115 -0.05913713 0.99818612
vn -0.03225573 0.05082701 0.99818645
vn -0.05274976 0.02899923 0.99818661
vn -0.01860241 0.05725191 0.99818644
vn -0.05831065 0.01497171 0.99818621
vn 0.05597304 -0.02216151 0.99818630
vn 0.02563109 -0.05446799 0.99818650
vn 0.03837321 -0.04638527 0.99818631
vn 0.04870235 -0.03538423 0.99818637
vn -0.00377975 0.06008345 0.99818620
vn -0.06019979 0.00000012 0.99818635
vn 0.01128003 0.05913245 0.99818641
vn -0.05831081 -0.01497178 0.99818620
vn 0.02563277 0.05447187 0.99818624
vn -0.05275189 -0.02900001 0.99818647
vn 0.03837313 0.04638526 0.99818631
vn -0.04388190 -0.04120811 0.99818649
vn 0.04870233 0.03538418 0.99818638
vn -0.03225795 -0.05083016 0.99818621
vn 0.05597329 0.02216136 0.99818629
vn -0.01860389 -0.05725603 0.99818618
vn -0.01860387 -0.05725617 0.99818617
vn -0.00377974 -0.06007857 0.99818650
vn -0.04388221 0.04120821 0.99818647
vn 0.01128002 -0.05913369 0.99818634
vn -0.03225471 0.05082458 0.99818660
vn 0.05972489 0.00754510 0.99818636
vn 0.05972501 -0.00754497 0.99818635
vn -0.05275295 0.02900141 0.99818638
vn -0.01860232 0.05725203 0.99818643
vn 0.02563076 -0.05446792 0.99818651
vn -0.05831090 0.01497152 0.99818620
vn 0.05597304 -0.02216151 0.99818630
vn -0.00378011 0.06008310 0.99818622
vn 0.03837321 -0.04638527 0.99818631
vn 0.04870235 -0.03538423 0.99818637
vn -0.06019979 0.00000012 0.99818635
vn 0.01127986 0.05913336 0.99818636
vn -0.05831107 -0.01497159 0.99818619
vn 0.02563266 0.05447185 0.99818625
vn -0.05275534 -0.02900209 0.99818623
vn 0.03837313 0.04638526 0.99818631
vn -0.04388210 -0.04120834 0.99818647
vn 0.04870233 0.03538418 0.99818638
vn -0.03225687 -0.05082793 0.99818636
vn 0.05597329 0.02216136 0.99818629
vn 0.05972489 0.00754510 0.99818636
vn 0.05972501 -0.00754497 0.99818635
vn -0.00377942 -0.06007888 0.99818648
vn 0.01128025 -0.05913270 0.99818640
vn -0.04388220 0.04120822 0.99818647
vn -0.03225573 0.05082701 0.99818645
vn -0.05274976 0.02899923 0.99818661
vn 0.05597304 -0.02216151 0.99818630
vn -0.01860241 0.05725191 0.99818644
vn 0.02563077 -0.05446792 0.99818651
vn 0.03837321 -0.04638527 0.99818631
vn -0.05831065 0.01497171 0.99818621
vn 0.04870235 -0.03538423 0.99818637
vn -0.00377975 0.06008345 0.99818620
vn -0.06019979 0.00000012 0.99818635
vn 0.01128003 0.05913245 0.99818641
vn -0.05831081 -0.01497178 0.99818620
vn 0.02563277 0.05447187 0.99818624
vn -0.05275189 -0.02900001 0.99818647
vn 0.03837313 0.04638526 0.99818631
vn -0.04388190 -0.04120811 0.99818649
vn 0.04870233 0.03538418 0.99818638
vn -0.03225795 -0.05083016 0.99818621
vn 0.05597329 0.02216136 0.99818629
vn -0.01860389 -0.05725603 0.99818618
vn -0.01860387 -0.05725617 0.99818617
vn -0.00377974 -0.06007857 0.99818650
vn -0.04388221 0.04120821 0.99818647
vn 0.01128002 -0.05913369 0.99818634
vn -0.03225471 0.05082458 0.99818660
vn 0.05972489 0.00754510 0.99818636
vn 0.05972501 -0.00754497 0.99818635
vn -0.05275295 0.02900141 0.99818638
vn -0.01860232 0.05725203 0.99818643
vn 0.02563076 -0.05446792 0.99818651
vn -0.05831090 0.01497152 0.99818620
vn 0.05597304 -0.02216151 0.99818630
vn -0.00378011 0.06008310 0.99818622
vn 0.03837321 -0.04638527 0.99818631
vn 0.04870235 -0.03538423 0.99818637
vn -0.06019979 0.00000012 0.99818635
vn 0.01127986 0.05913336 0.99818636
vn -0.05831107 -0.01497159 0.99818619
vn 0.02563266 0.05447185 0.99818625
vn -0.05275534 -0.02900209 0.99818623
vn 0.03837313 0.04638526 0.99818631
vn -0.04388210 -0.04120834 0.99818647
vn 0.04870233 0.03538418 0.99818638
vn -0.03225687 -0.05082793 0.99818636
vn 0.05597329 0.02216136 0.99818629
vn 0.05972489 0.00754510 0.99818636
vn 0.05972501 -0.00754497 0.99818635
vn -0.00377970 -0.06007908 0.99818646
vn 0.01128115 -0.05913713 0.99818612
vn -0.04388221 0.04120821 0.99818647
vn -0.03225471 0.05082458 0.99818660
vn 0.05597304 -0.02216151 0.99818630
vn -0.05274980 0.02899956 0.99818660
vn -0.01860232 0.05725203 0.99818643
vn -0.05830635 0.01497052 0.99818648
vn 0.02563109 -0.05446799 0.99818650
vn 0.04870235 -0.03538423 0.99818637
vn 0.03837321 -0.04638527 0.99818631
vn -0.00377975 0.06008345 0.99818620
vn -0.06020001 -0.00000013 0.99818633
vn 0.01128003 0.05913245 0.99818641
vn -0.05830638 -0.01497029 0.99818648
vn 0.02563277 0.05447187 0.99818624
vn -0.05275193 -0.02900034 0.99818646
vn 0.03837313 0.04638526 0.99818631
vn -0.04388213 -0.04120807 0.99818648
vn 0.04870233 0.03538418 0.99818638
vn -0.03225687 -0.05082793 0.99818636
vn 0.05597329 0.02216136 0.99818629
vn -0.01860380 -0.05725615 0.99818617
vn 0.05972501 -0.00754497 0.99818635
vn 0.01128025 -0.05913270 0.99818640
vn -0.00377942 -0.06007888 0.99818648
vn -0.04388221 0.04120821 0.99818647
vn -0.03225471 0.05082458 0.99818660
vn -0.05274980 0.02899956 0.99818660
vn -0.01860232 0.05725203 0.99818643
vn 0.05597304 -0.02216151 0.99818630
vn 0.02563077 -0.05446792 0.99818651
vn -0.05830635 0.01497052 0.99818648
vn 0.04870235 -0.03538423 0.99818637
vn 0.03837321 -0.04638527 0.99818631
vn -0.00377975 0.06008345 0.99818620
vn -0.06020001 -0.00000013 0.99818633
vn 0.01128003 0.05913245 0.99818641
vn -0.05830638 -0.01497029 0.99818648
vn 0.02563277 0.05447187 0.99818624
vn -0.05275193 -0.02900034 0.99818646
vn 0.03837313 0.04638526 0.99818631
vn -0.04388213 -0.04120807 0.99818648
vn 0.04870233 0.03538418 0.99818638
vn -0.03225687 -0.05082793 0.99818636
vn 0.05597329 0.02216136 0.99818629
vn -0.01860380 -0.05725615 0.99818617
vn 0.05972489 0.00754510 0.99818636
vn 0.30151134 -0.90453403 -0.30151134
vn -0.57735027 -0.57735027 -0.57735027
vn 0.57735027 -0.57735027 -0.57735027
vn -0.30151134 -0.90453403 -0.30151134
vn -0.57735027 -0.57735027 -0.57735027
vn 0.57735027 -0.57735027 -0.57735027
vn -0.57735027 -0.57735027 -0.57735027
vn 0.57735027 -0.57735027 -0.57735027
vn -0.57735027 -0.57735027 -0.57735027
vn 0.57735027 -0.57735027 -0.57735027
vn -0.57735027 0.57735027 -0.57735027
vn -0.57735027 0.57735027 -0.57735027
vn -0.57735027 -0.57735027 -0.57735027
vn -0.57735027 0.57735027 -0.57735027
vn -0.57735027 -0.57735027 -0.57735027
vn 0.57735027 0.57735027 -0.57735027
vn 0.57735027 0.57735027 -0.57735027
vn -0.57735027 0.57735027 -0.57735027
vn -0.30151134 0.90453403 -0.30151134
vn 0.57735027 0.57735027 -0.57735027
vn -0.57735027 0.57735027 -0.57735027
vn 0.30151134 0.90453403 -0.30151134
vn 0.57735027 0.57735027 -0.57735027
vn -0.57735027 0.57735027 -0.57735027
vn 0.57735027 0.57735027 -0.57735027
vn -0.57735027 0.57735027 -0.57735027
vn 0.57735027 0.57735027 -0.57735027
vn -0.57735027 0.57735027 -0.57735027
vn 0.57735027 -0.57735027 -0.57735027
vn 0.57735027 -0.57735027 -0.57735027
vn 0.57735027 0.57735027 -0.57735027
vn 0.57735027 -0.57735027 -0.57735027
vn 0.57735027 0.57735027 -0.57735027
vn -0.57735027 -0.57735027 -0.57735027
vn -0.57735027 -0.57735027 -0.57735027
vn 0.57735027 -0.57735027 -0.57735027
vn 0.36761050 0.78120292 0.50456368
vn 0.55033022 0.66523854 0.50457342
vn 0.44735326 0.54075830 0.71235913
vn 0.29881082 0.63500714 0.71237492
vn 0.13150861 0.68938288 0.71235998
vn 0.09220920 0.48338229 0.87053950
vn -0.03090168 0.49112400 0.87054139
vn 0.04666655 0.24463112 0.96849256
vn -0.01563751 0.24855108 0.96849256
vn 0.41096690 0.87335384 0.26145607
vn 0.42485965 0.90286798 0.06575485
vn 0.63604351 0.76884656 0.06575425
vn 0.61524860 0.74370644 0.26147636
vn -0.07695536 0.23684360 0.96849521
vn 0.16177636 0.84807235 0.50458071
vn -0.04406351 0.70041044 0.71237885
vn -0.15206726 0.46801331 0.87053954
vn 0.18085755 0.94810982 0.26149249
vn 0.18697572 0.98016103 0.06576047
vn -0.13344559 0.21027616 0.96849172
vn -0.05420995 0.86165651 0.50458829
vn -0.21687705 0.66747337 0.71235079
vn -0.26367414 0.41548811 0.87054327
vn -0.06061064 0.96331365 0.26144439
vn -0.06265233 0.99586841 0.06573277
vn -0.18154990 0.17048598 0.96849066
vn -0.26679306 0.82110529 0.50458652
vn -0.37604371 0.59255589 0.71236833
vn -0.35872734 0.33686720 0.87053730
vn -0.29826107 0.91797435 0.26146400
vn -0.30835011 0.94899932 0.06573056
vn -0.21823005 0.11997269 0.96849481
vn -0.46262409 0.72896847 0.50456310
vn -0.51158915 0.48041663 0.71237378
vn -0.43122607 0.23707014 0.87054111
vn -0.51718603 0.81495327 0.26147616
vn -0.53466960 0.84249840 0.06576362
vn -0.24121847 0.06193394 0.96849256
vn -0.24903831 0.00000017 0.96849363
vn -0.49210090 0.00000057 0.87053817
vn -0.62936580 0.59100763 0.50458762
vn -0.61499371 0.33809313 0.71237334
vn -0.47663246 0.12237891 0.87054287
vn -0.70360727 0.66073491 0.26146930
vn -0.72739011 0.68306790 0.06574095
vn -0.75656818 0.41592985 0.50458592
vn -0.67976802 0.17453286 0.71235786
vn -0.70181696 0.00000034 0.71235733
vn -0.84582315 0.46499893 0.26145591
vn -0.87441019 0.48071134 0.06575274
vn -0.83624986 0.21471346 0.50456348
vn -0.86336815 -0.00000045 0.50457451
vn -0.93488283 0.24003905 0.26148679
vn -0.96648558 0.24815085 0.06577823
vn -0.96521099 0.00000188 0.26147228
vn -0.99783558 0.00000223 0.06575829
vn -0.24121789 -0.06193421 0.96849269
vn -0.47663846 -0.12237904 0.87053958
vn -0.21822596 -0.11997065 0.96849599
vn -0.67976927 -0.17453608 0.71235588
vn -0.43123058 -0.23706939 0.87053908
vn -0.18154267 -0.17048050 0.96849298
vn -0.83625027 -0.21471516 0.50456207
vn -0.61499820 -0.33809796 0.71236717
vn -0.35872106 -0.33686098 0.87054229
vn -0.93488168 -0.24004307 0.26148724
vn -0.96648438 -0.24815564 0.06577787
vn -0.13344070 -0.21027092 0.96849353
vn -0.75656152 -0.41592757 0.50459778
vn -0.51160102 -0.48042506 0.71235957
vn -0.26367879 -0.41549021 0.87054085
vn -0.84581997 -0.46499439 0.26147427
vn -0.87440988 -0.48071217 0.06575081
vn -0.07695654 -0.23684687 0.96849432
vn -0.62936330 -0.59100827 0.50458999
vn -0.37605048 -0.59256854 0.71235424
vn -0.15206017 -0.46799736 0.87054936
vn -0.70360575 -0.66072724 0.26149276
vn -0.72739351 -0.68306435 0.06574017
vn -0.01563688 -0.24854639 0.96849377
vn -0.46261360 -0.72895879 0.50458670
vn -0.21686894 -0.66745979 0.71236598
vn -0.03090047 -0.49112340 0.87054177
vn -0.51718957 -0.81495110 0.26147593
vn -0.53466896 -0.84250112 0.06573400
vn 0.04666414 -0.24462278 0.96849479
vn -0.26679902 -0.82112101 0.50455779
vn -0.04406652 -0.70042974 0.71235968
vn 0.09220612 -0.48336962 0.87054686
vn -0.29826202 -0.91797322 0.26146689
vn -0.30834798 -0.94899761 0.06576523
vn 0.10603819 -0.22533936 0.96849268
vn -0.05420927 -0.86167205 0.50456182
vn 0.13150889 -0.68938480 0.71235807
vn 0.20952341 -0.44525536 0.87054443
vn -0.06060460 -0.96330486 0.26147818
vn -0.06265486 -0.99586587 0.06576888
vn 0.15875040 -0.19189662 0.96849058
vn 0.16177706 -0.84807119 0.50458244
vn 0.29881667 -0.63502520 0.71235637
vn 0.31367790 -0.37917184 0.87053713
vn 0.18086113 -0.94811863 0.26145807
vn 0.18697511 -0.98016346 0.06572600
vn 0.20147513 -0.14638119 0.96849384
vn 0.36760507 -0.78120187 0.50456927
vn 0.44734237 -0.54074772 0.71237400
vn 0.39811871 -0.28925027 0.87053764
vn 0.41096652 -0.87334589 0.26148323
vn 0.42486191 -0.90286703 0.06575325
vn 0.23154227 -0.09167453 0.96849572
vn 0.55032445 -0.66522782 0.50459385
vn 0.56778262 -0.41251216 0.71235989
vn 0.45753147 -0.18115141 0.87054530
vn 0.61525075 -0.74371342 0.26145145
vn 0.63604128 -0.76885081 0.06572613
vn 0.24707388 -0.03121192 0.96849384
vn 0.69847608 -0.50747592 0.50457840
vn 0.65253165 -0.25835471 0.71235896
vn 0.48820676 -0.06167606 0.87054593
vn 0.78087269 -0.56734057 0.26146226
vn 0.80726770 -0.58651169 0.06574880
vn 0.24707165 0.03121346 0.96849436
vn 0.80274134 -0.31782783 0.50457093
vn 0.69627808 -0.08796134 0.71236201
vn 0.48820838 0.06167378 0.87054519
vn 0.89743666 -0.35531728 0.26145186
vn 0.92776499 -0.36732859 0.06574063
vn 0.23154263 0.09167333 0.96849575
vn 0.85655832 -0.10820857 0.50457780
vn 0.69627920 0.08796431 0.71236055
vn 0.45753309 0.18115032 0.87054468
vn 0.95760295 -0.12097279 0.26146160
vn 0.98996879 -0.12506379 0.06573311
vn 0.20146938 0.14637713 0.96849565
vn 0.85655886 0.10820931 0.50457672
vn 0.65253051 0.25835412 0.71236022
vn 0.39812081 0.28925017 0.87053671
vn 0.95760134 0.12097482 0.26146656
vn 0.98996887 0.12506060 0.06573798
vn 0.15874413 0.19189016 0.96849288
vn 0.80274116 0.31783056 0.50456948
vn 0.56777904 0.41251470 0.71236127
vn 0.31367294 0.37916133 0.87054349
vn 0.89743555 0.35531977 0.26145229
vn 0.92776542 0.36732752 0.06574051
vn 0.10603854 0.22534378 0.96849162
vn 0.69847253 0.50746573 0.50459355
vn 0.20952356 0.44525502 0.87054457
vn 0.78088004 0.56733976 0.26144207
vn 0.80726755 0.58651423 0.06572790
vn 0.36761050 0.78120292 0.50456368
vn 0.55033022 0.66523854 0.50457342
vn 0.44735326 0.54075830 0.71235913
vn 0.29881082 0.63500714 0.71237492
vn 0.13150861 0.68938288 0.71235998
vn 0.09220920 0.48338229 0.87053950
vn -0.03090168 0.49112400 0.87054139
vn 0.04666655 0.24463112 0.96849256
vn -0.01563751 0.24855108 0.96849256
vn 0.41096690 0.87335384 0.26145607
vn 0.42485965 0.90286798 0.06575485
vn 0.63604351 0.76884656 0.06575425
vn 0.61524860 0.74370644 0.26147636
vn -0.07695536 0.23684360 0.96849521
vn 0.16177636 0.84807235 0.50458071
vn -0.04406351 0.70041044 0.71237885
vn -0.15206726 0.46801331 0.87053954
vn 0.18085755 0.94810982 0.26149249
vn 0.18697572 0.98016103 0.06576047
vn -0.13344559 0.21027616 0.96849172
vn -0.05420995 0.86165651 0.50458829
vn -0.21687705 0.66747337 0.71235079
vn -0.26367414 0.41548811 0.87054327
vn -0.06061064 0.96331365 0.26144439
vn -0.06265233 0.99586841 0.06573277
vn -0.18154990 0.17048598 0.96849066
vn -0.26679306 0.82110529 0.50458652
vn -0.37604371 0.59255589 0.71236833
vn -0.35872734 0.33686720 0.87053730
vn -0.29826107 0.91797435 0.26146400
vn -0.30835011 0.94899932 0.06573056
vn -0.21823005 0.11997269 0.96849481
vn -0.46262409 0.72896847 0.50456310
vn -0.51158915 0.48041663 0.71237378
vn -0.43122607 0.23707014 0.87054111
vn -0.51718603 0.81495327 0.26147616
vn -0.53466960 0.84249840 0.06576362
vn -0.24121847 0.06193394 0.96849256
vn -0.24903831 0.00000017 0.96849363
vn -0.49210090 0.00000057 0.87053817
vn -0.62936580 0.59100763 0.50458762
vn -0.61499371 0.33809313 0.71237334
vn -0.47663246 0.12237891 0.87054287
vn -0.70360727 0.66073491 0.26146930
vn -0.72739011 0.68306790 0.06574095
vn -0.75656818 0.41592985 0.50458592
vn -0.67976802 0.17453286 0.71235786
vn -0.70181696 0.00000034 0.71235733
vn -0.84582315 0.46499893 0.26145591
vn -0.87441019 0.48071134 0.06575274
vn -0.83624986 0.21471346 0.50456348
vn -0.86336815 -0.00000045 0.50457451
vn -0.93488283 0.24003905 0.26148679
vn -0.96648558 0.24815085 0.06577823
vn -0.96521099 0.00000188 0.26147228
vn -0.99783558 0.00000223 0.06575829
vn -0.24121789 -0.06193421 0.96849269
vn -0.47663846 -0.12237904 0.87053958
vn -0.21822596 -0.11997065 0.96849599
vn -0.67976927 -0.17453608 0.71235588
vn -0.43123058 -0.23706939 0.87053908
vn -0.18154267 -0.17048050 0.96849298
vn -0.83625027 -0.21471516 0.50456207
vn -0.61499820 -0.33809796 0.71236717
vn -0.35872106 -0.33686098 0.87054229
vn -0.93488168 -0.24004307 0.26148724
vn -0.96648438 -0.24815564 0.06577787
vn -0.13344070 -0.21027092 0.96849353
vn -0.75656152 -0.41592757 0.50459778
vn -0.51160102 -0.48042506 0.71235957
vn -0.26367879 -0.41549021 0.87054085
vn -0.84581997 -0.46499439 0.26147427
vn -0.87440988 -0.48071217 0.06575081
vn -0.07695654 -0.23684687 0.96849432
vn -0.62936330 -0.59100827 0.50458999
vn -0.37605048 -0.59256854 0.71235424
vn -0.15206017 -0.46799736 0.87054936
vn -0.70360575 -0.66072724 0.26149276
vn -0.72739351 -0.68306435 0.06574017
vn -0.01563688 -0.24854639 0.96849377
vn -0.46261360 -0.72895879 0.50458670
vn -0.21686894 -0.66745979 0.71236598
vn -0.03090047 -0.49112340 0.87054177
vn -0.51718957 -0.81495110 0.26147593
vn -0.53466896 -0.84250112 0.06573400
vn 0.04666414 -0.24462278 0.96849479
vn -0.26679902 -0.82112101 0.50455779
vn -0.04406652 -0.70042974 0.71235968
vn 0.09220612 -0.48336962 0.87054686
vn -0.29826202 -0.91797322 0.26146689
vn -0.30834798 -0.94899761 0.06576523
vn 0.10603819 -0.22533936 0.96849268
vn -0.05420927 -0.86167205 0.50456182
vn 0.13150889 -0.68938480 0.71235807
vn 0.20952341 -0.44525536 0.87054443
vn -0.06060460 -0.96330486 0.26147818
vn -0.06265486 -0.99586587 0.06576888
vn 0.15875040 -0.19189662 0.96849058
vn 0.16177706 -0.84807119 0.50458244
vn 0.29881667 -0.63502520 0.71235637
vn 0.31367790 -0.37917184 0.87053713
vn 0.18086113 -0.94811863 0.26145807
vn 0.18697511 -0.98016346 0.06572600
vn 0.20147513 -0.14638119 0.96849384
vn 0.36760507 -0.78120187 0.50456927
vn 0.44734237 -0.54074772 0.71237400
vn 0.39811871 -0.28925027 0.87053764
vn 0.41096652 -0.87334589 0.26148323
vn 0.42486191 -0.90286703 0.06575325
vn 0.23154227 -0.09167453 0.96849572
vn 0.55032445 -0.66522782 0.50459385
vn 0.56778262 -0.41251216 0.71235989
vn 0.45753147 -0.18115141 0.87054530
vn 0.61525075 -0.74371342 0.26145145
vn 0.63604128 -0.76885081 0.06572613
vn 0.24707388 -0.03121192 0.96849384
vn 0.69847608 -0.50747592 0.50457840
vn 0.65253165 -0.25835471 0.71235896
vn 0.48820676 -0.06167606 0.87054593
vn 0.78087269 -0.56734057 0.26146226
vn 0.80726770 -0.58651169 0.06574880
vn 0.24707165 0.03121346 0.96849436
vn 0.80274134 -0.31782783 0.50457093
vn 0.69627808 -0.08796134 0.71236201
vn 0.48820838 0.06167378 0.87054519
vn 0.89743666 -0.35531728 0.26145186
vn 0.92776499 -0.36732859 0.06574063
vn 0.23154263 0.09167333 0.96849575
vn 0.85655832 -0.10820857 0.50457780
vn 0.69627920 0.08796431 0.71236055
vn 0.45753309 0.18115032 0.87054468
vn 0.95760295 -0.12097279 0.26146160
vn 0.98996879 -0.12506379 0.06573311
vn 0.20146938 0.14637713 0.96849565
vn 0.85655886 0.10820931 0.50457672
vn 0.65253051 0.25835412 0.71236022
vn 0.39812081 0.28925017 0.87053671
vn 0.95760134 0.12097482 0.26146656
vn 0.98996887 0.12506060 0.06573798
vn 0.15874413 0.19189016 0.96849288
vn 0.80274116 0.31783056 0.50456948
vn 0.56777904 0.41251470 0.71236127
vn 0.31367294 0.37916133 0.87054349
vn 0.89743555 0.35531977 0.26145229
vn 0.92776542 0.36732752 0.06574051
vn 0.10603854 0.22534378 0.96849162
vn 0.69847253 0.50746573 0.50459355
vn 0.20952356 0.44525502 0.87054457
vn 0.78088004 0.56733976 0.26144207
vn 0.80726755 0.58651423 0.06572790
vn 0.36761050 0.78120292 0.50456368
vn 0.55033183 0.66523790 0.50457251
vn 0.44735401 0.54075670 0.71235987
vn 0.29881518 0.63501269 0.71236814
vn 0.13150861 0.68938288 0.71235998
vn 0.09220965 0.48338238 0.87053941
vn -0.03090168 0.49112400 0.87054139
vn 0.04666610 0.24463001 0.96849287
vn -0.01563795 0.24855134 0.96849248
vn 0.41096690 0.87335384 0.26145607
vn 0.42485965 0.90286798 0.06575485
vn 0.63604351 0.76884656 0.06575425
vn 0.61524860 0.74370644 0.26147636
vn -0.07695553 0.23684364 0.96849519
vn 0.16177636 0.84807235 0.50458071
vn -0.04406351 0.70041044 0.71237885
vn -0.15206726 0.46801331 0.87053954
vn 0.18085755 0.94810982 0.26149249
vn 0.18697572 0.98016103 0.06576047
vn -0.13344717 0.21027832 0.96849103
vn -0.05420995 0.86165651 0.50458829
vn -0.21687705 0.66747337 0.71235079
vn -0.26367414 0.41548811 0.87054327
vn -0.06061064 0.96331365 0.26144439
vn -0.06265233 0.99586841 0.06573277
vn -0.18154995 0.17048590 0.96849067
vn -0.26679306 0.82110529 0.50458652
vn -0.37604371 0.59255589 0.71236833
vn -0.35872734 0.33686720 0.87053730
vn -0.29826107 0.91797435 0.26146400
vn -0.30835011 0.94899932 0.06573056
vn -0.21823654 0.11997601 0.96849294
vn -0.46262409 0.72896847 0.50456310
vn -0.51158872 0.48041830 0.71237296
vn -0.43123696 0.23707434 0.87053457
vn -0.51718603 0.81495327 0.26147616
vn -0.53466960 0.84249840 0.06576362
vn -0.24121780 0.06193501 0.96849266
vn -0.24903831 0.00000017 0.96849363
vn -0.49210090 0.00000057 0.87053817
vn -0.62936383 0.59100886 0.50458864
vn -0.61500900 0.33810074 0.71235653
vn -0.47663273 0.12238003 0.87054257
vn -0.70360727 0.66073491 0.26146930
vn -0.72739011 0.68306790 0.06574095
vn -0.75656866 0.41592673 0.50458776
vn -0.67976802 0.17453286 0.71235786
vn -0.70181696 0.00000034 0.71235733
vn -0.84581443 0.46499819 0.26148543
vn -0.87441019 0.48071134 0.06575274
vn -0.83625127 0.21471122 0.50456209
vn -0.86336815 -0.00000045 0.50457451
vn -0.93488302 0.24003663 0.26148834
vn -0.96648558 0.24815085 0.06577823
vn -0.96521099 0.00000188 0.26147228
vn -0.99783558 0.00000223 0.06575829
vn -0.24121795 -0.06193471 0.96849264
vn -0.47663846 -0.12237904 0.87053958
vn -0.21823260 -0.11997524 0.96849392
vn -0.67977063 -0.17453464 0.71235494
vn -0.43124051 -0.23707422 0.87053284
vn -0.18154300 -0.17048058 0.96849291
vn -0.83625025 -0.21471249 0.50456324
vn -0.61501349 -0.33810755 0.71234941
vn -0.35872106 -0.33686098 0.87054229
vn -0.93488168 -0.24004307 0.26148724
vn -0.96648438 -0.24815564 0.06577787
vn -0.13344255 -0.21027306 0.96849281
vn -0.75656068 -0.41592379 0.50460217
vn -0.51160060 -0.48042673 0.71235875
vn -0.26367879 -0.41549021 0.87054085
vn -0.84581277 -0.46499175 0.26150225
vn -0.87440988 -0.48071217 0.06575081
vn -0.07695666 -0.23684696 0.96849429
vn -0.62936134 -0.59100950 0.50459100
vn -0.37605048 -0.59256854 0.71235424
vn -0.15206017 -0.46799736 0.87054936
vn -0.70360575 -0.66072724 0.26149276
vn -0.72739351 -0.68306435 0.06574017
vn -0.01563739 -0.24854668 0.96849369
vn -0.46261360 -0.72895879 0.50458670
vn -0.21686894 -0.66745979 0.71236598
vn -0.03090047 -0.49112340 0.87054177
vn -0.51718957 -0.81495110 0.26147593
vn -0.53466896 -0.84250112 0.06573400
vn 0.04666381 -0.24462171 0.96849507
vn -0.26679902 -0.82112101 0.50455779
vn -0.04406652 -0.70042974 0.71235968
vn 0.09220657 -0.48336971 0.87054677
vn -0.29826202 -0.91797322 0.26146689
vn -0.30834798 -0.94899761 0.06576523
vn 0.10603662 -0.22533392 0.96849412
vn -0.05420927 -0.86167205 0.50456182
vn 0.13150889 -0.68938480 0.71235807
vn 0.20952191 -0.44525942 0.87054271
vn -0.06060460 -0.96330486 0.26147818
vn -0.06265486 -0.99586587 0.06576888
vn 0.15874984 -0.19189664 0.96849067
vn 0.16177706 -0.84807119 0.50458244
vn 0.29882103 -0.63503075 0.71234959
vn 0.31367785 -0.37917138 0.87053735
vn 0.18086113 -0.94811863 0.26145807
vn 0.18697511 -0.98016346 0.06572600
vn 0.20147513 -0.14638119 0.96849384
vn 0.36760507 -0.78120187 0.50456927
vn 0.44734394 -0.54074715 0.71237344
vn 0.39810679 -0.28924192 0.87054586
vn 0.41096652 -0.87334589 0.26148323
vn 0.42486191 -0.90286703 0.06575325
vn 0.23154227 -0.09167453 0.96849572
vn 0.55032445 -0.66522782 0.50459385
vn 0.56778290 -0.41251589 0.71235751
vn 0.45753147 -0.18115141 0.87054530
vn 0.61525075 -0.74371342 0.26145145
vn 0.63604128 -0.76885081 0.06572613
vn 0.24707388 -0.03121192 0.96849384
vn 0.69848809 -0.50748063 0.50455703
vn 0.65253010 -0.25835615 0.71235985
vn 0.48820676 -0.06167606 0.87054593
vn 0.78087269 -0.56734057 0.26146226
vn 0.80726770 -0.58651169 0.06574880
vn 0.24707165 0.03121346 0.96849436
vn 0.80274121 -0.31782990 0.50456983
vn 0.69627808 -0.08796134 0.71236201
vn 0.48820838 0.06167378 0.87054519
vn 0.89743666 -0.35531728 0.26145186
vn 0.92776499 -0.36732859 0.06574063
vn 0.23154263 0.09167333 0.96849575
vn 0.85655832 -0.10820857 0.50457780
vn 0.69627920 0.08796431 0.71236055
vn 0.45753189 0.18115112 0.87054514
vn 0.95760295 -0.12097279 0.26146160
vn 0.98996879 -0.12506379 0.06573311
vn 0.20146938 0.14637713 0.96849565
vn 0.85655886 0.10820931 0.50457672
vn 0.65253044 0.25835613 0.71235956
vn 0.39811007 0.28923998 0.87054501
vn 0.95760134 0.12097482 0.26146656
vn 0.98996887 0.12506060 0.06573798
vn 0.15874358 0.19189018 0.96849297
vn 0.80274116 0.31783056 0.50456948
vn 0.56777951 0.41251861 0.71235864
vn 0.31367257 0.37916204 0.87054332
vn 0.89743555 0.35531977 0.26145229
vn 0.92776542 0.36732752 0.06574051
vn 0.10603703 0.22533823 0.96849307
vn 0.69848234 0.50747330 0.50457237
vn 0.20952206 0.44525908 0.87054285
vn 0.78088004 0.56733976 0.26144207
vn 0.80726755 0.58651423 0.06572790
vn 0.36760782 0.78120327 0.50456510
vn 0.55033022 0.66523854 0.50457342
vn 0.44735326 0.54075830 0.71235913
vn 0.29881082 0.63500714 0.71237492
vn 0.13150488 0.68936506 0.71237791
vn 0.09220920 0.48338229 0.87053950
vn -0.03090168 0.49112400 0.87054139
vn 0.04666655 0.24463112 0.96849256
vn -0.01563751 0.24855108 0.96849256
vn 0.41096487 0.87335527 0.26145448
vn 0.42485965 0.90286798 0.06575485
vn 0.63604351 0.76884656 0.06575425
vn 0.61524860 0.74370644 0.26147636
vn -0.07695588 0.23684283 0.96849536
vn 0.16177743 0.84807189 0.50458114
vn -0.04406351 0.70041044 0.71237885
vn -0.15206860 0.46801341 0.87053925
vn 0.18085874 0.94811913 0.26145789
vn 0.18697572 0.98016103 0.06576047
vn -0.13343920 0.21026708 0.96849457
vn -0.05420719 0.86165581 0.50458978
vn -0.21687705 0.66747337 0.71235079
vn -0.26367953 0.41549096 0.87054027
vn -0.06060811 0.96331426 0.26144273
vn -0.06265233 0.99586841 0.06573277
vn -0.18154279 0.17048095 0.96849288
vn -0.26679306 0.82110529 0.50458652
vn -0.37605168 0.59256770 0.71235430
vn -0.35873068 0.33686843 0.87053544
vn -0.29826107 0.91797435 0.26146400
vn -0.30835011 0.94899932 0.06573056
vn -0.21823005 0.11997269 0.96849481
vn -0.46262409 0.72896847 0.50456310
vn -0.51159688 0.48042608 0.71236186
vn -0.43122515 0.23707068 0.87054142
vn -0.51718603 0.81495327 0.26147616
vn -0.53466960 0.84249840 0.06576362
vn -0.24121847 0.06193394 0.96849256
vn -0.24903831 0.00000017 0.96849363
vn -0.49210090 0.00000057 0.87053817
vn -0.62936580 0.59100763 0.50458762
vn -0.61499361 0.33809424 0.71237289
vn -0.47663246 0.12237891 0.87054287
vn -0.70360727 0.66073491 0.26146930
vn -0.72739011 0.68306790 0.06574095
vn -0.75656818 0.41592985 0.50458592
vn -0.67976802 0.17453286 0.71235786
vn -0.70181696 0.00000034 0.71235733
vn -0.84582315 0.46499893 0.26145591
vn -0.87441019 0.48071134 0.06575274
vn -0.83624986 0.21471346 0.50456348
vn -0.86336815 -0.00000045 0.50457451
vn -0.93488283 0.24003905 0.26148679
vn -0.96648558 0.24815085 0.06577823
vn -0.96521099 0.00000188 0.26147228
vn -0.99783558 0.00000223 0.06575829
vn -0.24121789 -0.06193421 0.96849269
vn -0.47663846 -0.12237904 0.87053958
vn -0.21822596 -0.11997065 0.96849599
vn -0.67976927 -0.17453608 0.71235588
vn -0.43123058 -0.23706939 0.87053908
vn -0.18154267 -0.17048050 0.96849298
vn -0.83625027 -0.21471516 0.50456207
vn -0.61499820 -0.33809796 0.71236717
vn -0.35872106 -0.33686098 0.87054229
vn -0.93488168 -0.24004307 0.26148724
vn -0.96648438 -0.24815564 0.06577787
vn -0.13344070 -0.21027092 0.96849353
vn -0.75656152 -0.41592757 0.50459778
vn -0.51160102 -0.48042506 0.71235957
vn -0.26367879 -0.41549021 0.87054085
vn -0.84581997 -0.46499439 0.26147427
vn -0.87440988 -0.48071217 0.06575081
vn -0.07695654 -0.23684687 0.96849432
vn -0.62936330 -0.59100827 0.50458999
vn -0.37605048 -0.59256854 0.71235424
vn -0.15206017 -0.46799736 0.87054936
vn -0.70360575 -0.66072724 0.26149276
vn -0.72739351 -0.68306435 0.06574017
vn -0.01563640 -0.24854662 0.96849372
vn -0.46261360 -0.72895879 0.50458670
vn -0.21686894 -0.66745979 0.71236598
vn -0.03090047 -0.49112340 0.87054177
vn -0.51718957 -0.81495110 0.26147593
vn -0.53467147 -0.84249966 0.06573230
vn 0.04666676 -0.24463084 0.96849262
vn -0.26679902 -0.82112101 0.50455779
vn -0.04406652 -0.70042974 0.71235968
vn 0.09220935 -0.48338214 0.87053957
vn -0.29826784 -0.91798069 0.26143404
vn -0.30834984 -0.94899940 0.06573067
vn 0.10603692 -0.22533953 0.96849278
vn -0.05420927 -0.86167205 0.50456182
vn 0.13150889 -0.68938480 0.71235807
vn 0.20952270 -0.44525629 0.87054412
vn -0.06060212 -0.96330549 0.26147640
vn -0.06264909 -0.99586623 0.06576886
vn 0.15875040 -0.19189662 0.96849058
vn 0.16177706 -0.84807119 0.50458244
vn 0.29881667 -0.63502520 0.71235637
vn 0.31367790 -0.37917184 0.87053713
vn 0.18086113 -0.94811863 0.26145807
vn 0.18697511 -0.98016346 0.06572600
vn 0.20147513 -0.14638119 0.96849384
vn 0.36760507 -0.78120187 0.50456927
vn 0.44734237 -0.54074772 0.71237400
vn 0.39811871 -0.28925027 0.87053764
vn 0.41096652 -0.87334589 0.26148323
vn 0.42486191 -0.90286703 0.06575325
vn 0.23154227 -0.09167453 0.96849572
vn 0.55032445 -0.66522782 0.50459385
vn 0.56778262 -0.41251216 0.71235989
vn 0.45753147 -0.18115141 0.87054530
vn 0.61525075 -0.74371342 0.26145145
vn 0.63604128 -0.76885081 0.06572613
vn 0.24707388 -0.03121192 0.96849384
vn 0.69847608 -0.50747592 0.50457840
vn 0.65253165 -0.25835471 0.71235896
vn 0.48820676 -0.06167606 0.87054593
vn 0.78087269 -0.56734057 0.26146226
vn 0.80726770 -0.58651169 0.06574880
vn 0.24707165 0.03121346 0.96849436
vn 0.80274134 -0.31782783 0.50457093
vn 0.69627808 -0.08796134 0.71236201
vn 0.48820838 0.06167378 0.87054519
vn 0.89743666 -0.35531728 0.26145186
vn 0.92776526 -0.36732784 0.06574110
vn 0.23154263 0.09167333 0.96849575
vn 0.85655832 -0.10820857 0.50457780
vn 0.69627920 0.08796431 0.71236055
vn 0.45753309 0.18115032 0.87054468
vn 0.95760157 -0.12097492 0.26146570
vn 0.98996905 -0.12505925 0.06573791
vn 0.20146938 0.14637713 0.96849565
vn 0.85655886 0.10820931 0.50457672
vn 0.65253051 0.25835412 0.71236022
vn 0.39812081 0.28925017 0.87053671
vn 0.95760134 0.12097482 0.26146656
vn 0.98996887 0.12506060 0.06573798
vn 0.15874413 0.19189016 0.96849288
vn 0.80274116 0.31783056 0.50456948
vn 0.56777904 0.41251470 0.71236127
vn 0.31367294 0.37916133 0.87054349
vn 0.89743555 0.35531977 0.26145229
vn 0.92776542 0.36732752 0.06574051
vn 0.10603854 0.22534378 0.96849162
vn 0.69847253 0.50746573 0.50459355
vn 0.20952356 0.44525502 0.87054457
vn 0.78088004 0.56733976 0.26144207
vn 0.80726755 0.58651423 0.06572790
vn 0.36760782 0.78120327 0.50456510
vn 0.55033183 0.66523790 0.50457251
vn 0.44735401 0.54075670 0.71235987
vn 0.29881518 0.63501269 0.71236814
vn 0.13150488 0.68936506 0.71237791
vn 0.09220965 0.48338238 0.87053941
vn -0.03090168 0.49112400 0.87054139
vn 0.04666610 0.24463001 0.96849287
vn -0.01563795 0.24855134 0.96849248
vn 0.41096487 0.87335527 0.26145448
vn 0.42485965 0.90286798 0.06575485
vn 0.63604351 0.76884656 0.06575425
vn 0.61524860 0.74370644 0.26147636
vn -0.07695606 0.23684287 0.96849534
vn 0.16177743 0.84807189 0.50458114
vn -0.04406351 0.70041044 0.71237885
vn -0.15206860 0.46801341 0.87053925
vn 0.18085874 0.94811913 0.26145789
vn 0.18697572 0.98016103 0.06576047
vn -0.13344078 0.21026923 0.96849389
vn -0.05420719 0.86165581 0.50458978
vn -0.21687705 0.66747337 0.71235079
vn -0.26367953 0.41549096 0.87054027
vn -0.06060811 0.96331426 0.26144273
vn -0.06265233 0.99586841 0.06573277
vn -0.18154285 0.17048087 0.96849288
vn -0.26679306 0.82110529 0.50458652
vn -0.37605168 0.59256770 0.71235430
vn -0.35873068 0.33686843 0.87053544
vn -0.29826107 0.91797435 0.26146400
vn -0.30835011 0.94899932 0.06573056
vn -0.21823654 0.11997601 0.96849294
vn -0.46262409 0.72896847 0.50456310
vn -0.51159646 0.48042775 0.71236103
vn -0.43123603 0.23707488 0.87053489
vn -0.51718603 0.81495327 0.26147616
vn -0.53466960 0.84249840 0.06576362
vn -0.24121780 0.06193501 0.96849266
vn -0.24903831 0.00000017 0.96849363
vn -0.49210090 0.00000057 0.87053817
vn -0.62936383 0.59100886 0.50458864
vn -0.61500890 0.33810186 0.71235608
vn -0.47663273 0.12238003 0.87054257
vn -0.70360727 0.66073491 0.26146930
vn -0.72739011 0.68306790 0.06574095
vn -0.75656866 0.41592673 0.50458776
vn -0.67976802 0.17453286 0.71235786
vn -0.70181696 0.00000034 0.71235733
vn -0.84581443 0.46499819 0.26148543
vn -0.87441019 0.48071134 0.06575274
vn -0.83625127 0.21471122 0.50456209
vn -0.86336815 -0.00000045 0.50457451
vn -0.93488302 0.24003663 0.26148834
vn -0.96648558 0.24815085 0.06577823
vn -0.96521099 0.00000188 0.26147228
vn -0.99783558 0.00000223 0.06575829
vn -0.24121795 -0.06193471 0.96849264
vn -0.47663846 -0.12237904 0.87053958
vn -0.21823260 -0.11997524 0.96849392
vn -0.67977063 -0.17453464 0.71235494
vn -0.43124051 -0.23707422 0.87053284
vn -0.18154300 -0.17048058 0.96849291
vn -0.83625025 -0.21471249 0.50456324
vn -0.61501349 -0.33810755 0.71234941
vn -0.35872106 -0.33686098 0.87054229
vn -0.93488168 -0.24004307 0.26148724
vn -0.96648438 -0.24815564 0.06577787
vn -0.13344255 -0.21027306 0.96849281
vn -0.75656068 -0.41592379 0.50460217
vn -0.51160060 -0.48042673 0.71235875
vn -0.26367879 -0.41549021 0.87054085
vn -0.84581277 -0.46499175 0.26150225
vn -0.87440988 -0.48071217 0.06575081
vn -0.07695666 -0.23684696 0.96849429
vn -0.62936134 -0.59100950 0.50459100
vn -0.37605048 -0.59256854 0.71235424
vn -0.15206017 -0.46799736 0.87054936
vn -0.70360575 -0.66072724 0.26149276
vn -0.72739351 -0.68306435 0.06574017
vn -0.01563691 -0.24854691 0.96849363
vn -0.46261360 -0.72895879 0.50458670
vn -0.21686894 -0.66745979 0.71236598
vn -0.03090047 -0.49112340 0.87054177
vn -0.51718957 -0.81495110 0.26147593
vn -0.53467147 -0.84249966 0.06573230
vn 0.04666644 -0.24462977 0.96849291
vn -0.26679902 -0.82112101 0.50455779
vn -0.04406652 -0.70042974 0.71235968
vn 0.09220980 -0.48338223 0.87053947
vn -0.29826784 -0.91798069 0.26143404
vn -0.30834984 -0.94899940 0.06573067
vn 0.10603534 -0.22533408 0.96849422
vn -0.05420927 -0.86167205 0.50456182
vn 0.13150889 -0.68938480 0.71235807
vn 0.20952120 -0.44526035 0.87054241
vn -0.06060212 -0.96330549 0.26147640
vn -0.06264909 -0.99586623 0.06576886
vn 0.15874984 -0.19189664 0.96849067
vn 0.16177706 -0.84807119 0.50458244
vn 0.29882103 -0.63503075 0.71234959
vn 0.31367785 -0.37917138 0.87053735
vn 0.18086113 -0.94811863 0.26145807
vn 0.18697511 -0.98016346 0.06572600
vn 0.20147513 -0.14638119 0.96849384
vn 0.36760507 -0.78120187 0.50456927
vn 0.44734394 -0.54074715 0.71237344
vn 0.39810679 -0.28924192 0.87054586
vn 0.41096652 -0.87334589 0.26148323
vn 0.42486191 -0.90286703 0.06575325
vn 0.23154227 -0.09167453 0.96849572
vn 0.55032445 -0.66522782 0.50459385
vn 0.56778290 -0.41251589 0.71235751
vn 0.45753147 -0.18115141 0.87054530
vn 0.61525075 -0.74371342 0.26145145
vn 0.63604128 -0.76885081 0.06572613
vn 0.24707388 -0.03121192 0.96849384
vn 0.69848809 -0.50748063 0.50455703
vn 0.65253010 -0.25835615 0.71235985
vn 0.48820676 -0.06167606 0.87054593
vn 0.78087269 -0.56734057 0.26146226
vn 0.80726770 -0.58651169 0.06574880
vn 0.24707165 0.03121346 0.96849436
vn 0.80274121 -0.31782990 0.50456983
vn 0.69627808 -0.08796134 0.71236201
vn 0.48820838 0.06167378 0.87054519
vn 0.89743666 -0.35531728 0.26145186
vn 0.92776526 -0.36732784 0.06574110
vn 0.23154263 0.09167333 0.96849575
vn 0.85655832 -0.10820857 0.50457780
vn 0.69627920 0.08796431 0.71236055
vn 0.45753189 0.18115112 0.87054514
vn 0.95760157 -0.12097492 0.26146570
vn 0.98996905 -0.12505925 0.06573791
vn 0.20146938 0.14637713 0.96849565
vn 0.85655886 0.10820931 0.50457672
vn 0.65253044 0.25835613 0.71235956
vn 0.39811007 0.28923998 0.87054501
vn 0.95760134 0.12097482 0.26146656
vn 0.98996887 0.12506060 0.06573798
vn 0.15874358 0.19189018 0.96849297
vn 0.80274116 0.31783056 0.50456948
vn 0.56777951 0.41251861 0.71235864
vn 0.31367257 0.37916204 0.87054332
vn 0.89743555 0.35531977 0.26145229
vn 0.92776542 0.36732752 0.06574051
vn 0.10603703 0.22533823 0.96849307
vn 0.69848234 0.50747330 0.50457237
vn 0.20952206 0.44525908 0.87054285
vn 0.78088004 0.56733976 0.26144207
vn 0.80726755 0.58651423 0.06572790
vn 0.36760782 0.78120327 0.50456510
vn 0.55033022 0.66523854 0.50457342
vn 0.44735326 0.54075830 0.71235913
vn 0.29881082 0.63500714 0.71237492
vn 0.13150488 0.68936506 0.71237791
vn 0.09220920 0.48338229 0.87053950
vn -0.03090168 0.49112400 0.87054139
vn 0.04666655 0.24463112 0.96849256
vn -0.01563751 0.24855108 0.96849256
vn 0.41096487 0.87335527 0.26145448
vn 0.42485965 0.90286798 0.06575485
vn 0.63604351 0.76884656 0.06575425
vn 0.61524860 0.74370644 0.26147636
vn -0.07695588 0.23684283 0.96849536
vn 0.16177743 0.84807189 0.50458114
vn -0.04406351 0.70041044 0.71237885
vn -0.15206860 0.46801341 0.87053925
vn 0.18085874 0.94811913 0.26145789
vn 0.18697572 0.98016103 0.06576047
vn -0.13343920 0.21026708 0.96849457
vn -0.05420719 0.86165581 0.50458978
vn -0.21687705 0.66747337 0.71235079
vn -0.26367953 0.41549096 0.87054027
vn -0.06060811 0.96331426 0.26144273
vn -0.06265233 0.99586841 0.06573277
vn -0.18154279 0.17048095 0.96849288
vn -0.26679306 0.82110529 0.50458652
vn -0.37605168 0.59256770 0.71235430
vn -0.35873068 0.33686843 0.87053544
vn -0.29826107 0.91797435 0.26146400
vn -0.30835011 0.94899932 0.06573056
vn -0.21823005 0.11997269 0.96849481
vn -0.46262409 0.72896847 0.50456310
vn -0.51159688 0.48042608 0.71236186
vn -0.43122515 0.23707068 0.87054142
vn -0.51718603 0.81495327 0.26147616
vn -0.53466960 0.84249840 0.06576362
vn -0.24121847 0.06193394 0.96849256
vn -0.24903831 0.00000017 0.96849363
vn -0.49210090 0.00000057 0.87053817
vn -0.62936580 0.59100763 0.50458762
vn -0.61499361 0.33809424 0.71237289
vn -0.47663246 0.12237891 0.87054287
vn -0.70360727 0.66073491 0.26146930
vn -0.72739011 0.68306790 0.06574095
vn -0.75656818 0.41592985 0.50458592
vn -0.67976802 0.17453286 0.71235786
vn -0.70181696 0.00000034 0.71235733
vn -0.84582315 0.46499893 0.26145591
vn -0.87441019 0.48071134 0.06575274
vn -0.83624986 0.21471346 0.50456348
vn -0.86336815 -0.00000045 0.50457451
vn -0.93488283 0.24003905 0.26148679
vn -0.96648558 0.24815085 0.06577823
vn -0.96521099 0.00000188 0.26147228
vn -0.99783558 0.00000223 0.06575829
vn -0.24121789 -0.06193421 0.96849269
vn -0.47663846 -0.12237904 0.87053958
vn -0.21822596 -0.11997065 0.96849599
vn -0.67976927 -0.17453608 0.71235588
vn -0.43123058 -0.23706939 0.87053908
vn -0.18154267 -0.17048050 0.96849298
vn -0.83625027 -0.21471516 0.50456207
vn -0.61499820 -0.33809796 0.71236717
vn -0.35872106 -0.33686098 0.87054229
vn -0.93488168 -0.24004307 0.26148724
vn -0.96648438 -0.24815564 0.06577787
vn -0.13344070 -0.21027092 0.96849353
vn -0.75656152 -0.41592757 0.50459778
vn -0.51160102 -0.48042506 0.71235957
vn -0.26367879 -0.41549021 0.87054085
vn -0.84581997 -0.46499439 0.26147427
vn -0.87440988 -0.48071217 0.06575081
vn -0.07695654 -0.23684687 0.96849432
vn -0.62936330 -0.59100827 0.50458999
vn -0.37605048 -0.59256854 0.71235424
vn -0.15206017 -0.46799736 0.87054936
vn -0.70360575 -0.66072724 0.26149276
vn -0.72739351 -0.68306435 0.06574017
vn -0.01563640 -0.24854662 0.96849372
vn -0.46261360 -0.72895879 0.50458670
vn -0.21686894 -0.66745979 0.71236598
vn -0.03090047 -0.49112340 0.87054177
vn -0.51718957 -0.81495110 0.26147593
vn -0.53467147 -0.84249966 0.06573230
vn 0.04666676 -0.24463084 0.96849262
vn -0.26679902 -0.82112101 0.50455779
vn -0.04406652 -0.70042974 0.71235968
vn 0.09220935 -0.48338214 0.87053957
vn -0.29826784 -0.91798069 0.26143404
vn -0.30834984 -0.94899940 0.06573067
vn 0.10603692 -0.22533953 0.96849278
vn -0.05420927 -0.86167205 0.50456182
vn 0.13150889 -0.68938480 0.71235807
vn 0.20952270 -0.44525629 0.87054412
vn -0.06060212 -0.96330549 0.26147640
vn -0.06264909 -0.99586623 0.06576886
vn 0.15875040 -0.19189662 0.96849058
vn 0.16177706 -0.84807119 0.50458244
vn 0.29881667 -0.63502520 0.71235637
vn 0.31367790 -0.37917184 0.87053713
vn 0.18086113 -0.94811863 0.26145807
vn 0.18697511 -0.98016346 0.06572600
vn 0.20147513 -0.14638119 0.96849384
vn 0.36760507 -0.78120187 0.50456927
vn 0.44734237 -0.54074772 0.71237400
vn 0.39811871 -0.28925027 0.87053764
vn 0.41096652 -0.87334589 0.26148323
vn 0.42486191 -0.90286703 0.06575325
vn 0.23154227 -0.09167453 0.96849572
vn 0.55032445 -0.66522782 0.50459385
vn 0.56778262 -0.41251216 0.71235989
vn 0.45753147 -0.18115141 0.87054530
vn 0.61525075 -0.74371342 0.26145145
vn 0.63604128 -0.76885081 0.06572613
vn 0.24707388 -0.03121192 0.96849384
vn 0.69847608 -0.50747592 0.50457840
vn 0.65253165 -0.25835471 0.71235896
vn 0.48820676 -0.06167606 0.87054593
vn 0.78087269 -0.56734057 0.26146226
vn 0.80726770 -0.58651169 0.06574880
vn 0.24707165 0.03121346 0.96849436
vn 0.80274134 -0.31782783 0.50457093
vn 0.69627808 -0.08796134 0.71236201
vn 0.48820838 0.06167378 0.87054519
vn 0.89743666 -0.35531728 0.26145186
vn 0.92776526 -0.36732784 0.06574110
vn 0.23154263 0.09167333 0.96849575
vn 0.85655832 -0.10820857 0.50457780
vn 0.69627920 0.08796431 0.71236055
vn 0.45753309 0.18115032 0.87054468
vn 0.95760157 -0.12097492 0.26146570
vn 0.98996905 -0.12505925 0.06573791
vn 0.20146938 0.14637713 0.96849565
vn 0.85655886 0.10820931 0.50457672
vn 0.65253051 0.25835412 0.71236022
vn 0.39812081 0.28925017 0.87053671
vn 0.95760134 0.12097482 0.26146656
vn 0.98996887 0.12506060 0.06573798
vn 0.15874413 0.19189016 0.96849288
vn 0.80274116 0.31783056 0.50456948
vn 0.56777904 0.41251470 0.71236127
vn 0.31367294 0.37916133 0.87054349
vn 0.89743555 0.35531977 0.26145229
vn 0.92776542 0.36732752 0.06574051
vn 0.10603854 0.22534378 0.96849162
vn 0.69847253 0.50746573 0.50459355
vn 0.20952356 0.44525502 0.87054457
vn 0.78088004 0.56733976 0.26144207
vn 0.80726755 0.58651423 0.06572790
vn 0.36761050 0.78120292 0.50456368
vn 0.55033183 0.66523790 0.50457251
vn 0.44735401 0.54075670 0.71235987
vn 0.29881518 0.63501269 0.71236814
vn 0.13150848 0.68938283 0.71236004
vn 0.09220965 0.48338238 0.87053941
vn -0.03090168 0.49112400 0.87054139
vn 0.04666610 0.24463001 0.96849287
vn -0.01563795 0.24855134 0.96849248
vn 0.41096690 0.87335384 0.26145607
vn 0.42485965 0.90286798 0.06575485
vn 0.63604351 0.76884656 0.06575425
vn 0.61524860 0.74370644 0.26147636
vn -0.07695536 0.23684360 0.96849521
vn 0.16177620 0.84807243 0.50458063
vn -0.04406178 0.70041165 0.71237776
vn -0.15206726 0.46801331 0.87053954
vn 0.18085755 0.94810982 0.26149249
vn 0.18697572 0.98016103 0.06576047
vn -0.13344559 0.21027616 0.96849172
vn -0.05421598 0.86165625 0.50458809
vn -0.21687705 0.66747337 0.71235079
vn -0.26367414 0.41548811 0.87054327
vn -0.06060773 0.96331320 0.26144671
vn -0.06265233 0.99586841 0.06573277
vn -0.18154995 0.17048590 0.96849067
vn -0.26679360 0.82110529 0.50458624
vn -0.37604371 0.59255589 0.71236833
vn -0.35872734 0.33686720 0.87053730
vn -0.29826150 0.91797412 0.26146431
vn -0.30835011 0.94899932 0.06573056
vn -0.21823620 0.11997621 0.96849299
vn -0.46262409 0.72896847 0.50456310
vn -0.51158872 0.48041830 0.71237296
vn -0.43123696 0.23707434 0.87053457
vn -0.51718603 0.81495327 0.26147616
vn -0.53466960 0.84249840 0.06576362
vn -0.24121286 0.06193387 0.96849396
vn -0.24903811 -0.00000019 0.96849369
vn -0.49210090 0.00000057 0.87053817
vn -0.62936383 0.59100886 0.50458864
vn -0.61500900 0.33810074 0.71235653
vn -0.47663273 0.12238003 0.87054257
vn -0.70360727 0.66073491 0.26146930
vn -0.72739011 0.68306790 0.06574095
vn -0.75656866 0.41592673 0.50458776
vn -0.67976802 0.17453286 0.71235786
vn -0.70181696 0.00000034 0.71235733
vn -0.84581443 0.46499819 0.26148543
vn -0.87441019 0.48071134 0.06575274
vn -0.83625127 0.21471122 0.50456209
vn -0.86336815 -0.00000045 0.50457451
vn -0.93488302 0.24003663 0.26148834
vn -0.96648558 0.24815085 0.06577823
vn -0.96521099 0.00000188 0.26147228
vn -0.99783558 0.00000223 0.06575829
vn -0.24121331 -0.06193326 0.96849389
vn -0.47663846 -0.12237904 0.87053958
vn -0.21823226 -0.11997544 0.96849397
vn -0.67977063 -0.17453464 0.71235494
vn -0.43124051 -0.23707422 0.87053284
vn -0.18154306 -0.17048032 0.96849294
vn -0.83625025 -0.21471249 0.50456324
vn -0.61501349 -0.33810755 0.71234941
vn -0.35872106 -0.33686098 0.87054229
vn -0.93488168 -0.24004307 0.26148724
vn -0.96648438 -0.24815564 0.06577787
vn -0.13344070 -0.21027092 0.96849353
vn -0.75656068 -0.41592379 0.50460217
vn -0.51160060 -0.48042673 0.71235875
vn -0.26367879 -0.41549021 0.87054085
vn -0.84581277 -0.46499175 0.26150225
vn -0.87440988 -0.48071217 0.06575081
vn -0.07695649 -0.23684692 0.96849431
vn -0.62936134 -0.59100950 0.50459100
vn -0.37605048 -0.59256854 0.71235424
vn -0.15206017 -0.46799736 0.87054936
vn -0.70360575 -0.66072724 0.26149276
vn -0.72739351 -0.68306435 0.06574017
vn -0.01563739 -0.24854668 0.96849369
vn -0.46261360 -0.72895879 0.50458670
vn -0.21686894 -0.66745979 0.71236598
vn -0.03090047 -0.49112340 0.87054177
vn -0.51718957 -0.81495110 0.26147593
vn -0.53466896 -0.84250112 0.06573400
vn 0.04666381 -0.24462171 0.96849507
vn -0.26679955 -0.82112101 0.50455751
vn -0.04406491 -0.70043101 0.71235854
vn 0.09220657 -0.48336971 0.87054677
vn -0.29826245 -0.91797299 0.26146720
vn -0.30834798 -0.94899761 0.06576523
vn 0.10603662 -0.22533392 0.96849412
vn -0.05421530 -0.86167169 0.50456179
vn 0.13150889 -0.68938480 0.71235807
vn 0.20952191 -0.44525942 0.87054271
vn -0.06060153 -0.96330445 0.26148039
vn -0.06265486 -0.99586587 0.06576888
vn 0.15874984 -0.19189664 0.96849067
vn 0.16177688 -0.84807117 0.50458253
vn 0.29882103 -0.63503075 0.71234959
vn 0.31367785 -0.37917138 0.87053735
vn 0.18086098 -0.94811869 0.26145796
vn 0.18697511 -0.98016346 0.06572600
vn 0.20147513 -0.14638119 0.96849384
vn 0.36760507 -0.78120187 0.50456927
vn 0.44734394 -0.54074715 0.71237344
vn 0.39810679 -0.28924192 0.87054586
vn 0.41096652 -0.87334589 0.26148323
vn 0.42486191 -0.90286703 0.06575325
vn 0.23154227 -0.09167453 0.96849572
vn 0.55032445 -0.66522782 0.50459385
vn 0.56778290 -0.41251589 0.71235751
vn 0.45753147 -0.18115141 0.87054530
vn 0.61525075 -0.74371342 0.26145145
vn 0.63604128 -0.76885081 0.06572613
vn 0.24707388 -0.03121192 0.96849384
vn 0.69848809 -0.50748063 0.50455703
vn 0.65253010 -0.25835615 0.71235985
vn 0.48820676 -0.06167606 0.87054593
vn 0.78087269 -0.56734057 0.26146226
vn 0.80726770 -0.58651169 0.06574880
vn 0.24707165 0.03121346 0.96849436
vn 0.80274121 -0.31782990 0.50456983
vn 0.69627808 -0.08796134 0.71236201
vn 0.48820838 0.06167378 0.87054519
vn 0.89743666 -0.35531728 0.26145186
vn 0.92776499 -0.36732859 0.06574063
vn 0.23154263 0.09167333 0.96849575
vn 0.85655832 -0.10820857 0.50457780
vn 0.69627920 0.08796431 0.71236055
vn 0.45753189 0.18115112 0.87054514
vn 0.95760295 -0.12097279 0.26146160
vn 0.98996879 -0.12506379 0.06573311
vn 0.20146938 0.14637713 0.96849565
vn 0.85655886 0.10820931 0.50457672
vn 0.65253044 0.25835613 0.71235956
vn 0.39811007 0.28923998 0.87054501
vn 0.95760134 0.12097482 0.26146656
vn 0.98996887 0.12506060 0.06573798
vn 0.15874358 0.19189018 0.96849297
vn 0.80274116 0.31783056 0.50456948
vn 0.56777951 0.41251861 0.71235864
vn 0.31367257 0.37916204 0.87054332
vn 0.89743555 0.35531977 0.26145229
vn 0.92776542 0.36732752 0.06574051
vn 0.10603703 0.22533823 0.96849307
vn 0.69848234 0.50747330 0.50457237
vn 0.20952206 0.44525908 0.87054285
vn 0.78088004 0.56733976 0.26144207
vn 0.80726755 0.58651423 0.06572790
vn 0.36760782 0.78120327 0.50456510
vn 0.55033183 0.66523790 0.50457251
vn 0.44735401 0.54075670 0.71235987
vn 0.29881518 0.63501269 0.71236814
vn 0.13150476 0.68936502 0.71237797
vn 0.09220965 0.48338238 0.87053941
vn -0.03090168 0.49112400 0.87054139
vn 0.04666610 0.24463001 0.96849287
vn -0.01563795 0.24855134 0.96849248
vn 0.41096487 0.87335527 0.26145448
vn 0.42485965 0.90286798 0.06575485
vn 0.63604351 0.76884656 0.06575425
vn 0.61524860 0.74370644 0.26147636
vn -0.07695588 0.23684283 0.96849536
vn 0.16177726 0.84807197 0.50458106
vn -0.04406178 0.70041165 0.71237776
vn -0.15206860 0.46801341 0.87053925
vn 0.18085874 0.94811913 0.26145789
vn 0.18697572 0.98016103 0.06576047
vn -0.13343920 0.21026708 0.96849457
vn -0.05421322 0.86165555 0.50458958
vn -0.21687705 0.66747337 0.71235079
vn -0.26367953 0.41549096 0.87054027
vn -0.06060520 0.96331381 0.26144504
vn -0.06265233 0.99586841 0.06573277
vn -0.18154285 0.17048087 0.96849288
vn -0.26679360 0.82110529 0.50458624
vn -0.37605168 0.59256770 0.71235430
vn -0.35873068 0.33686843 0.87053544
vn -0.29826150 0.91797412 0.26146431
vn -0.30835011 0.94899932 0.06573056
vn -0.21823620 0.11997621 0.96849299
vn -0.46262409 0.72896847 0.50456310
vn -0.51159646 0.48042775 0.71236103
vn -0.43123603 0.23707488 0.87053489
vn -0.51718603 0.81495327 0.26147616
vn -0.53466960 0.84249840 0.06576362
vn -0.24121286 0.06193387 0.96849396
vn -0.24903811 -0.00000019 0.96849369
vn -0.49210090 0.00000057 0.87053817
vn -0.62936383 0.59100886 0.50458864
vn -0.61500890 0.33810186 0.71235608
vn -0.47663273 0.12238003 0.87054257
vn -0.70360727 0.66073491 0.26146930
vn -0.72739011 0.68306790 0.06574095
vn -0.75656866 0.41592673 0.50458776
vn -0.67976802 0.17453286 0.71235786
vn -0.70181696 0.00000034 0.71235733
vn -0.84581443 0.46499819 0.26148543
vn -0.87441019 0.48071134 0.06575274
vn -0.83625127 0.21471122 0.50456209
vn -0.86336815 -0.00000045 0.50457451
vn -0.93488302 0.24003663 0.26148834
vn -0.96648558 0.24815085 0.06577823
vn -0.96521099 0.00000188 0.26147228
vn -0.99783558 0.00000223 0.06575829
vn -0.24121331 -0.06193326 0.96849389
vn -0.47663846 -0.12237904 0.87053958
vn -0.21823226 -0.11997544 0.96849397
vn -0.67977063 -0.17453464 0.71235494
vn -0.43124051 -0.23707422 0.87053284
vn -0.18154306 -0.17048032 0.96849294
vn -0.83625025 -0.21471249 0.50456324
vn -0.61501349 -0.33810755 0.71234941
vn -0.35872106 -0.33686098 0.87054229
vn -0.93488168 -0.24004307 0.26148724
vn -0.96648438 -0.24815564 0.06577787
vn -0.13344070 -0.21027092 0.96849353
vn -0.75656068 -0.41592379 0.50460217
vn -0.51160060 -0.48042673 0.71235875
vn -0.26367879 -0.41549021 0.87054085
vn -0.84581277 -0.46499175 0.26150225
vn -0.87440988 -0.48071217 0.06575081
vn -0.07695649 -0.23684692 0.96849431
vn -0.62936134 -0.59100950 0.50459100
vn -0.37605048 -0.59256854 0.71235424
vn -0.15206017 -0.46799736 0.87054936
vn -0.70360575 -0.66072724 0.26149276
vn -0.72739351 -0.68306435 0.06574017
vn -0.01563691 -0.24854691 0.96849363
vn -0.46261360 -0.72895879 0.50458670
vn -0.21686894 -0.66745979 0.71236598
vn -0.03090047 -0.49112340 0.87054177
vn -0.51718957 -0.81495110 0.26147593
vn -0.53467147 -0.84249966 0.06573230
vn 0.04666644 -0.24462977 0.96849291
vn -0.26679955 -0.82112101 0.50455751
vn -0.04406491 -0.70043101 0.71235854
vn 0.09220980 -0.48338223 0.87053947
vn -0.29826827 -0.91798046 0.26143435
vn -0.30834984 -0.94899940 0.06573067
vn 0.10603534 -0.22533408 0.96849422
vn -0.05421530 -0.86167169 0.50456179
vn 0.13150889 -0.68938480 0.71235807
vn 0.20952120 -0.44526035 0.87054241
vn -0.06059905 -0.96330509 0.26147861
vn -0.06264909 -0.99586623 0.06576886
vn 0.15874984 -0.19189664 0.96849067
vn 0.16177688 -0.84807117 0.50458253
vn 0.29882103 -0.63503075 0.71234959
vn 0.31367785 -0.37917138 0.87053735
vn 0.18086098 -0.94811869 0.26145796
vn 0.18697511 -0.98016346 0.06572600
vn 0.20147513 -0.14638119 0.96849384
vn 0.36760507 -0.78120187 0.50456927
vn 0.44734394 -0.54074715 0.71237344
vn 0.39810679 -0.28924192 0.87054586
vn 0.41096652 -0.87334589 0.26148323
vn 0.42486191 -0.90286703 0.06575325
vn 0.23154227 -0.09167453 0.96849572
vn 0.55032445 -0.66522782 0.50459385
vn 0.56778290 -0.41251589 0.71235751
vn 0.45753147 -0.18115141 0.87054530
vn 0.61525075 -0.74371342 0.26145145
vn 0.63604128 -0.76885081 0.06572613
vn 0.24707388 -0.03121192 0.96849384
vn 0.69848809 -0.50748063 0.50455703
vn 0.65253010 -0.25835615 0.71235985
vn 0.48820676 -0.06167606 0.87054593
vn 0.78087269 -0.56734057 0.26146226
vn 0.80726770 -0.58651169 0.06574880
vn 0.24707165 0.03121346 0.96849436
vn 0.80274121 -0.31782990 0.50456983
vn 0.69627808 -0.08796134 0.71236201
vn 0.48820838 0.06167378 0.87054519
vn 0.89743666 -0.35531728 0.26145186
vn 0.92776526 -0.36732784 0.06574110
vn 0.23154263 0.09167333 0.96849575
vn 0.85655832 -0.10820857 0.50457780
vn 0.69627920 0.08796431 0.71236055
vn 0.45753189 0.18115112 0.87054514
vn 0.95760157 -0.12097492 0.26146570
vn 0.98996905 -0.12505925 0.06573791
vn 0.20146938 0.14637713 0.96849565
vn 0.85655886 0.10820931 0.50457672
vn 0.65253044 0.25835613 0.71235956
vn 0.39811007 0.28923998 0.87054501
vn 0.95760134 0.12097482 0.26146656
vn 0.98996887 0.12506060 0.06573798
vn 0.15874358 0.19189018 0.96849297
vn 0.80274116 0.31783056 0.50456948
vn 0.56777951 0.41251861 0.71235864
vn 0.31367257 0.37916204 0.87054332
vn 0.89743555 0.35531977 0.26145229
vn 0.92776542 0.36732752 0.06574051
vn 0.10603703 0.22533823 0.96849307
vn 0.69848234 0.50747330 0.50457237
vn 0.20952206 0.44525908 0.87054285
vn 0.78088004 0.56733976 0.26144207
vn 0.80726755 0.58651423 0.06572790
vn -0.57735027 -0.57735027 -0.57735027
vn 0.57735027 -0.57735027 -0.57735027
vn 0.80418645 -0.54913285 -0.22745828
vn 0.90453403 -0.30151134 -0.30151134
vn 0.90453403 -0.30151134 -0.30151134
vn 0.57735027 -0.57735027 -0.57735027
vn 0.80418645 -0.22745828 -0.54913285
vn 0.57735027 -0.57735027 -0.57735027
vn 0.80418645 0.54913285 -0.22745828
vn 0.57735027 0.57735027 -0.57735027
vn 0.90453403 0.30151134 -0.30151134
vn 0.80418645 0.22745828 -0.54913285
vn 0.90453403 0.30151134 -0.30151134
vn 0.57735027 0.57735027 -0.57735027
vn 0.57735027 0.57735027 -0.57735027
vn -0.90453403 -0.30151134 -0.30151134
vn -0.44994655 0.85101902 -0.27076694
vn -0.57735027 -0.57735027 -0.57735027
vn -0.90453403 -0.30151134 -0.30151134
vn -0.57735027 -0.57735027 -0.57735027
vn -0.62950641 0.50605418 -0.58960227
vn -0.03483929 0.69441082 -0.71873489
vn 0.03483929 0.69441082 -0.71873489
vn 0.45066910 0.85070516 -0.27055145
vn 0.90453403 -0.30151134 -0.30151134
vn 0.90453403 -0.30151134 -0.30151134
vn 0.57735027 -0.57735027 -0.57735027
vn 0.63091174 0.50384280 -0.58999391
vn 0.57735027 -0.57735027 -0.57735027
vn -0.90453403 -0.30151134 -0.30151134
vn -0.57735027 -0.57735027 -0.57735027
vn -0.80418645 -0.54913285 -0.22745828
vn -0.57735027 -0.57735027 -0.57735027
vn -0.90453403 -0.30151134 -0.30151134
vn -0.57735027 -0.57735027 -0.57735027
vn -0.80418645 -0.22745828 -0.54913285
vn -0.57735027 0.57735027 -0.57735027
vn -0.80418645 0.54913285 -0.22745828
vn -0.80418645 0.22745828 -0.54913285
vn -0.90453403 0.30151134 -0.30151134
vn -0.90453403 0.30151134 -0.30151134
vn -0.57735027 0.57735027 -0.57735027
vn -0.57735027 0.57735027 -0.57735027
vn 0.57735027 -0.57735027 -0.57735027
vn 0.80418645 -0.54913285 -0.22745828
vn 0.90453403 -0.30151134 -0.30151134
vn 0.90453403 -0.30151134 -0.30151134
vn 0.57735027 -0.57735027 -0.57735027
vn 0.80418645 -0.22745828 -0.54913285
vn 0.57735027 -0.57735027 -0.57735027
vn 0.80418645 0.54913285 -0.22745828
vn 0.57735027 0.57735027 -0.57735027
vn 0.90453403 0.30151134 -0.30151134
vn 0.80418645 0.22745828 -0.54913285
vn 0.90453403 0.30151134 -0.30151134
vn 0.57735027 0.57735027 -0.57735027
vn 0.57735027 0.57735027 -0.57735027
vn -0.55722744 -0.13133977 -0.81990697
vn -0.18574248 0.13133977 -0.97378108
vn -0.57735027 0.57735027 -0.57735027
vn -0.57735027 -0.57735027 -0.57735027
vn -0.80418645 -0.54913285 -0.22745828
vn -0.97378108 0.13133977 -0.18574248
vn -0.57888564 -0.57888564 -0.57426721
vn 0.57735027 -0.57735027 -0.57735027
vn 0.80418645 -0.54913285 -0.22745828
vn 0.15563112 0.15563112 -0.97547830
vn 0.57735027 0.57735027 -0.57735027
vn -0.54913285 0.80418645 -0.22745828
vn -0.57735027 0.57735027 -0.57735027
vn -0.57735027 -0.57735027 -0.57735027
vn -0.54913285 -0.80418645 -0.22745828
vn 0.13133977 -0.97378108 -0.18574248
vn 0.57735027 -0.57735027 -0.57735027
vn 0.57735027 0.57735027 -0.57735027
vn -0.54913285 0.80418645 -0.22745828
vn -0.57735027 0.57735027 -0.57735027
vn 0.13133977 0.97378108 -0.18574248
vn -0.57888564 0.57888564 -0.57426721
vn -0.57735027 -0.57735027 -0.57735027
vn -0.54913285 -0.80418645 -0.22745828
vn 0.57735027 -0.57735027 -0.57735027
vn 0.15563112 -0.15563112 -0.97547830
vn 0.80418645 0.54913285 -0.22745828
vn 0.57735027 0.57735027 -0.57735027
vn -0.57735027 0.57735027 -0.57735027
vn -0.80418645 0.54913285 -0.22745828
vn -0.97378108 -0.13133977 -0.18574248
vn -0.57735027 -0.57735027 -0.57735027
vn -0.18574248 -0.13133977 -0.97378108
vn -0.55722744 0.13133977 -0.81990697
vn 0.90453403 0.30151134 -0.30151134
vn 0.45067340 -0.85070278 -0.27055177
vn 0.90453403 0.30151134 -0.30151134
vn 0.63091401 -0.50383922 -0.58999454
vn 0.57735027 0.57735027 -0.57735027
vn 0.57735027 0.57735027 -0.57735027
vn -0.44995097 -0.85101659 -0.27076722
vn -0.03483925 -0.69441002 -0.71873566
vn 0.03483925 -0.69441002 -0.71873566
vn -0.90453403 0.30151134 -0.30151134
vn -0.90453403 0.30151134 -0.30151134
vn -0.62950892 -0.50605025 -0.58960297
vn -0.57735027 0.57735027 -0.57735027
vn -0.57735027 0.57735027 -0.57735027
vn -0.57735027 0.57735027 -0.57735027
vn -0.80418645 -0.54913285 -0.22745828
vn -0.90453403 -0.30151134 -0.30151134
vn -0.57735027 -0.57735027 -0.57735027
vn -0.90453403 -0.30151134 -0.30151134
vn -0.57735027 -0.57735027 -0.57735027
vn -0.80418645 -0.22745828 -0.54913285
vn -0.80418645 0.54913285 -0.22745828
vn -0.80418645 0.22745828 -0.54913285
vn -0.90453403 0.30151134 -0.30151134
vn -0.90453403 0.30151134 -0.30151134
vn -0.57735027 0.57735027 -0.57735027
vn -0.57735027 0.57735027 -0.57735027
vn 0.57735027 -0.57735027 -0.57735027
vn 0.18574248 -0.13133977 -0.97378108
vn 0.55722744 0.13133977 -0.81990697
vn 0.80418645 0.54913285 -0.22745828
vn 0.57735027 0.57735027 -0.57735027
vn 0.97378108 -0.13133977 -0.18574248
vn 0.57888564 0.57888564 -0.57426721
vn -0.57735027 0.57735027 -0.57735027
vn -0.80418645 0.54913285 -0.22745828
vn -0.57735027 -0.57735027 -0.57735027
vn -0.15563112 -0.15563112 -0.97547830
vn 0.57735027 -0.57735027 -0.57735027
vn 0.54913285 -0.80418645 -0.22745828
vn 0.57735027 0.57735027 -0.57735027
vn 0.54913285 0.80418645 -0.22745828
vn -0.13133977 0.97378108 -0.18574248
vn -0.57735027 0.57735027 -0.57735027
vn -0.57735027 -0.57735027 -0.57735027
vn 0.57735027 -0.57735027 -0.57735027
vn 0.54913285 -0.80418645 -0.22745828
vn -0.13133977 -0.97378108 -0.18574248
vn 0.57888564 -0.57888564 -0.57426721
vn 0.57735027 0.57735027 -0.57735027
vn 0.54913285 0.80418645 -0.22745828
vn -0.15563112 0.15563112 -0.97547830
vn -0.57735027 0.57735027 -0.57735027
vn -0.57735027 -0.57735027 -0.57735027
vn -0.80418645 -0.54913285 -0.22745828
vn 0.57735027 -0.57735027 -0.57735027
vn 0.80418645 -0.54913285 -0.22745828
vn 0.97378108 0.13133977 -0.18574248
vn 0.57735027 0.57735027 -0.57735027
vn 0.18574248 0.13133977 -0.97378108
vn 0.55722744 -0.13133977 -0.81990697
vn -0.22659009 0.69736535 0.67995477
vn -0.04603965 0.73180770 0.67995429
vn -0.39289724 0.61910564 0.67995585
vn -0.53451883 0.50194741 0.67995472
vn -0.71021677 -0.18235475 0.67995506
vn -0.73325438 0.00000054 0.67995442
vn -0.64255562 0.35324693 0.67995506
vn -0.64255449 -0.35324812 0.67995551
vn -0.71021649 0.18235360 0.67995566
vn -0.53452046 -0.50194440 0.67995565
vn -0.39289776 -0.61910754 0.67995382
vn -0.22658607 -0.69736559 0.67995587
vn -0.04604387 -0.73180631 0.67995550
vn 0.13739889 -0.72026687 0.67995381
vn 0.31220422 -0.66346650 0.67995641
vn 0.46739250 -0.56498336 0.67995445
vn 0.59321446 -0.43099582 0.67995530
vn 0.68176199 -0.26992925 0.67995499
vn 0.72747184 -0.09190115 0.67995508
vn 0.72747184 0.09190115 0.67995508
vn 0.68176225 0.26992713 0.67995558
vn 0.59321501 0.43099730 0.67995388
vn 0.46739194 0.56498160 0.67995630
vn 0.31220466 0.66346853 0.67995424
vn 0.13739868 0.72026467 0.67995618
vn -0.22659009 0.69736535 0.67995477
vn -0.04603965 0.73180770 0.67995429
vn -0.39289724 0.61910564 0.67995585
vn -0.53451883 0.50194741 0.67995472
vn -0.71021677 -0.18235475 0.67995506
vn -0.73325438 0.00000054 0.67995442
vn -0.64255562 0.35324693 0.67995506
vn -0.64255449 -0.35324812 0.67995551
vn -0.71021649 0.18235360 0.67995566
vn -0.53452046 -0.50194440 0.67995565
vn -0.39289776 -0.61910754 0.67995382
vn -0.22658607 -0.69736559 0.67995587
vn -0.04604387 -0.73180631 0.67995550
vn 0.13739889 -0.72026687 0.67995381
vn 0.31220422 -0.66346650 0.67995641
vn 0.46739250 -0.56498336 0.67995445
vn 0.59321446 -0.43099582 0.67995530
vn 0.68176199 -0.26992925 0.67995499
vn 0.72747184 -0.09190115 0.67995508
vn 0.72747184 0.09190115 0.67995508
vn 0.68176225 0.26992713 0.67995558
vn 0.59321501 0.43099730 0.67995388
vn 0.46739194 0.56498160 0.67995630
vn 0.31220466 0.66346853 0.67995424
vn 0.13739868 0.72026467 0.67995618
vn -0.22659009 0.69736535 0.67995477
vn -0.04603965 0.73180770 0.67995429
vn -0.39289724 0.61910564 0.67995585
vn -0.53451883 0.50194741 0.67995472
vn -0.71021677 -0.18235475 0.67995506
vn -0.73325438 0.00000054 0.67995442
vn -0.64255562 0.35324693 0.67995506
vn -0.64255449 -0.35324812 0.67995551
vn -0.71021649 0.18235360 0.67995566
vn -0.53452046 -0.50194440 0.67995565
vn -0.39289776 -0.61910754 0.67995382
vn -0.22658607 -0.69736559 0.67995587
vn -0.04604387 -0.73180631 0.67995550
vn 0.13739889 -0.72026687 0.67995381
vn 0.31220422 -0.66346650 0.67995641
vn 0.46739250 -0.56498336 0.67995445
vn 0.59321446 -0.43099582 0.67995530
vn 0.68176199 -0.26992925 0.67995499
vn 0.72747184 -0.09190115 0.67995508
vn 0.72747184 0.09190115 0.67995508
vn 0.68176225 0.26992713 0.67995558
vn 0.59321501 0.43099730 0.67995388
vn 0.46739194 0.56498160 0.67995630
vn 0.31220466 0.66346853 0.67995424
vn 0.13739868 0.72026467 0.67995618
vn -0.22659009 0.69736535 0.67995477
vn -0.04603965 0.73180770 0.67995429
vn -0.39289724 0.61910564 0.67995585
vn -0.53451883 0.50194741 0.67995472
vn -0.71021677 -0.18235475 0.67995506
vn -0.73325438 0.00000054 0.67995442
vn -0.64255562 0.35324693 0.67995506
vn -0.64255449 -0.35324812 0.67995551
vn -0.71021649 0.18235360 0.67995566
vn -0.53452046 -0.50194440 0.67995565
vn -0.39290050 -0.61910460 0.67995492
vn -0.22658641 -0.69736771 0.67995358
vn -0.04603958 -0.73180547 0.67995669
vn 0.13739889 -0.72026687 0.67995381
vn 0.31220422 -0.66346650 0.67995641
vn 0.46739250 -0.56498336 0.67995445
vn 0.59321446 -0.43099582 0.67995530
vn 0.68176264 -0.26992836 0.67995469
vn 0.72747169 -0.09190005 0.67995538
vn 0.72747184 0.09190115 0.67995508
vn 0.68176225 0.26992713 0.67995558
vn 0.59321501 0.43099730 0.67995388
vn 0.46739194 0.56498160 0.67995630
vn 0.31220466 0.66346853 0.67995424
vn 0.13739868 0.72026467 0.67995618
vn -0.22659009 0.69736535 0.67995477
vn -0.04603965 0.73180770 0.67995429
vn -0.39289724 0.61910564 0.67995585
vn -0.53451883 0.50194741 0.67995472
vn -0.71021677 -0.18235475 0.67995506
vn -0.73325438 0.00000054 0.67995442
vn -0.64255562 0.35324693 0.67995506
vn -0.64255449 -0.35324812 0.67995551
vn -0.71021649 0.18235360 0.67995566
vn -0.53452046 -0.50194440 0.67995565
vn -0.39290050 -0.61910460 0.67995492
vn -0.22658641 -0.69736771 0.67995358
vn -0.04603958 -0.73180547 0.67995669
vn 0.13739889 -0.72026687 0.67995381
vn 0.31220422 -0.66346650 0.67995641
vn 0.46739250 -0.56498336 0.67995445
vn 0.59321446 -0.43099582 0.67995530
vn 0.68176264 -0.26992836 0.67995469
vn 0.72747169 -0.09190005 0.67995538
vn 0.72747184 0.09190115 0.67995508
vn 0.68176225 0.26992713 0.67995558
vn 0.59321501 0.43099730 0.67995388
vn 0.46739194 0.56498160 0.67995630
vn 0.31220466 0.66346853 0.67995424
vn 0.13739868 0.72026467 0.67995618
vn -0.22659009 0.69736535 0.67995477
vn -0.04603965 0.73180770 0.67995429
vn -0.39289724 0.61910564 0.67995585
vn -0.53451883 0.50194741 0.67995472
vn -0.71021677 -0.18235475 0.67995506
vn -0.73325438 0.00000054 0.67995442
vn -0.64255562 0.35324693 0.67995506
vn -0.64255449 -0.35324812 0.67995551
vn -0.71021649 0.18235360 0.67995566
vn -0.53452046 -0.50194440 0.67995565
vn -0.39290050 -0.61910460 0.67995492
vn -0.22658641 -0.69736771 0.67995358
vn -0.04603958 -0.73180547 0.67995669
vn 0.13739889 -0.72026687 0.67995381
vn 0.31220422 -0.66346650 0.67995641
vn 0.46739250 -0.56498336 0.67995445
vn 0.59321446 -0.43099582 0.67995530
vn 0.68176264 -0.26992836 0.67995469
vn 0.72747169 -0.09190005 0.67995538
vn 0.72747184 0.09190115 0.67995508
vn 0.68176225 0.26992713 0.67995558
vn 0.59321501 0.43099730 0.67995388
vn 0.46739194 0.56498160 0.67995630
vn 0.31220466 0.66346853 0.67995424
vn 0.13739868 0.72026467 0.67995618
vn -0.22659009 0.69736535 0.67995477
vn -0.04603965 0.73180770 0.67995429
vn -0.39289724 0.61910564 0.67995585
vn -0.53451883 0.50194741 0.67995472
vn -0.71021677 -0.18235475 0.67995506
vn -0.73325438 0.00000054 0.67995442
vn -0.64255562 0.35324693 0.67995506
vn -0.64255449 -0.35324812 0.67995551
vn -0.71021649 0.18235360 0.67995566
vn -0.53452046 -0.50194440 0.67995565
vn -0.39289776 -0.61910754 0.67995382
vn -0.22658607 -0.69736559 0.67995587
vn -0.04604387 -0.73180631 0.67995550
vn 0.13739889 -0.72026687 0.67995381
vn 0.31220422 -0.66346650 0.67995641
vn 0.46739250 -0.56498336 0.67995445
vn 0.59321446 -0.43099582 0.67995530
vn 0.68176199 -0.26992925 0.67995499
vn 0.72747184 -0.09190115 0.67995508
vn 0.72747184 0.09190115 0.67995508
vn 0.68176225 0.26992713 0.67995558
vn 0.59321501 0.43099730 0.67995388
vn 0.46739194 0.56498160 0.67995630
vn 0.31220466 0.66346853 0.67995424
vn 0.13739868 0.72026467 0.67995618
vn -0.22659009 0.69736535 0.67995477
vn -0.04603965 0.73180770 0.67995429
vn -0.39289724 0.61910564 0.67995585
vn -0.53451883 0.50194741 0.67995472
vn -0.71021677 -0.18235475 0.67995506
vn -0.73325438 0.00000054 0.67995442
vn -0.64255562 0.35324693 0.67995506
vn -0.64255449 -0.35324812 0.67995551
vn -0.71021649 0.18235360 0.67995566
vn -0.53452046 -0.50194440 0.67995565
vn -0.39290050 -0.61910460 0.67995492
vn -0.22658641 -0.69736771 0.67995358
vn -0.04603958 -0.73180547 0.67995669
vn 0.13739889 -0.72026687 0.67995381
vn 0.31220422 -0.66346650 0.67995641
vn 0.46739250 -0.56498336 0.67995445
vn 0.59321446 -0.43099582 0.67995530
vn 0.68176264 -0.26992836 0.67995469
vn 0.72747169 -0.09190005 0.67995538
vn 0.72747184 0.09190115 0.67995508
vn 0.68176225 0.26992713 0.67995558
vn 0.59321501 0.43099730 0.67995388
vn 0.46739194 0.56498160 0.67995630
vn 0.31220466 0.66346853 0.67995424
vn 0.13739868 0.72026467 0.67995618
vn -0.19183579 -0.66498952 -0.72179497
vn -0.27596174 -0.63483378 -0.72168635
vn -0.35531524 -0.59405347 -0.72170046
vn -0.42875670 -0.54340495 -0.72171930
vn -0.49507166 -0.48373485 -0.72173724
vn -0.55315678 -0.41602714 -0.72176104
vn -0.60205259 -0.34141589 -0.72178104
vn -0.64093805 -0.26113787 -0.72180705
vn -0.66917609 -0.17652273 -0.72183314
vn -0.68629610 -0.08898788 -0.72185790
vn -0.19183487 0.66498695 -0.72179757
vn -0.27596583 0.63483350 -0.72168503
vn -0.66917611 0.17652276 -0.72183312
vn -0.68629612 0.08898785 -0.72185788
vn -0.64093931 0.26113646 -0.72180645
vn -0.60205122 0.34141557 -0.72178233
vn -0.55315832 0.41602795 -0.72175939
vn -0.49506995 0.48373362 -0.72173924
vn -0.42875514 0.54340764 -0.72171820
vn -0.35531519 0.59405361 -0.72170037
vn -0.69202396 -0.00000000 -0.72187453
vn 0.71497053 -0.09023429 -0.69330723
vn 0.72070281 0.00000000 -0.69324416
vn 0.69056682 0.00000000 -0.72326859
vn 0.68369614 -0.09758115 -0.72321332
vn 0.69791248 -0.17912957 -0.69341962
vn 0.66311291 -0.19331959 -0.72312433
vn 0.66988544 -0.26519063 -0.69348932
vn 0.62915588 -0.28518190 -0.72307272
vn 0.63132188 -0.34706435 -0.69352651
vn 0.58250818 -0.37130637 -0.72306002
vn 0.58283737 -0.42347453 -0.69351995
vn 0.52412504 -0.44994255 -0.72307997
vn 0.52517932 -0.49322973 -0.69347755
vn 0.45517990 -0.51949410 -0.72314393
vn 0.45924990 -0.55524278 -0.69339382
vn 0.37707407 -0.57856431 -0.72324165
vn 0.38607605 -0.60853430 -0.69327577
vn 0.29157275 -0.62599241 -0.72326954
vn 0.30690497 -0.65209338 -0.69324135
vn 0.22194789 -0.68631105 -0.69261553
vn 0.19996638 -0.66091572 -0.72332832
vn 0.13662510 -0.70801752 -0.69285264
vn 0.04490962 -0.71876395 -0.69380222
vn -0.04490962 -0.71876395 -0.69380222
vn -0.13662510 -0.70801752 -0.69285264
vn -0.22181042 -0.68625810 -0.69271203
vn -0.30678759 -0.65193188 -0.69344516
vn -0.38608616 -0.60835338 -0.69342890
vn -0.45930396 -0.55518130 -0.69340724
vn -0.52528034 -0.49324755 -0.69338836
vn -0.58297684 -0.42353651 -0.69336486
vn -0.63148329 -0.34714086 -0.69334124
vn -0.67003421 -0.26526880 -0.69331567
vn -0.69802453 -0.17920624 -0.69328701
vn -0.71500960 -0.09030668 -0.69325751
vn -0.72070281 0.00000000 -0.69324416
vn -0.71500947 0.09030585 -0.69325775
vn -0.69802502 0.17920696 -0.69328633
vn -0.67003359 0.26526796 -0.69331659
vn -0.63148465 0.34713949 -0.69334069
vn -0.58297586 0.42353933 -0.69336396
vn -0.52527798 0.49324887 -0.69338921
vn -0.45930588 0.55517831 -0.69340836
vn -0.38608703 0.60835545 -0.69342661
vn -0.30678695 0.65192979 -0.69344742
vn -0.22181430 0.68625843 -0.69271047
vn -0.13662523 0.70801826 -0.69285185
vn -0.04490967 0.71876471 -0.69380142
vn 0.19996257 0.66091554 -0.72332954
vn 0.04490967 0.71876471 -0.69380142
vn 0.13662523 0.70801826 -0.69285185
vn 0.22195158 0.68631131 -0.69261410
vn 0.29157275 0.62599241 -0.72326955
vn 0.30690413 0.65209104 -0.69324391
vn 0.38607698 0.60853608 -0.69327368
vn 0.37707597 0.57856180 -0.72324266
vn 0.45925196 0.55523974 -0.69339488
vn 0.45518144 0.51949527 -0.72314211
vn 0.52517677 0.49323121 -0.69347843
vn 0.52412340 0.44994182 -0.72308162
vn 0.58283648 0.42347714 -0.69351910
vn 0.58250967 0.37130678 -0.72305861
vn 0.63132321 0.34706310 -0.69352592
vn 0.62915473 0.28518183 -0.72307375
vn 0.66988479 0.26518975 -0.69349028
vn 0.66311369 0.19331855 -0.72312390
vn 0.69791297 0.17913027 -0.69341894
vn 0.68369617 0.09758112 -0.72321330
vn 0.71497040 0.09023345 -0.69330747
vn -0.29710858 0.63026247 -0.71728356
vn -0.22745828 0.80418645 -0.54913285
vn -0.57735027 0.57735027 -0.57735027
vn -0.57735027 -0.57735027 -0.57735027
vn 0.69239793 0.00000000 -0.72151584
vn 0.68693688 0.08677932 -0.72151720
vn 0.68693651 -0.08678006 -0.72151746
vn 0.04347571 0.69103088 -0.72151659
vn 0.44135320 0.53349842 -0.72151701
vn 0.50473692 0.47397960 -0.72151505
vn -0.04347571 0.69103088 -0.72151659
vn -0.12974146 0.68013306 -0.72151658
vn 0.12974146 0.68013306 -0.72151658
vn 0.44134984 -0.53349966 -0.72151815
vn 0.50473806 -0.47397702 -0.72151595
vn 0.56016149 -0.40697959 -0.72151696
vn -0.56016149 -0.40697959 -0.72151696
vn -0.50473806 -0.47397702 -0.72151595
vn 0.37100443 -0.58461161 -0.72151575
vn 0.60675230 -0.33356817 -0.72151502
vn 0.37100287 0.58460967 -0.72151812
vn 0.29480730 -0.62649915 -0.72151748
vn -0.60675296 -0.33356422 -0.72151629
vn 0.64377186 -0.25488960 -0.72151859
vn 0.21396053 -0.65850971 -0.72151635
vn 0.29480863 0.62650146 -0.72151493
vn 0.67064526 -0.17219171 -0.72151573
vn -0.64377432 -0.25489079 -0.72151598
vn 0.12974146 -0.68013306 -0.72151658
vn 0.21396380 0.65850721 -0.72151766
vn -0.67064292 -0.17219521 -0.72151707
vn 0.04347571 -0.69103088 -0.72151659
vn -0.68693651 -0.08678006 -0.72151746
vn -0.67064209 0.17219552 -0.72151777
vn -0.68693688 0.08677932 -0.72151720
vn -0.64377551 0.25489073 -0.72151494
vn 0.56015917 0.40698120 -0.72151785
vn -0.60675327 0.33356236 -0.72151689
vn 0.60675261 0.33356631 -0.72151562
vn -0.56015917 0.40698120 -0.72151785
vn 0.64377304 0.25488955 -0.72151756
vn -0.50473692 0.47397960 -0.72151505
vn 0.67064443 0.17219202 -0.72151643
vn -0.44135320 0.53349842 -0.72151701
vn -0.37100287 0.58460967 -0.72151812
vn -0.29480863 0.62650146 -0.72151493
vn -0.21396380 0.65850721 -0.72151766
vn -0.12974146 -0.68013306 -0.72151658
vn -0.04347571 -0.69103088 -0.72151659
vn -0.21396053 -0.65850971 -0.72151635
vn -0.29480730 -0.62649915 -0.72151748
vn -0.37100443 -0.58461161 -0.72151575
vn -0.44134984 -0.53349966 -0.72151815
vn -0.69239793 -0.00000000 -0.72151584
vn -0.22745828 -0.80418645 -0.54913285
vn -0.29710858 -0.63026247 -0.71728356
vn 0.80418645 -0.22745828 -0.54913285
vn 0.80418645 0.22745828 -0.54913285
vn -0.80418645 -0.22745828 -0.54913285
vn -0.80418645 0.22745828 -0.54913285
vn 0.29710858 0.63026247 -0.71728356
vn 0.22745828 0.80418645 -0.54913285
vn 0.57735027 0.57735027 -0.57735027
vn 0.29480863 0.62650146 -0.72151493
vn 0.37100287 0.58460967 -0.72151812
vn -0.64377432 -0.25489079 -0.72151598
vn -0.60675296 -0.33356422 -0.72151629
vn 0.21396380 0.65850721 -0.72151766
vn 0.44134984 -0.53349966 -0.72151815
vn 0.50473806 -0.47397702 -0.72151595
vn -0.67064292 -0.17219521 -0.72151707
vn 0.56016042 -0.40698318 -0.72151577
vn 0.12974146 0.68013306 -0.72151658
vn 0.37100443 -0.58461161 -0.72151575
vn -0.68693651 -0.08678006 -0.72151746
vn 0.60675017 -0.33356671 -0.72151748
vn 0.29480730 -0.62649915 -0.72151748
vn 0.64377449 -0.25488658 -0.72151732
vn 0.21396053 -0.65850971 -0.72151635
vn 0.67064526 -0.17219171 -0.72151573
vn 0.12974146 -0.68013306 -0.72151658
vn 0.68693651 -0.08678006 -0.72151746
vn 0.04347571 -0.69103088 -0.72151659
vn 0.57735027 -0.57735027 -0.57735027
vn -0.67064209 0.17219552 -0.72151777
vn -0.68693688 0.08677932 -0.72151720
vn -0.64377551 0.25489073 -0.72151494
vn -0.60675327 0.33356236 -0.72151689
vn -0.56015917 0.40698120 -0.72151785
vn -0.50473692 0.47397960 -0.72151505
vn -0.44135320 0.53349842 -0.72151701
vn -0.37100287 0.58460967 -0.72151812
vn -0.29480863 0.62650146 -0.72151493
vn -0.21396380 0.65850721 -0.72151766
vn -0.12974146 0.68013306 -0.72151658
vn -0.04347571 -0.69103088 -0.72151659
vn -0.69239793 -0.00000000 -0.72151584
vn 0.69239793 0.00000000 -0.72151584
vn 0.68693688 0.08677932 -0.72151720
vn 0.04347571 0.69103088 -0.72151659
vn -0.04347571 0.69103088 -0.72151659
vn 0.56015809 0.40698478 -0.72151667
vn 0.50473692 0.47397960 -0.72151505
vn 0.60675048 0.33356485 -0.72151808
vn 0.64377567 0.25488652 -0.72151628
vn 0.67064443 0.17219202 -0.72151643
vn -0.12974146 -0.68013306 -0.72151658
vn -0.21396053 -0.65850971 -0.72151635
vn -0.29480730 -0.62649915 -0.72151748
vn -0.37100443 -0.58461161 -0.72151575
vn -0.44134984 -0.53349966 -0.72151815
vn -0.50473806 -0.47397702 -0.72151595
vn 0.44135320 0.53349842 -0.72151701
vn -0.56016149 -0.40697959 -0.72151696
vn 0.22745828 -0.80418645 -0.54913285
vn 0.29710858 -0.63026247 -0.71728356
vn -0.80418645 0.22745828 -0.54913285
vn 0.80418645 0.22745828 -0.54913285
vn -0.80418645 -0.22745828 -0.54913285
vn 0.80418645 -0.22745828 -0.54913285
vn -0.41996168 -0.01158618 -0.90746787
vn -0.03119499 -0.39139782 -0.91969268
vn -0.36439036 -0.64457383 -0.67211922
vn -0.67637740 -0.31042880 -0.66794279
vn -0.08456554 0.50925400 -0.85645142
vn -0.21529854 -0.70881178 -0.67173835
vn -0.71970663 -0.18471424 -0.66925557
vn 0.39437258 0.69922543 -0.59628355
vn 0.43126013 0.52128875 -0.73639170
vn 0.54733738 0.39765217 -0.73640651
vn 0.52777457 -0.11826616 -0.84111065
vn 0.73012029 0.32843077 -0.59921415
vn 0.28783055 0.61212547 -0.73651611
vn 0.62901956 0.24903579 -0.73642078
vn 0.77446512 0.19989739 -0.60020398
vn 0.28114725 -0.30403488 -0.91023020
vn -0.30506426 0.28810726 -0.90770590
vn 0.23613489 0.76684774 -0.59681225
vn 0.12896018 0.66542738 -0.73523851
vn 0.30010190 0.42075215 -0.85609957
vn 0.42804405 0.29828381 -0.85311492
vn 0.67117442 0.08477920 -0.73643560
vn -0.25967569 -0.29996071 -0.91792816
vn -0.04268964 0.67802734 -0.73379597
vn 0.67117439 -0.08477923 -0.73643562
vn -0.29996402 -0.25968826 -0.91792352
vn -0.45127829 0.29144066 -0.84345139
vn 0.29144066 -0.45127829 -0.84345139
vn -0.69797578 0.25341356 -0.66978458
vn -0.21078228 0.64482819 -0.73468867
vn -0.28273817 0.75038811 -0.59747537
vn 0.25155383 -0.69866774 -0.66976418
vn 0.62901869 -0.24903668 -0.73642122
vn 0.75155066 -0.27902109 -0.59776152
vn 0.38271851 -0.63618660 -0.66992025
vn 0.68723050 -0.41158857 -0.59858924
vn -0.41101194 0.68864254 -0.59736140
vn -0.36304170 0.57193707 -0.73558732
vn -0.63744890 0.38095048 -0.66972803
vn 0.54733869 -0.39765239 -0.73640541
vn 0.08054478 0.50672814 -0.85833509
vn -0.00887986 0.42347060 -0.90586632
vn -0.49379310 0.46359191 -0.73569757
vn 0.42347060 -0.00887986 -0.90586632
vn 0.50671641 0.08053709 -0.85834274
vn 0.43125888 -0.52128800 -0.73639297
vn 0.03119361 -0.39140006 -0.91969177
vn -0.52777457 -0.11826616 -0.84111065
vn -0.39139664 0.03120350 -0.91969289
vn -0.11827109 -0.52778764 -0.84110175
vn -0.59349885 0.32639829 -0.73567879
vn 0.28782902 -0.61212708 -0.73651537
vn 0.32455238 -0.73165025 -0.59946115
vn -0.31136464 0.67493883 -0.66896161
vn 0.67637548 -0.31042982 -0.66794426
vn -0.73135883 0.32455517 -0.59981515
vn -0.65616048 0.16852733 -0.73556235
vn -0.77470487 0.20058270 -0.59966570
vn 0.20257814 -0.77442621 -0.59935477
vn 0.12896018 -0.66542738 -0.73523851
vn 0.71970577 -0.18471154 -0.66925724
vn -0.18633839 0.72057600 -0.66786842
vn -0.30010190 0.42075215 -0.85609957
vn 0.42075215 -0.30010190 -0.85609957
vn -0.67749996 0.00000030 -0.73552281
vn -0.04268964 -0.67802734 -0.73379597
vn 0.28811021 0.30506466 -0.90770483
vn 0.30506466 0.28811021 -0.90770483
vn -0.65616038 -0.16852703 -0.73556250
vn -0.29144066 -0.45127829 -0.84345139
vn -0.44420009 -0.29372871 -0.84640991
vn -0.21078219 -0.64482834 -0.73468856
vn -0.24421216 -0.75942025 -0.60302678
vn -0.26659974 0.30143560 -0.91545680
vn 0.29996402 -0.25968826 -0.91792352
vn -0.75020884 -0.28023406 -0.59887860
vn -0.59349762 -0.32639923 -0.73567936
vn -0.36304182 -0.57193723 -0.73558714
vn -0.35212766 -0.72099340 -0.59680368
vn -0.49379266 -0.46359330 -0.73569699
vn -0.68620508 -0.41511645 -0.59732816
vn 0.11406492 -0.52574375 -0.84296068
vn -0.50671641 0.08053709 -0.85834274
vn 0.22363582 0.71060267 -0.66710634
vn 0.69797670 0.25341376 -0.66978354
vn 0.32910420 0.66805604 -0.66737662
vn 0.63744901 0.38095153 -0.66972732
vn 0.00887986 0.42347060 -0.90586632
vn 0.39516664 0.02884188 -0.91815656
vn 0.71502131 -0.09032799 -0.69324265
vn 0.72070281 0.00000000 -0.69324416
vn 0.69806069 -0.17923076 -0.69324426
vn 0.67009399 -0.26531137 -0.69324161
vn 0.63155461 -0.34720349 -0.69324492
vn 0.58306239 -0.42361801 -0.69324312
vn 0.52537167 -0.49335312 -0.69324405
vn 0.45939490 -0.55531237 -0.69324202
vn 0.38617081 -0.60851009 -0.69324424
vn 0.30686025 -0.65211305 -0.69324264
vn 0.22270744 -0.68543023 -0.69324368
vn 0.13504549 -0.70793799 -0.69324347
vn 0.04525307 -0.71928135 -0.69324346
vn -0.04525307 -0.71928135 -0.69324346
vn -0.13504549 -0.70793799 -0.69324347
vn -0.22270744 -0.68543023 -0.69324368
vn -0.30686025 -0.65211305 -0.69324264
vn -0.38617081 -0.60851009 -0.69324424
vn -0.45939490 -0.55531237 -0.69324202
vn -0.52537167 -0.49335312 -0.69324405
vn -0.58306239 -0.42361801 -0.69324312
vn -0.63155750 -0.34720059 -0.69324374
vn -0.67009175 -0.26531070 -0.69324403
vn -0.69806082 -0.17923506 -0.69324302
vn -0.71502131 -0.09032799 -0.69324265
vn -0.72070281 0.00000000 -0.69324416
vn -0.71502118 0.09032715 -0.69324290
vn -0.69806129 0.17923573 -0.69324237
vn -0.67009108 0.26530988 -0.69324498
vn -0.63155886 0.34719922 -0.69324318
vn -0.58306141 0.42362072 -0.69324229
vn -0.52536919 0.49335459 -0.69324488
vn -0.45939697 0.55530935 -0.69324307
vn -0.38617170 0.60851203 -0.69324204
vn -0.30685949 0.65211090 -0.69324499
vn -0.22271165 0.68543009 -0.69324247
vn -0.13504549 0.70793799 -0.69324347
vn -0.04525307 0.71928135 -0.69324346
vn 0.04525307 0.71928135 -0.69324346
vn 0.13504549 0.70793799 -0.69324347
vn 0.22271165 0.68543009 -0.69324247
vn 0.30685949 0.65211090 -0.69324499
vn 0.38617170 0.60851203 -0.69324204
vn 0.45939697 0.55530935 -0.69324307
vn 0.52536919 0.49335459 -0.69324488
vn 0.58306141 0.42362072 -0.69324229
vn 0.63155597 0.34720212 -0.69324436
vn 0.67009332 0.26531055 -0.69324256
vn 0.69806117 0.17923143 -0.69324361
vn 0.71502118 0.09032715 -0.69324290
vn 0.71502131 -0.09032799 -0.69324265
vn 0.72070281 0.00000000 -0.69324416
vn 0.69806069 -0.17923076 -0.69324426
vn 0.67009438 -0.26530729 -0.69324279
vn 0.63155666 -0.34720431 -0.69324263
vn 0.58305938 -0.42362036 -0.69324422
vn 0.52537167 -0.49335312 -0.69324405
vn 0.45939490 -0.55531237 -0.69324202
vn 0.38617081 -0.60851009 -0.69324424
vn 0.30686025 -0.65211305 -0.69324264
vn 0.22270744 -0.68543023 -0.69324368
vn 0.13504549 -0.70793799 -0.69324347
vn 0.04525307 -0.71928135 -0.69324346
vn -0.04525307 -0.71928135 -0.69324346
vn -0.13504549 -0.70793799 -0.69324347
vn -0.22270744 -0.68543023 -0.69324368
vn -0.30686025 -0.65211305 -0.69324264
vn -0.38617081 -0.60851009 -0.69324424
vn -0.45939490 -0.55531237 -0.69324202
vn -0.52537167 -0.49335312 -0.69324405
vn -0.58306239 -0.42361801 -0.69324312
vn -0.63155750 -0.34720059 -0.69324374
vn -0.67009175 -0.26531070 -0.69324403
vn -0.69806082 -0.17923506 -0.69324302
vn -0.71502131 -0.09032799 -0.69324265
vn -0.72070281 0.00000000 -0.69324416
vn -0.71502118 0.09032715 -0.69324290
vn -0.69806129 0.17923573 -0.69324237
vn -0.67009108 0.26530988 -0.69324498
vn -0.63155886 0.34719922 -0.69324318
vn -0.58306141 0.42362072 -0.69324229
vn -0.52536919 0.49335459 -0.69324488
vn -0.45939697 0.55530935 -0.69324307
vn -0.38617170 0.60851203 -0.69324204
vn -0.30685949 0.65211090 -0.69324499
vn -0.22271165 0.68543009 -0.69324247
vn -0.13504549 0.70793799 -0.69324347
vn -0.04525307 0.71928135 -0.69324346
vn 0.04525307 0.71928135 -0.69324346
vn 0.13504549 0.70793799 -0.69324347
vn 0.22271165 0.68543009 -0.69324247
vn 0.30685949 0.65211090 -0.69324499
vn 0.38617170 0.60851203 -0.69324204
vn 0.45939697 0.55530935 -0.69324307
vn 0.52536919 0.49335459 -0.69324488
vn 0.58305840 0.42362307 -0.69324339
vn 0.63155802 0.34720295 -0.69324208
vn 0.67009371 0.26530648 -0.69324374
vn 0.69806117 0.17923143 -0.69324361
vn 0.71502118 0.09032715 -0.69324290
vn 0.65471036 0.03456167 0.75508929
vn 0.65344253 0.00426297 0.75696413
vn 0.77162413 0.00000077 -0.63607877
vn 0.76568853 0.09704613 -0.63584834
vn 0.65179794 0.06728718 0.75540180
vn 0.87542788 -0.08845183 0.47518660
vn 0.74850316 0.19229787 -0.63463733
vn 0.71840917 0.28684936 -0.63372368
vn 0.67903027 0.37056938 -0.63371621
vn 0.62509560 0.45441848 -0.63463323
vn 0.49414852 0.74616785 0.44615107
vn 0.56305311 0.52806056 -0.63570688
vn 0.45411458 0.47590661 0.75318846
vn 0.49183911 0.59475193 -0.63589655
vn 0.41573898 0.51004052 0.75300715
vn 0.67688460 0.56300838 0.47418225
vn 0.41178037 0.65544570 -0.63310968
vn 0.33134025 0.69987979 -0.63275739
vn 0.23795666 0.73664439 -0.63303371
vn -0.10105520 0.87796113 0.46794454
vn 0.14774208 0.75949874 -0.63350922
vn 0.04877008 0.77028301 -0.63583455
vn 0.05204262 0.65605661 0.75291519
vn 0.00010011 0.65777230 0.75321683
vn -0.04924779 0.77049850 -0.63553655
vn 0.16266314 0.87760040 0.45095260
vn -0.14408240 0.75908662 -0.63484467
vn -0.23961727 0.73457616 -0.63480818
vn -0.33194170 0.69931652 -0.63306486
vn -0.67230117 0.56679576 0.47618662
vn -0.41178273 0.65544483 -0.63310903
vn -0.49183753 0.59475087 -0.63589877
vn -0.41573968 0.51004129 0.75300625
vn -0.45411450 0.47590741 0.75318800
vn -0.56305163 0.52806298 -0.63570618
vn -0.49414852 0.74616785 0.44615107
vn -0.62509803 0.45441620 -0.63463246
vn -0.67902839 0.37056789 -0.63371910
vn -0.71841099 0.28685028 -0.63372121
vn -0.74850059 0.19229740 -0.63464052
vn -0.87621392 -0.09205322 0.47304902
vn -0.76574232 0.09701897 -0.63578771
vn -0.65588988 0.05081646 0.75314418
vn -0.77175880 0.00000317 -0.63591536
vn -0.65797247 0.00011291 0.75304197
vn -0.87888308 0.16085104 0.44910074
vn -0.76776284 -0.10115269 -0.63269926
vn -0.75075572 -0.18989973 -0.63269578
vn -0.71893713 -0.28343057 -0.63466252
vn -0.67679389 -0.37258200 -0.63492731
vn -0.56491855 -0.67247294 0.47817066
vn -0.62484869 -0.45329583 -0.63567838
vn -0.50953295 -0.41602036 0.75319534
vn -0.56248396 -0.52844799 -0.63588876
vn -0.47560623 -0.45475056 0.75299445
vn -0.74223652 -0.49995228 0.44624282
vn -0.49074368 -0.59852838 -0.63319382
vn -0.41769508 -0.65178276 -0.63301663
vn -0.32752518 -0.70087639 -0.63363991
vn -0.24034291 -0.73503093 -0.63400695
vn -0.14485560 -0.75978090 -0.63383739
vn 0.15249024 -0.87800696 0.45370750
vn -0.04925219 -0.77049924 -0.63553533
vn 0.00010011 -0.65777230 0.75321683
vn 0.04877491 -0.77028394 -0.63583305
vn 0.05204953 -0.65605852 0.75291305
vn -0.09152047 -0.87734257 0.47105628
vn 0.14774604 -0.75949703 -0.63351035
vn 0.23651604 -0.73672531 -0.63347927
vn 0.32917107 -0.69915914 -0.63468331
vn 0.41722640 -0.65188189 -0.63322360
vn 0.74634050 -0.49559284 0.44425622
vn 0.49074521 -0.59853002 -0.63319108
vn 0.56248539 -0.52844575 -0.63588936
vn 0.47560623 -0.45475056 0.75299445
vn 0.50953295 -0.41602036 0.75319534
vn 0.62484587 -0.45329829 -0.63567939
vn 0.56491506 -0.67247606 0.47817040
vn 0.67679529 -0.37258323 -0.63492509
vn 0.71893485 -0.28342942 -0.63466562
vn 0.75075757 -0.18990035 -0.63269339
vn 0.87819218 0.15419264 0.45277270
vn 0.76774052 -0.10117909 -0.63272212
vn 0.65245996 -0.03451767 0.75703668
vn 0.65208925 -0.01730828 0.75794461
vn 0.85989925 0.25143849 0.44424315
vn -0.40687573 0.64458165 -0.64727631
vn -0.34587174 0.80868788 0.47581156
vn -0.55689344 0.52262516 -0.64554832
vn 0.80689889 -0.34832849 0.47705497
vn -0.76400287 0.00039704 -0.64521272
vn -0.61374581 -0.00448613 0.78949095
vn -0.60921286 -0.03707158 0.79213975
vn 0.61774882 -0.44817790 -0.64616017
vn 0.70907628 -0.27979267 -0.64724562
vn -0.44095859 0.41894554 0.79375069
vn -0.73934533 -0.19037856 -0.64585175
vn -0.60351823 -0.07151901 0.79413524
vn 0.75700250 -0.09735116 -0.64611916
vn 0.79155590 -0.41456529 0.44897091
vn -0.47539101 0.37424187 0.79620752
vn -0.79344340 -0.41357813 0.44654305
vn -0.66891954 0.36734009 -0.64622589
vn -0.85760110 0.25769354 0.44510042
vn 0.60536207 -0.05177626 0.79426443
vn 0.75753787 0.09618591 -0.64566605
vn 0.60539247 -0.00011763 0.79592710
vn -0.66682279 -0.36892758 -0.64748730
vn 0.81414330 0.34144585 0.46966522
vn -0.73884968 0.19016305 -0.64648214
vn -0.80958870 -0.34261402 0.47663590
vn -0.55769373 -0.52014510 -0.64685917
vn -0.81230003 0.34996707 0.46657444
vn 0.70848129 0.28213668 -0.64687955
vn -0.61297318 0.03643062 0.78926338
vn -0.41615042 -0.44143433 0.79495570
vn -0.61490776 0.01825186 0.78838779
vn -0.37783544 -0.47290869 0.79598854
vn -0.40214119 -0.64528229 -0.64953309
vn 0.61849487 0.44694884 -0.64629779
vn -0.25254392 -0.85691600 0.44935124
vn -0.24030916 -0.72274557 -0.64798946
vn 0.47430928 0.37932281 0.79444629
vn 0.43928694 0.41654348 0.79593876
vn 0.48523165 0.58874008 -0.64647921
vn 0.34032407 0.81215234 0.47390727
vn -0.40163780 -0.79671810 0.45158315
vn -0.04783923 -0.76249221 -0.64522635
vn -0.05416164 -0.60555432 0.79395874
vn 0.32524865 0.68983214 -0.64679589
vn 0.00219849 -0.60637614 0.79517491
vn 0.14330534 0.74955628 -0.64624218
vn 0.34011432 -0.81361407 0.47154469
vn 0.14417178 -0.74930044 -0.64634615
vn 0.35097170 0.81043332 0.46905937
vn -0.04783930 0.76249093 -0.64522785
vn 0.32365552 -0.69082226 -0.64653825
vn 0.00219301 0.60637412 0.79517647
vn -0.05416187 0.60556102 0.79395362
vn 0.25497039 -0.85914958 0.44368017
vn 0.48707896 -0.58850959 -0.64529880
vn -0.41170676 0.79317598 0.44874203
vn -0.23760947 0.72452328 -0.64699903
vn 0.37793249 -0.47636193 0.79388056
vn 0.41908990 -0.43772515 0.79546235
vn 0.68141410 -0.27099571 -0.67987951
vn 0.46538805 -0.56668793 -0.67991084
vn 0.59215406 -0.43254503 -0.67989585
vn -0.71507676 0.09977051 -0.69188950
vn -0.72206241 0.00000000 -0.69182793
vn 0.30911286 -0.66498721 -0.67988326
vn -0.48757003 -0.66746678 -0.56281752
vn 0.06039425 -0.97538814 -0.21206250
vn -0.69438084 0.19817107 -0.69178283
vn -0.66052992 0.29172100 -0.69180855
vn 0.03583050 -0.93043353 -0.36470484
vn -0.61344513 0.38119916 -0.69164462
vn -0.55556880 0.46148168 -0.69164873
vn -0.22830640 -0.68505306 -0.69179368
vn 0.50531130 -0.65205189 -0.56523342
vn -0.02865918 -0.97719603 -0.21039623
vn -0.03571808 -0.93025842 -0.36516227
vn -0.48553902 0.53451225 -0.69177201
vn -0.40760051 0.59610474 -0.69175210
vn -0.32064468 0.64691227 -0.69187535
vn -0.32064476 -0.64691245 -0.69187515
vn -0.22831017 0.68505031 -0.69179516
vn -0.40760061 -0.59610490 -0.69175190
vn -0.02866149 0.97719587 -0.21039663
vn -0.48554210 -0.53451088 -0.69177091
vn 0.50530739 0.65205540 -0.56523287
vn -0.55557007 -0.46147864 -0.69164974
vn -0.03571808 0.93025842 -0.36516227
vn 0.03583050 0.93043353 -0.36470484
vn -0.61344504 -0.38119908 -0.69164474
vn -0.66052884 -0.29172220 -0.69180908
vn 0.30911514 0.66498679 -0.67988263
vn -0.48757003 0.66746678 -0.56281752
vn 0.06039425 0.97538814 -0.21206250
vn -0.69438137 -0.19817190 -0.69178205
vn -0.71507661 -0.09976950 -0.69188979
vn 0.46538941 0.56668605 -0.67991148
vn 0.59215397 0.43254505 -0.67989591
vn 0.68141367 0.27099618 -0.67987975
vn 0.72750888 0.09227429 -0.67986490
vn 0.72750879 -0.09227361 -0.67986509
vn -0.41996168 -0.01158618 -0.90746787
vn -0.03119499 -0.39139782 -0.91969268
vn -0.36439036 -0.64457383 -0.67211922
vn -0.67637692 -0.31043173 -0.66794191
vn -0.08456554 0.50925400 -0.85645142
vn -0.21529853 -0.70881170 -0.67173843
vn -0.71970408 -0.18471305 -0.66925864
vn 0.39437258 0.69922543 -0.59628355
vn 0.43122240 0.52125850 -0.73643521
vn 0.54730600 0.39764141 -0.73643564
vn 0.52777457 -0.11826616 -0.84111065
vn 0.73012029 0.32843077 -0.59921415
vn 0.28804368 0.61212231 -0.73643541
vn 0.62900115 0.24903914 -0.73643537
vn 0.77446512 0.19989739 -0.60020398
vn 0.28114725 -0.30403488 -0.91023020
vn -0.30506466 0.28811021 -0.90770483
vn 0.23613489 0.76684774 -0.59681225
vn 0.12676597 0.66452489 -0.73643538
vn 0.30010190 0.42075215 -0.85609957
vn 0.42804405 0.29828381 -0.85311492
vn 0.67117330 0.08478900 -0.73643549
vn -0.25967569 -0.29996071 -0.91792816
vn -0.04247879 0.67517215 -0.73643610
vn 0.67117330 -0.08478900 -0.73643549
vn -0.29996130 -0.25967832 -0.91792722
vn -0.45127829 0.29144066 -0.84345139
vn 0.29144066 -0.45127829 -0.84345139
vn -0.69797594 0.25341127 -0.66978528
vn -0.20905366 0.64339725 -0.73643502
vn -0.28273817 0.75038811 -0.59747537
vn 0.25155383 -0.69866774 -0.66976418
vn 0.62900029 -0.24904007 -0.73643580
vn 0.75155066 -0.27902109 -0.59776152
vn 0.38271851 -0.63618660 -0.66992025
vn 0.68723050 -0.41158857 -0.59858924
vn -0.41101194 0.68864254 -0.59736140
vn -0.36249045 0.57119517 -0.73643516
vn -0.63744890 0.38095048 -0.66972803
vn 0.54730719 -0.39764166 -0.73643462
vn 0.08054478 0.50672814 -0.85833509
vn -0.00887986 0.42347060 -0.90586632
vn -0.49315246 0.46310112 -0.73643602
vn 0.42347060 -0.00887986 -0.90586632
vn 0.50671641 0.08053709 -0.85834274
vn 0.43122117 -0.52125762 -0.73643655
vn 0.03119361 -0.39140006 -0.91969177
vn -0.52777457 -0.11826616 -0.84111065
vn -0.39139664 0.03120350 -0.91969289
vn -0.11827109 -0.52778764 -0.84110175
vn -0.59282894 0.32590954 -0.73643521
vn 0.28804215 -0.61212392 -0.73643467
vn 0.32455238 -0.73165025 -0.59946115
vn -0.31136428 0.67493879 -0.66896182
vn 0.67637548 -0.31042982 -0.66794426
vn -0.73135883 0.32455517 -0.59981515
vn -0.65525406 0.16824005 -0.73643561
vn -0.77470487 0.20058270 -0.59966570
vn 0.20257814 -0.77442621 -0.59935477
vn 0.12676597 -0.66452489 -0.73643538
vn 0.71970577 -0.18471154 -0.66925724
vn -0.18633864 0.72057572 -0.66786866
vn -0.30010190 0.42075215 -0.85609957
vn 0.42075215 -0.30010190 -0.85609957
vn -0.67650832 0.00000031 -0.73643499
vn -0.04247879 -0.67517215 -0.73643610
vn 0.28811021 0.30506466 -0.90770483
vn 0.30506466 0.28811021 -0.90770483
vn -0.65525402 -0.16823973 -0.73643572
vn -0.29144066 -0.45127829 -0.84345139
vn -0.44420009 -0.29372871 -0.84640991
vn -0.20905366 -0.64339725 -0.73643502
vn -0.24421216 -0.75942025 -0.60302678
vn -0.26659974 0.30143560 -0.91545680
vn 0.29996402 -0.25968826 -0.91792352
vn -0.75020884 -0.28023406 -0.59887860
vn -0.59282775 -0.32591053 -0.73643573
vn -0.36249045 -0.57119517 -0.73643516
vn -0.35212766 -0.72099340 -0.59680368
vn -0.49315188 -0.46310255 -0.73643550
vn -0.68620508 -0.41511645 -0.59732816
vn 0.11406492 -0.52574375 -0.84296068
vn -0.50671641 0.08053709 -0.85834274
vn 0.22363582 0.71060267 -0.66710634
vn 0.69797670 0.25341376 -0.66978354
vn 0.32910420 0.66805604 -0.66737662
vn 0.63744901 0.38095153 -0.66972732
vn 0.00887986 0.42347060 -0.90586632
vn 0.39516664 0.02884188 -0.91815656
vn -0.41996168 -0.01158618 -0.90746787
vn -0.03119499 -0.39139782 -0.91969268
vn -0.36439036 -0.64457383 -0.67211922
vn -0.67637740 -0.31042880 -0.66794279
vn -0.08456554 0.50925400 -0.85645142
vn -0.21529853 -0.70881170 -0.67173843
vn -0.71970663 -0.18471424 -0.66925557
vn 0.39437258 0.69922543 -0.59628355
vn 0.43122374 0.52125805 -0.73643474
vn 0.54730600 0.39764141 -0.73643564
vn 0.52777457 -0.11826616 -0.84111065
vn 0.73012029 0.32843077 -0.59921415
vn 0.28804384 0.61212135 -0.73643615
vn 0.62900115 0.24903914 -0.73643537
vn 0.77446512 0.19989739 -0.60020398
vn 0.28114725 -0.30403488 -0.91023020
vn -0.30506426 0.28810726 -0.90770590
vn 0.23613489 0.76684774 -0.59681225
vn 0.12676528 0.66452532 -0.73643511
vn 0.30010190 0.42075215 -0.85609957
vn 0.42804405 0.29828381 -0.85311492
vn 0.67117330 0.08478900 -0.73643549
vn -0.25967569 -0.29996071 -0.91792816
vn -0.04247879 0.67517215 -0.73643610
vn 0.67117330 -0.08478900 -0.73643549
vn -0.29996402 -0.25968826 -0.91792352
vn -0.45127829 0.29144066 -0.84345139
vn 0.29144066 -0.45127829 -0.84345139
vn -0.69797578 0.25341356 -0.66978458
vn -0.20905366 0.64339725 -0.73643502
vn -0.28273817 0.75038811 -0.59747537
vn 0.25155383 -0.69866774 -0.66976418
vn 0.62900029 -0.24904007 -0.73643580
vn 0.75155066 -0.27902109 -0.59776152
vn 0.38271851 -0.63618660 -0.66992025
vn 0.68723050 -0.41158857 -0.59858924
vn -0.41101194 0.68864254 -0.59736140
vn -0.36249045 0.57119517 -0.73643516
vn -0.63744823 0.38095074 -0.66972851
vn 0.54730719 -0.39764166 -0.73643462
vn 0.08054478 0.50672814 -0.85833509
vn -0.00887986 0.42347060 -0.90586632
vn -0.49315246 0.46310112 -0.73643602
vn 0.42347060 -0.00887986 -0.90586632
vn 0.50671641 0.08053709 -0.85834274
vn 0.43122251 -0.52125718 -0.73643608
vn 0.03119361 -0.39140006 -0.91969177
vn -0.52777330 -0.11826352 -0.84111181
vn -0.11827109 -0.52778764 -0.84110175
vn -0.39139664 0.03120350 -0.91969289
vn -0.59282894 0.32590954 -0.73643521
vn 0.28804231 -0.61212296 -0.73643541
vn 0.32455238 -0.73165025 -0.59946115
vn -0.31136428 0.67493879 -0.66896182
vn 0.67637548 -0.31042982 -0.66794426
vn -0.73136045 0.32455528 -0.59981311
vn -0.65525406 0.16824005 -0.73643561
vn -0.77470504 0.20057875 -0.59966680
vn 0.20257814 -0.77442621 -0.59935477
vn 0.12676528 -0.66452532 -0.73643511
vn 0.71970577 -0.18471154 -0.66925724
vn -0.18633864 0.72057572 -0.66786866
vn -0.30010190 0.42075215 -0.85609957
vn 0.42075215 -0.30010190 -0.85609957
vn -0.67650832 0.00000031 -0.73643499
vn -0.04247879 -0.67517215 -0.73643610
vn 0.28811021 0.30506466 -0.90770483
vn 0.30506466 0.28811021 -0.90770483
vn -0.65525402 -0.16823973 -0.73643572
vn -0.29144066 -0.45127829 -0.84345139
vn -0.44420009 -0.29372871 -0.84640991
vn -0.20905366 -0.64339725 -0.73643502
vn -0.24421216 -0.75942025 -0.60302678
vn -0.26659974 0.30143560 -0.91545680
vn 0.29996402 -0.25968826 -0.91792352
vn -0.75020869 -0.28023309 -0.59887924
vn -0.59282775 -0.32591053 -0.73643573
vn -0.36249045 -0.57119517 -0.73643516
vn -0.35212766 -0.72099340 -0.59680368
vn -0.49315188 -0.46310255 -0.73643550
vn -0.68620414 -0.41511630 -0.59732934
vn 0.11406492 -0.52574375 -0.84296068
vn -0.50671641 0.08053709 -0.85834274
vn 0.22363582 0.71060267 -0.66710634
vn 0.69797670 0.25341376 -0.66978354
vn 0.32910420 0.66805604 -0.66737662
vn 0.63744901 0.38095153 -0.66972732
vn 0.00887986 0.42347060 -0.90586632
vn 0.39516664 0.02884188 -0.91815656
vn 0.80418645 -0.22745828 -0.54913285
vn 0.80418645 0.22745828 -0.54913285
vn -0.80418645 -0.22745828 -0.54913285
vn -0.80418645 0.22745828 -0.54913285
vn 0.65471036 0.03456167 0.75508929
vn 0.65344253 0.00426297 0.75696413
vn 0.77162413 0.00000077 -0.63607877
vn 0.76568853 0.09704613 -0.63584834
vn 0.65179794 0.06728718 0.75540180
vn 0.87542788 -0.08845183 0.47518660
vn 0.74850316 0.19229787 -0.63463733
vn 0.71840917 0.28684936 -0.63372368
vn 0.67903027 0.37056938 -0.63371621
vn 0.62509560 0.45441848 -0.63463323
vn 0.49414852 0.74616785 0.44615107
vn 0.56305311 0.52806056 -0.63570688
vn 0.45411458 0.47590661 0.75318846
vn 0.49183911 0.59475193 -0.63589655
vn 0.41573898 0.51004052 0.75300715
vn 0.67688460 0.56300838 0.47418225
vn 0.41178037 0.65544570 -0.63310968
vn 0.33134025 0.69987979 -0.63275739
vn 0.23795666 0.73664439 -0.63303371
vn -0.10105520 0.87796113 0.46794454
vn 0.14774208 0.75949874 -0.63350922
vn 0.04877008 0.77028301 -0.63583455
vn 0.05204262 0.65605661 0.75291519
vn 0.00010011 0.65777230 0.75321683
vn -0.04924779 0.77049850 -0.63553655
vn 0.16266314 0.87760040 0.45095260
vn -0.14408342 0.75908664 -0.63484443
vn -0.23961657 0.73457551 -0.63480920
vn -0.33194039 0.69931757 -0.63306439
vn -0.67230117 0.56679576 0.47618662
vn -0.41178273 0.65544483 -0.63310903
vn -0.49183994 0.59474957 -0.63589813
vn -0.41573968 0.51004129 0.75300625
vn -0.45411539 0.47590739 0.75318747
vn -0.56304950 0.52806184 -0.63570901
vn -0.49414835 0.74616855 0.44615010
vn -0.62509677 0.45441881 -0.63463184
vn -0.67902839 0.37056789 -0.63371910
vn -0.71841099 0.28685028 -0.63372121
vn -0.74850148 0.19229657 -0.63463971
vn -0.87621582 -0.09205668 0.47304482
vn -0.76574288 0.09702009 -0.63578686
vn -0.65589121 0.05082254 0.75314261
vn -0.77175880 0.00000317 -0.63591536
vn -0.65797247 0.00011291 0.75304197
vn -0.87888306 0.16085496 0.44909938
vn -0.76776284 -0.10115269 -0.63269926
vn -0.75075518 -0.18989872 -0.63269671
vn -0.71893632 -0.28343121 -0.63466315
vn -0.67679389 -0.37258200 -0.63492731
vn -0.56491855 -0.67247294 0.47817066
vn -0.62484738 -0.45329873 -0.63567760
vn -0.50953299 -0.41602128 0.75319482
vn -0.56248208 -0.52844693 -0.63589130
vn -0.47560712 -0.45475135 0.75299341
vn -0.74223713 -0.49995206 0.44624207
vn -0.49074629 -0.59852704 -0.63319307
vn -0.41769508 -0.65178276 -0.63301663
vn -0.32752410 -0.70087713 -0.63363965
vn -0.24034188 -0.73503015 -0.63400825
vn -0.14485655 -0.75978089 -0.63383718
vn 0.15249024 -0.87800696 0.45370750
vn -0.04925219 -0.77049924 -0.63553533
vn 0.00010011 -0.65777230 0.75321683
vn 0.04877491 -0.77028394 -0.63583305
vn 0.05204953 -0.65605852 0.75291305
vn -0.09152047 -0.87734257 0.47105628
vn 0.14774604 -0.75949703 -0.63351035
vn 0.23651604 -0.73672531 -0.63347927
vn 0.32917107 -0.69915914 -0.63468331
vn 0.41722640 -0.65188189 -0.63322360
vn 0.74634050 -0.49559284 0.44425622
vn 0.49074521 -0.59853002 -0.63319108
vn 0.56248539 -0.52844575 -0.63588936
vn 0.47560623 -0.45475056 0.75299445
vn 0.50953295 -0.41602036 0.75319534
vn 0.62484587 -0.45329829 -0.63567939
vn 0.56491506 -0.67247606 0.47817040
vn 0.67679529 -0.37258323 -0.63492509
vn 0.71893485 -0.28342942 -0.63466562
vn 0.75075757 -0.18990035 -0.63269339
vn 0.87819218 0.15419264 0.45277270
vn 0.76774052 -0.10117909 -0.63272212
vn 0.65245996 -0.03451767 0.75703668
vn 0.65208925 -0.01730828 0.75794461
vn 0.85989925 0.25143849 0.44424315
vn -0.40687573 0.64458165 -0.64727631
vn -0.34587174 0.80868788 0.47581156
vn -0.55689344 0.52262516 -0.64554832
vn 0.80689889 -0.34832849 0.47705497
vn -0.76400287 0.00039704 -0.64521272
vn -0.61374581 -0.00448613 0.78949095
vn -0.60921286 -0.03707158 0.79213975
vn 0.61774882 -0.44817790 -0.64616017
vn 0.70907628 -0.27979267 -0.64724562
vn -0.44095859 0.41894554 0.79375069
vn -0.73934533 -0.19037856 -0.64585175
vn -0.60351823 -0.07151901 0.79413524
vn 0.75700250 -0.09735116 -0.64611916
vn 0.79155590 -0.41456529 0.44897091
vn -0.47539101 0.37424187 0.79620752
vn -0.79344340 -0.41357813 0.44654305
vn -0.66891954 0.36734009 -0.64622589
vn -0.85760110 0.25769354 0.44510042
vn 0.60536207 -0.05177626 0.79426443
vn 0.75753787 0.09618591 -0.64566605
vn 0.60539247 -0.00011763 0.79592710
vn -0.66682279 -0.36892758 -0.64748730
vn 0.81414330 0.34144585 0.46966522
vn -0.73884968 0.19016305 -0.64648214
vn -0.80958870 -0.34261402 0.47663590
vn -0.55769373 -0.52014510 -0.64685917
vn -0.81230003 0.34996707 0.46657444
vn 0.70848129 0.28213668 -0.64687955
vn -0.61297318 0.03643062 0.78926338
vn -0.41615042 -0.44143433 0.79495570
vn -0.61490776 0.01825186 0.78838779
vn -0.37783544 -0.47290869 0.79598854
vn -0.40214119 -0.64528229 -0.64953309
vn 0.61849487 0.44694884 -0.64629779
vn -0.25254392 -0.85691600 0.44935124
vn -0.24030916 -0.72274557 -0.64798946
vn 0.47430928 0.37932281 0.79444629
vn 0.43928694 0.41654348 0.79593876
vn 0.48523165 0.58874008 -0.64647921
vn 0.34032407 0.81215234 0.47390727
vn -0.40163780 -0.79671810 0.45158315
vn -0.04783923 -0.76249221 -0.64522635
vn -0.05416164 -0.60555432 0.79395874
vn 0.32524865 0.68983214 -0.64679589
vn 0.00219849 -0.60637614 0.79517491
vn 0.14330534 0.74955628 -0.64624218
vn 0.34011432 -0.81361407 0.47154469
vn 0.14417178 -0.74930044 -0.64634615
vn 0.35097170 0.81043332 0.46905937
vn -0.04783930 0.76249093 -0.64522785
vn 0.32365552 -0.69082226 -0.64653825
vn 0.00219301 0.60637412 0.79517647
vn -0.05416187 0.60556102 0.79395362
vn 0.25497039 -0.85914958 0.44368017
vn 0.48707896 -0.58850959 -0.64529880
vn -0.41170676 0.79317598 0.44874203
vn -0.23760947 0.72452328 -0.64699903
vn 0.37793249 -0.47636193 0.79388056
vn 0.41908990 -0.43772515 0.79546235
vn -0.22658896 -0.69736504 -0.67995547
vn -0.39289609 -0.61910693 -0.67995535
vn -0.71021751 0.18235222 -0.67995497
vn -0.73325338 0.00000033 -0.67995550
vn -0.53451787 -0.50194798 -0.67995506
vn -0.64255502 -0.35324839 -0.67995486
vn -0.64255542 0.35324682 -0.67995530
vn -0.53451923 0.50194712 -0.67995462
vn -0.39289609 0.61910693 -0.67995535
vn -0.71021768 -0.18235192 -0.67995487
vn -0.22658896 0.69736504 -0.67995547
vn -0.04604202 0.73180732 -0.67995455
vn 0.13739915 0.72026554 -0.67995516
vn 0.31220494 0.66346747 -0.67995514
vn 0.46739333 0.56498164 -0.67995531
vn 0.59321470 0.43099606 -0.67995494
vn 0.68176205 0.26992865 -0.67995517
vn 0.72747184 0.09190117 -0.67995507
vn 0.72747184 -0.09190117 -0.67995507
vn 0.68176189 -0.26992997 -0.67995481
vn 0.59321436 -0.43099515 -0.67995582
vn 0.46739368 -0.56498273 -0.67995416
vn 0.31220266 -0.66346789 -0.67995577
vn 0.13739915 -0.72026554 -0.67995516
vn -0.04604202 -0.73180732 -0.67995455
vn 0.65471036 0.03456167 0.75508929
vn 0.65344253 0.00426297 0.75696413
vn 0.77162413 0.00000077 -0.63607877
vn 0.76568853 0.09704613 -0.63584834
vn 0.65179794 0.06728718 0.75540180
vn 0.87542788 -0.08845183 0.47518660
vn 0.74850316 0.19229787 -0.63463733
vn 0.71840917 0.28684936 -0.63372368
vn 0.67903027 0.37056938 -0.63371621
vn 0.62509560 0.45441848 -0.63463323
vn 0.49414852 0.74616785 0.44615107
vn 0.56305163 0.52806298 -0.63570618
vn 0.45411450 0.47590741 0.75318800
vn 0.49183753 0.59475087 -0.63589877
vn 0.41573968 0.51004129 0.75300625
vn 0.67688516 0.56300826 0.47418159
vn 0.41178273 0.65544483 -0.63310903
vn 0.33134025 0.69987979 -0.63275739
vn 0.23795666 0.73664439 -0.63303371
vn -0.10105520 0.87796113 0.46794454
vn 0.14774208 0.75949874 -0.63350922
vn 0.04877008 0.77028301 -0.63583455
vn 0.05204262 0.65605661 0.75291519
vn 0.00010011 0.65777230 0.75321683
vn -0.04924779 0.77049850 -0.63553655
vn 0.16266314 0.87760040 0.45095260
vn -0.14408342 0.75908664 -0.63484443
vn -0.23961657 0.73457551 -0.63480920
vn -0.33194039 0.69931757 -0.63306439
vn -0.67230117 0.56679576 0.47618662
vn -0.41178273 0.65544483 -0.63310903
vn -0.49183753 0.59475087 -0.63589877
vn -0.41573968 0.51004129 0.75300625
vn -0.45411450 0.47590741 0.75318800
vn -0.56305445 0.52806107 -0.63570527
vn -0.49414942 0.74616769 0.44615035
vn -0.62509603 0.45441525 -0.63463512
vn -0.67902736 0.37057141 -0.63371813
vn -0.71841099 0.28685028 -0.63372121
vn -0.74850059 0.19229740 -0.63464052
vn -0.87621392 -0.09205322 0.47304902
vn -0.76574232 0.09701897 -0.63578771
vn -0.65588988 0.05081646 0.75314418
vn -0.77175880 0.00000317 -0.63591536
vn -0.65797247 0.00011291 0.75304197
vn -0.87888308 0.16085104 0.44910074
vn -0.76776284 -0.10115269 -0.63269926
vn -0.75075572 -0.18989973 -0.63269578
vn -0.71893713 -0.28343057 -0.63466252
vn -0.67679287 -0.37258499 -0.63492663
vn -0.56491847 -0.67247377 0.47816958
vn -0.62484624 -0.45329480 -0.63568152
vn -0.50953393 -0.41602022 0.75319476
vn -0.56248648 -0.52844619 -0.63588803
vn -0.47560623 -0.45475056 0.75299445
vn -0.74223652 -0.49995228 0.44624282
vn -0.49074368 -0.59852838 -0.63319382
vn -0.41769508 -0.65178276 -0.63301663
vn -0.32752410 -0.70087713 -0.63363965
vn -0.24034188 -0.73503015 -0.63400825
vn -0.14485655 -0.75978089 -0.63383718
vn 0.15249024 -0.87800696 0.45370750
vn -0.04925219 -0.77049924 -0.63553533
vn 0.00010011 -0.65777230 0.75321683
vn 0.04877491 -0.77028394 -0.63583305
vn 0.05204953 -0.65605852 0.75291305
vn -0.09152047 -0.87734257 0.47105628
vn 0.14774604 -0.75949703 -0.63351035
vn 0.23651604 -0.73672531 -0.63347927
vn 0.32917107 -0.69915914 -0.63468331
vn 0.41722817 -0.65188110 -0.63322326
vn 0.74634060 -0.49559297 0.44425591
vn 0.49074368 -0.59852838 -0.63319382
vn 0.56248396 -0.52844799 -0.63588876
vn 0.47560623 -0.45475056 0.75299445
vn 0.50953295 -0.41602036 0.75319534
vn 0.62484587 -0.45329829 -0.63567939
vn 0.56491506 -0.67247606 0.47817040
vn 0.67679529 -0.37258323 -0.63492509
vn 0.71893485 -0.28342942 -0.63466562
vn 0.75075757 -0.18990035 -0.63269339
vn 0.87819218 0.15419264 0.45277270
vn 0.76774052 -0.10117909 -0.63272212
vn 0.65245996 -0.03451767 0.75703668
vn 0.65208925 -0.01730828 0.75794461
vn 0.85989925 0.25143849 0.44424315
vn -0.40687573 0.64458165 -0.64727631
vn -0.34587174 0.80868788 0.47581156
vn -0.55689238 0.52262706 -0.64554769
vn 0.80689889 -0.34832849 0.47705497
vn -0.76400281 0.00039706 -0.64521279
vn -0.61373849 -0.00446773 0.78949674
vn -0.60921286 -0.03707158 0.79213975
vn 0.61774882 -0.44817790 -0.64616017
vn 0.70907628 -0.27979267 -0.64724562
vn -0.44095859 0.41894554 0.79375069
vn -0.73934649 -0.19037642 -0.64585106
vn -0.60351823 -0.07151901 0.79413524
vn 0.75700250 -0.09735116 -0.64611916
vn 0.79155590 -0.41456529 0.44897091
vn -0.79344340 -0.41357813 0.44654305
vn -0.47539108 0.37424274 0.79620707
vn -0.66891805 0.36733952 -0.64622776
vn -0.85760007 0.25769837 0.44509961
vn 0.60536207 -0.05177626 0.79426443
vn 0.75753787 0.09618591 -0.64566605
vn 0.60539247 -0.00011763 0.79592710
vn -0.66682137 -0.36892611 -0.64748961
vn 0.81414330 0.34144585 0.46966522
vn -0.73885133 0.19016039 -0.64648104
vn -0.80958868 -0.34261484 0.47663533
vn -0.55769263 -0.52014722 -0.64685841
vn -0.81230003 0.34996707 0.46657444
vn 0.70848129 0.28213668 -0.64687955
vn -0.61296818 0.03641346 0.78926806
vn -0.41615042 -0.44143433 0.79495570
vn -0.61492427 0.01825084 0.78837494
vn -0.37783544 -0.47290869 0.79598854
vn -0.40214119 -0.64528229 -0.64953309
vn 0.61849487 0.44694884 -0.64629779
vn -0.25254392 -0.85691600 0.44935124
vn -0.24030916 -0.72274557 -0.64798946
vn 0.47430928 0.37932281 0.79444629
vn 0.43928694 0.41654348 0.79593876
vn 0.48523165 0.58874008 -0.64647921
vn 0.34032407 0.81215234 0.47390727
vn -0.40163780 -0.79671810 0.45158315
vn -0.04783923 -0.76249221 -0.64522635
vn -0.05416164 -0.60555432 0.79395874
vn 0.32524865 0.68983214 -0.64679589
vn 0.00219849 -0.60637614 0.79517491
vn 0.14330534 0.74955628 -0.64624218
vn 0.34011432 -0.81361407 0.47154469
vn 0.14417178 -0.74930044 -0.64634615
vn 0.35097170 0.81043332 0.46905937
vn -0.04783930 0.76249093 -0.64522785
vn 0.32365552 -0.69082226 -0.64653825
vn 0.00219301 0.60637412 0.79517647
vn -0.05416187 0.60556102 0.79395362
vn 0.25497039 -0.85914958 0.44368017
vn 0.48707896 -0.58850959 -0.64529880
vn -0.41170676 0.79317598 0.44874203
vn -0.23760947 0.72452328 -0.64699903
vn 0.37793249 -0.47636193 0.79388056
vn 0.41908990 -0.43772515 0.79546235
vn -0.22658896 -0.69736504 -0.67995547
vn -0.39289609 -0.61910693 -0.67995535
vn -0.71021751 0.18235222 -0.67995497
vn -0.73325338 0.00000033 -0.67995550
vn -0.53451787 -0.50194798 -0.67995506
vn -0.64255502 -0.35324839 -0.67995486
vn -0.64255542 0.35324682 -0.67995530
vn -0.53451923 0.50194712 -0.67995462
vn -0.39289609 0.61910693 -0.67995535
vn -0.71021768 -0.18235192 -0.67995487
vn -0.22658896 0.69736504 -0.67995547
vn -0.04604202 0.73180732 -0.67995455
vn 0.13739831 0.72026548 -0.67995540
vn 0.31220574 0.66346774 -0.67995450
vn 0.46739419 0.56498045 -0.67995571
vn 0.59321470 0.43099606 -0.67995494
vn 0.68176205 0.26992865 -0.67995517
vn 0.72747184 0.09190117 -0.67995507
vn 0.72747184 -0.09190117 -0.67995507
vn 0.68176189 -0.26992997 -0.67995481
vn 0.59321436 -0.43099515 -0.67995582
vn 0.46739454 -0.56498154 -0.67995456
vn 0.31220346 -0.66346817 -0.67995514
vn 0.13739831 -0.72026548 -0.67995540
vn -0.04604202 -0.73180732 -0.67995455
f 1//1 2//2 3//3
f 2//2 4//4 3//3
f 5//5 6//6 7//7
f 6//6 8//8 7//7
f 9//9 10//10 11//11
f 10//10 9//9 12//12
f 13//13 14//14 15//15
f 16//16 13//13 15//15
f 9//9 11//11 17//17
f 12//12 9//9 18//18
f 19//19 1//1 20//20
f 9//9 17//17 21//21
f 1//1 3//3 20//20
f 18//18 9//9 22//22
f 7//7 8//8 23//23
f 8//8 24//24 23//23
f 9//9 21//21 25//25
f 14//14 26//26 27//27
f 15//15 14//14 27//27
f 22//22 9//9 28//28
f 29//29 19//19 30//30
f 19//19 20//20 30//30
f 24//24 31//31 32//32
f 23//23 24//24 32//32
f 29//29 30//30 33//33
f 27//27 26//26 33//33
f 26//26 29//29 33//33
f 9//9 34//34 35//35
f 36//36 37//37 35//35
f 38//38 36//36 35//35
f 39//39 38//38 35//35
f 40//40 39//39 35//35
f 34//34 41//41 35//35
f 41//41 40//40 35//35
f 35//35 37//37 42//42
f 31//31 43//43 44//44
f 32//32 31//31 44//44
f 45//45 46//46 47//47
f 35//35 42//42 48//48
f 44//44 43//43 49//49
f 43//43 50//50 49//49
f 51//51 52//52 53//53
f 35//35 48//48 54//54
f 55//55 45//45 56//56
f 45//45 47//47 56//56
f 51//51 53//53 57//57
f 58//58 51//51 57//57
f 46//46 28//28 59//59
f 47//47 46//46 59//59
f 35//35 54//54 60//60
f 52//52 61//61 62//62
f 53//53 52//52 62//62
f 63//63 55//55 64//64
f 55//55 56//56 64//64
f 25//25 58//58 65//65
f 58//58 57//57 65//65
f 59//59 28//28 66//66
f 61//61 67//67 68//68
f 62//62 61//61 68//68
f 69//69 63//63 70//70
f 63//63 64//64 70//70
f 30//30 71//71 72//72
f 9//9 25//25 73//73
f 25//25 65//65 73//73
f 33//33 30//30 72//72
f 33//33 72//72 74//74
f 75//75 33//33 74//74
f 67//67 76//76 77//77
f 68//68 67//67 77//77
f 78//78 69//69 79//79
f 71//71 80//80 81//81
f 72//72 71//71 81//81
f 69//69 70//70 79//79
f 75//75 74//74 82//82
f 83//83 75//75 82//82
f 76//76 84//84 85//85
f 80//80 86//86 87//87
f 81//81 80//80 87//87
f 77//77 76//76 85//85
f 88//88 78//78 89//89
f 78//78 79//79 89//89
f 83//83 82//82 90//90
f 91//91 83//83 90//90
f 86//86 92//92 93//93
f 87//87 86//86 93//93
f 84//84 94//94 95//95
f 96//96 91//91 97//97
f 85//85 84//84 95//95
f 91//91 90//90 97//97
f 98//98 88//88 99//99
f 88//88 89//89 99//99
f 92//92 100//100 101//101
f 93//93 92//92 101//101
f 96//96 97//97 102//102
f 103//103 96//96 102//102
f 100//100 104//104 105//105
f 94//94 98//98 106//106
f 101//101 100//100 105//105
f 95//95 94//94 106//106
f 107//107 66//66 108//108
f 109//109 103//103 110//110
f 28//28 9//9 108//108
f 66//66 28//28 108//108
f 111//111 107//107 108//108
f 112//112 111//111 108//108
f 103//103 102//102 110//110
f 113//113 112//112 108//108
f 104//104 114//114 115//115
f 105//105 104//104 115//115
f 113//113 108//108 116//116
f 117//117 109//109 118//118
f 109//109 110//110 118//118
f 114//114 119//119 120//120
f 115//115 114//114 120//120
f 121//121 117//117 122//122
f 116//116 108//108 123//123
f 117//117 118//118 122//122
f 119//119 124//124 125//125
f 120//120 119//119 125//125
f 35//35 60//60 126//126
f 60//60 121//121 126//126
f 121//121 122//122 126//126
f 123//123 108//108 127//127
f 127//127 108//108 128//128
f 35//35 126//126 129//129
f 130//130 131//131 129//129
f 132//132 130//130 129//129
f 133//133 132//132 129//129
f 134//134 133//133 129//129
f 135//135 134//134 129//129
f 136//136 135//135 129//129
f 126//126 136//136 129//129
f 137//137 108//108 129//129
f 50//50 137//137 129//129
f 138//138 50//50 129//129
f 124//124 138//138 129//129
f 131//131 124//124 129//129
f 125//125 124//124 131//131
f 49//49 50//50 138//138
f 139//139 108//108 137//137
f 128//128 108//108 139//139
f 140//140 141//141 142//142
f 106//106 98//98 143//143
f 98//98 99//99 143//143
f 99//99 144//144 143//143
f 145//145 106//106 146//146
f 106//106 143//143 146//146
f 147//147 140//140 148//148
f 140//140 142//142 148//148
f 143//143 144//144 149//149
f 144//144 150//150 149//149
f 141//141 151//151 152//152
f 142//142 141//141 152//152
f 145//145 146//146 153//153
f 154//154 145//145 153//153
f 155//155 147//147 156//156
f 147//147 148//148 156//156
f 149//149 150//150 157//157
f 150//150 158//158 157//157
f 151//151 159//159 160//160
f 152//152 151//151 160//160
f 161//161 154//154 162//162
f 154//154 153//153 162//162
f 73//73 155//155 34//34
f 9//9 73//73 34//34
f 155//155 156//156 34//34
f 157//157 158//158 163//163
f 158//158 164//164 163//163
f 160//160 159//159 165//165
f 159//159 166//166 165//165
f 167//167 161//161 168//168
f 161//161 162//162 168//168
f 163//163 164//164 169//169
f 164//164 170//170 169//169
f 166//166 171//171 172//172
f 165//165 166//166 172//172
f 173//173 167//167 174//174
f 167//167 168//168 174//174
f 170//170 175//175 176//176
f 169//169 170//170 176//176
f 171//171 177//177 178//178
f 172//172 171//171 178//178
f 179//179 173//173 180//180
f 173//173 174//174 180//180
f 176//176 175//175 181//181
f 175//175 182//182 181//181
f 178//178 177//177 183//183
f 177//177 179//179 183//183
f 181//181 182//182 184//184
f 182//182 185//185 184//184
f 184//184 185//185 139//139
f 185//185 128//128 139//139
f 183//183 179//179 186//186
f 180//180 187//187 186//186
f 179//179 180//180 186//186
f 188//188 189//189 190//190
f 183//183 186//186 191//191
f 192//192 183//183 191//191
f 188//188 190//190 193//193
f 194//194 188//188 193//193
f 186//186 187//187 195//195
f 187//187 196//196 195//195
f 190//190 189//189 197//197
f 189//189 198//198 197//197
f 199//199 192//192 200//200
f 192//192 191//191 200//200
f 194//194 193//193 40//40
f 41//41 194//194 40//40
f 196//196 201//201 202//202
f 195//195 196//196 202//202
f 198//198 203//203 204//204
f 197//197 198//198 204//204
f 2//2 199//199 4//4
f 199//199 200//200 4//4
f 201//201 6//6 5//5
f 202//202 201//201 5//5
f 203//203 13//13 16//16
f 204//204 203//203 16//16
f 205//205 9//9 35//35
f 205//205 35//35 206//206
f 207//207 206//206 208//208
f 207//207 205//205 206//206
f 209//209 208//208 210//210
f 209//209 207//207 208//208
f 211//211 210//210 212//212
f 211//211 209//209 210//210
f 213//213 212//212 214//214
f 213//213 211//211 212//212
f 215//215 214//214 216//216
f 215//215 213//213 214//214
f 35//35 129//129 217//217
f 218//218 217//217 219//219
f 218//218 35//35 217//217
f 220//220 219//219 221//221
f 220//220 218//218 219//219
f 222//222 221//221 223//223
f 222//222 220//220 221//221
f 224//224 223//223 225//225
f 224//224 222//222 223//223
f 226//226 225//225 227//227
f 226//226 224//224 225//225
f 228//228 226//226 227//227
f 229//229 9//9 230//230
f 229//229 108//108 9//9
f 231//231 230//230 232//232
f 231//231 229//229 230//230
f 233//233 232//232 234//234
f 233//233 231//231 232//232
f 235//235 234//234 236//236
f 235//235 233//233 234//234
f 237//237 236//236 238//238
f 237//237 235//235 236//236
f 239//239 238//238 240//240
f 239//239 237//237 238//238
f 241//241 242//242 243//243
f 241//241 108//108 242//242
f 241//241 129//129 108//108
f 244//244 241//241 243//243
f 245//245 243//243 246//246
f 245//245 244//244 243//243
f 247//247 246//246 248//248
f 247//247 245//245 246//246
f 249//249 250//250 251//251
f 249//249 248//248 250//250
f 249//249 247//247 248//248
f 252//252 249//249 251//251
f 253//253 254//254 11//11
f 254//254 17//17 11//11
f 255//255 253//253 10//10
f 253//253 11//11 10//10
f 256//256 257//257 28//28
f 258//258 255//255 12//12
f 255//255 10//10 12//12
f 257//257 22//22 28//28
f 257//257 258//258 18//18
f 258//258 12//12 18//18
f 259//259 256//256 46//46
f 256//256 28//28 46//46
f 257//257 18//18 22//22
f 260//260 259//259 45//45
f 259//259 46//46 45//45
f 261//261 260//260 55//55
f 262//262 261//261 55//55
f 260//260 45//45 55//55
f 263//263 262//262 63//63
f 262//262 55//55 63//63
f 263//263 63//63 69//69
f 264//264 263//263 78//78
f 265//265 264//264 78//78
f 263//263 69//69 78//78
f 266//266 265//265 88//88
f 265//265 78//78 88//88
f 267//267 266//266 98//98
f 266//266 88//88 98//98
f 268//268 267//267 94//94
f 267//267 98//98 94//94
f 268//268 94//94 84//84
f 269//269 268//268 84//84
f 269//269 84//84 76//76
f 270//270 269//269 76//76
f 270//270 76//76 67//67
f 271//271 270//270 67//67
f 271//271 67//67 61//61
f 272//272 271//271 61//61
f 272//272 61//61 52//52
f 273//273 272//272 52//52
f 274//274 273//273 51//51
f 273//273 52//52 51//51
f 275//275 274//274 58//58
f 274//274 51//51 58//58
f 276//276 275//275 25//25
f 275//275 58//58 25//25
f 277//277 276//276 21//21
f 276//276 25//25 21//21
f 254//254 277//277 17//17
f 277//277 21//21 17//17
f 278//278 279//279 57//57
f 279//279 65//65 57//57
f 280//280 278//278 53//53
f 278//278 57//57 53//53
f 281//281 282//282 85//85
f 283//283 280//280 62//62
f 280//280 53//53 62//62
f 282//282 77//77 85//85
f 282//282 283//283 68//68
f 283//283 62//62 68//68
f 284//284 281//281 95//95
f 281//281 85//85 95//95
f 282//282 68//68 77//77
f 285//285 284//284 106//106
f 284//284 95//95 106//106
f 286//286 285//285 145//145
f 287//287 286//286 145//145
f 285//285 106//106 145//145
f 288//288 287//287 154//154
f 287//287 145//145 154//154
f 288//288 154//154 161//161
f 289//289 288//288 167//167
f 290//290 289//289 167//167
f 288//288 161//161 167//167
f 291//291 290//290 173//173
f 290//290 167//167 173//173
f 292//292 291//291 179//179
f 291//291 173//173 179//179
f 293//293 292//292 177//177
f 292//292 179//179 177//177
f 293//293 177//177 171//171
f 294//294 293//293 171//171
f 294//294 171//171 166//166
f 295//295 294//294 166//166
f 295//295 166//166 159//159
f 296//296 295//295 159//159
f 296//296 159//159 151//151
f 297//297 296//296 151//151
f 297//297 151//151 141//141
f 298//298 297//297 141//141
f 299//299 298//298 140//140
f 298//298 141//141 140//140
f 300//300 299//299 147//147
f 299//299 140//140 147//147
f 301//301 300//300 155//155
f 300//300 147//147 155//155
f 302//302 301//301 73//73
f 301//301 155//155 73//73
f 279//279 302//302 65//65
f 302//302 73//73 65//65
f 303//303 304//304 148//148
f 304//304 156//156 148//148
f 305//305 303//303 142//142
f 303//303 148//148 142//142
f 306//306 307//307 172//172
f 308//308 305//305 152//152
f 305//305 142//142 152//152
f 307//307 165//165 172//172
f 307//307 308//308 160//160
f 308//308 152//152 160//160
f 309//309 306//306 178//178
f 306//306 172//172 178//178
f 307//307 160//160 165//165
f 310//310 309//309 183//183
f 309//309 178//178 183//183
f 311//311 310//310 192//192
f 312//312 311//311 192//192
f 310//310 183//183 192//192
f 313//313 312//312 199//199
f 312//312 192//192 199//199
f 313//313 199//199 2//2
f 314//314 313//313 1//1
f 315//315 314//314 1//1
f 313//313 2//2 1//1
f 316//316 315//315 19//19
f 315//315 1//1 19//19
f 317//317 316//316 29//29
f 316//316 19//19 29//29
f 318//318 317//317 26//26
f 317//317 29//29 26//26
f 318//318 26//26 14//14
f 319//319 318//318 14//14
f 319//319 14//14 13//13
f 320//320 319//319 13//13
f 320//320 13//13 203//203
f 321//321 320//320 203//203
f 321//321 203//203 198//198
f 322//322 321//321 198//198
f 322//322 198//198 189//189
f 323//323 322//322 189//189
f 324//324 323//323 188//188
f 323//323 189//189 188//188
f 325//325 324//324 194//194
f 324//324 188//188 194//194
f 326//326 325//325 41//41
f 325//325 194//194 41//41
f 327//327 326//326 34//34
f 326//326 41//41 34//34
f 304//304 327//327 156//156
f 327//327 34//34 156//156
f 328//328 329//329 56//56
f 329//329 64//64 56//56
f 330//330 328//328 47//47
f 328//328 56//56 47//47
f 331//331 332//332 111//111
f 333//333 330//330 59//59
f 330//330 47//47 59//59
f 332//332 107//107 111//111
f 332//332 333//333 66//66
f 333//333 59//59 66//66
f 334//334 331//331 112//112
f 331//331 111//111 112//112
f 332//332 66//66 107//107
f 335//335 334//334 113//113
f 334//334 112//112 113//113
f 336//336 335//335 116//116
f 337//337 336//336 116//116
f 335//335 113//113 116//116
f 338//338 337//337 123//123
f 337//337 116//116 123//123
f 338//338 123//123 127//127
f 339//339 338//338 128//128
f 340//340 339//339 128//128
f 338//338 127//127 128//128
f 341//341 340//340 185//185
f 340//340 128//128 185//185
f 342//342 341//341 182//182
f 341//341 185//185 182//182
f 343//343 342//342 175//175
f 342//342 182//182 175//175
f 343//343 175//175 170//170
f 344//344 343//343 170//170
f 344//344 170//170 164//164
f 345//345 344//344 164//164
f 345//345 164//164 158//158
f 346//346 345//345 158//158
f 346//346 158//158 150//150
f 347//347 346//346 150//150
f 347//347 150//150 144//144
f 348//348 347//347 144//144
f 349//349 348//348 99//99
f 348//348 144//144 99//99
f 350//350 349//349 89//89
f 349//349 99//99 89//89
f 351//351 350//350 79//79
f 350//350 89//89 79//79
f 352//352 351//351 70//70
f 351//351 79//79 70//70
f 329//329 352//352 64//64
f 352//352 70//70 64//64
f 353//353 354//354 191//191
f 354//354 200//200 191//191
f 355//355 353//353 186//186
f 353//353 191//191 186//186
f 356//356 357//357 7//7
f 358//358 355//355 195//195
f 355//355 186//186 195//195
f 357//357 5//5 7//7
f 357//357 358//358 202//202
f 358//358 195//195 202//202
f 359//359 356//356 23//23
f 356//356 7//7 23//23
f 357//357 202//202 5//5
f 360//360 359//359 32//32
f 359//359 23//23 32//32
f 361//361 360//360 44//44
f 362//362 361//361 44//44
f 360//360 32//32 44//44
f 363//363 362//362 49//49
f 362//362 44//44 49//49
f 363//363 49//49 138//138
f 364//364 363//363 124//124
f 365//365 364//364 124//124
f 363//363 138//138 124//124
f 366//366 365//365 119//119
f 365//365 124//124 119//119
f 367//367 366//366 114//114
f 366//366 119//119 114//114
f 368//368 367//367 104//104
f 367//367 114//114 104//104
f 368//368 104//104 100//100
f 369//369 368//368 100//100
f 369//369 100//100 92//92
f 370//370 369//369 92//92
f 370//370 92//92 86//86
f 371//371 370//370 86//86
f 371//371 86//86 80//80
f 372//372 371//371 80//80
f 372//372 80//80 71//71
f 373//373 372//372 71//71
f 374//374 373//373 30//30
f 373//373 71//71 30//30
f 375//375 374//374 20//20
f 374//374 30//30 20//20
f 376//376 375//375 3//3
f 375//375 20//20 3//3
f 377//377 376//376 4//4
f 376//376 3//3 4//4
f 354//354 377//377 200//200
f 377//377 4//4 200//200
f 378//378 379//379 146//146
f 379//379 153//153 146//146
f 380//380 378//378 143//143
f 378//378 146//146 143//143
f 381//381 382//382 169//169
f 383//383 380//380 149//149
f 380//380 143//143 149//149
f 382//382 163//163 169//169
f 382//382 383//383 157//157
f 383//383 149//149 157//157
f 384//384 381//381 176//176
f 381//381 169//169 176//176
f 382//382 157//157 163//163
f 385//385 384//384 181//181
f 384//384 176//176 181//181
f 386//386 385//385 184//184
f 387//387 386//386 184//184
f 385//385 181//181 184//184
f 388//388 387//387 139//139
f 387//387 184//184 139//139
f 388//388 139//139 137//137
f 389//389 388//388 50//50
f 390//390 389//389 50//50
f 388//388 137//137 50//50
f 391//391 390//390 43//43
f 390//390 50//50 43//43
f 392//392 391//391 31//31
f 391//391 43//43 31//31
f 393//393 392//392 24//24
f 392//392 31//31 24//24
f 393//393 24//24 8//8
f 394//394 393//393 8//8
f 394//394 8//8 6//6
f 395//395 394//394 6//6
f 395//395 6//6 201//201
f 396//396 395//395 201//201
f 396//396 201//201 196//196
f 397//397 396//396 196//196
f 397//397 196//196 187//187
f 398//398 397//397 187//187
f 399//399 398//398 180//180
f 398//398 187//187 180//180
f 400//400 399//399 174//174
f 399//399 180//180 174//174
f 401//401 400//400 168//168
f 400//400 174//174 168//168
f 402//402 401//401 162//162
f 401//401 168//168 162//162
f 379//379 402//402 153//153
f 402//402 162//162 153//153
f 403//403 404//404 193//193
f 404//404 40//40 193//193
f 405//405 403//403 190//190
f 403//403 193//193 190//190
f 406//406 407//407 15//15
f 408//408 405//405 197//197
f 405//405 190//190 197//197
f 407//407 16//16 15//15
f 407//407 408//408 204//204
f 408//408 197//197 204//204
f 409//409 406//406 27//27
f 406//406 15//15 27//27
f 407//407 204//204 16//16
f 410//410 409//409 33//33
f 409//409 27//27 33//33
f 411//411 410//410 75//75
f 412//412 411//411 75//75
f 410//410 33//33 75//75
f 413//413 412//412 83//83
f 412//412 75//75 83//83
f 413//413 83//83 91//91
f 414//414 413//413 96//96
f 415//415 414//414 96//96
f 413//413 91//91 96//96
f 416//416 415//415 103//103
f 415//415 96//96 103//103
f 417//417 416//416 109//109
f 416//416 103//103 109//109
f 418//418 417//417 117//117
f 417//417 109//109 117//117
f 418//418 117//117 121//121
f 419//419 418//418 121//121
f 419//419 121//121 60//60
f 420//420 419//419 60//60
f 420//420 60//60 54//54
f 421//421 420//420 54//54
f 421//421 54//54 48//48
f 422//422 421//421 48//48
f 422//422 48//48 42//42
f 423//423 422//422 42//42
f 424//424 423//423 37//37
f 423//423 42//42 37//37
f 425//425 424//424 36//36
f 424//424 37//37 36//36
f 426//426 425//425 38//38
f 425//425 36//36 38//38
f 427//427 426//426 39//39
f 426//426 38//38 39//39
f 404//404 427//427 40//40
f 427//427 39//39 40//40
f 428//428 429//429 74//74
f 429//429 82//82 74//74
f 430//430 428//428 72//72
f 428//428 74//74 72//72
f 431//431 432//432 101//101
f 433//433 430//430 81//81
f 430//430 72//72 81//81
f 432//432 93//93 101//101
f 432//432 433//433 87//87
f 433//433 81//81 87//87
f 434//434 431//431 105//105
f 431//431 101//101 105//105
f 432//432 87//87 93//93
f 435//435 434//434 115//115
f 434//434 105//105 115//115
f 436//436 435//435 120//120
f 437//437 436//436 120//120
f 435//435 115//115 120//120
f 438//438 437//437 125//125
f 437//437 120//120 125//125
f 438//438 125//125 131//131
f 439//439 438//438 130//130
f 440//440 439//439 130//130
f 438//438 131//131 130//130
f 441//441 440//440 132//132
f 440//440 130//130 132//132
f 442//442 441//441 133//133
f 441//441 132//132 133//133
f 443//443 442//442 134//134
f 442//442 133//133 134//134
f 443//443 134//134 135//135
f 444//444 443//443 135//135
f 444//444 135//135 136//136
f 445//445 444//444 136//136
f 445//445 136//136 126//126
f 446//446 445//445 126//126
f 446//446 126//126 122//122
f 447//447 446//446 122//122
f 447//447 122//122 118//118
f 448//448 447//447 118//118
f 449//449 448//448 110//110
f 448//448 118//118 110//110
f 450//450 449//449 102//102
f 449//449 110//110 102//102
f 451//451 450//450 97//97
f 450//450 102//102 97//97
f 452//452 451//451 90//90
f 451//451 97//97 90//90
f 429//429 452//452 82//82
f 452//452 90//90 82//82
f 206//206 35//35 218//218
f 208//208 206//206 218//218
f 214//214 212//212 453//453
f 216//216 214//214 453//453
f 454//454 224//224 226//226
f 454//454 222//222 224//224
f 455//455 456//456 457//457
f 455//455 457//457 458//458
f 459//459 220//220 222//222
f 459//459 218//218 220//220
f 459//459 210//210 208//208
f 459//459 222//222 454//454
f 459//459 208//208 218//218
f 460//460 458//458 461//461
f 460//460 461//461 453//453
f 460//460 212//212 210//210
f 460//460 210//210 459//459
f 460//460 459//459 454//454
f 460//460 453//453 212//212
f 460//460 455//455 458//458
f 460//460 454//454 455//455
f 462//462 226//226 228//228
f 462//462 228//228 456//456
f 462//462 454//454 226//226
f 462//462 456//456 455//455
f 462//462 455//455 454//454
f 230//230 9//9 205//205
f 230//230 205//205 207//207
f 463//463 211//211 213//213
f 463//463 213//213 215//215
f 238//238 236//236 464//464
f 236//236 234//234 464//464
f 465//465 466//466 467//467
f 468//468 465//465 467//467
f 234//234 232//232 469//469
f 232//232 230//230 469//469
f 207//207 209//209 469//469
f 464//464 234//234 469//469
f 230//230 207//207 469//469
f 470//470 468//468 471//471
f 463//463 470//470 471//471
f 209//209 211//211 471//471
f 467//467 464//464 471//471
f 464//464 469//469 471//471
f 211//211 463//463 471//471
f 468//468 467//467 471//471
f 469//469 209//209 471//471
f 240//240 238//238 472//472
f 466//466 240//240 472//472
f 464//464 467//467 472//472
f 238//238 464//464 472//472
f 467//467 466//466 472//472
f 216//216 473//473 215//215
f 215//215 473//473 474//474
f 217//217 129//129 241//241
f 219//219 217//217 241//241
f 225//225 223//223 475//475
f 227//227 225//225 475//475
f 476//476 247//247 249//249
f 476//476 245//245 247//247
f 477//477 478//478 479//479
f 477//477 479//479 480//480
f 481//481 244//244 245//245
f 481//481 241//241 244//244
f 481//481 221//221 219//219
f 481//481 245//245 476//476
f 481//481 219//219 241//241
f 482//482 480//480 483//483
f 482//482 483//483 475//475
f 482//482 223//223 221//221
f 482//482 221//221 481//481
f 482//482 481//481 476//476
f 482//482 475//475 223//223
f 482//482 477//477 480//480
f 482//482 476//476 477//477
f 484//484 249//249 252//252
f 484//484 252//252 478//478
f 484//484 476//476 249//249
f 484//484 478//478 477//477
f 484//484 477//477 476//476
f 227//227 485//485 486//486
f 228//228 227//227 486//486
f 240//240 487//487 488//488
f 239//239 240//240 488//488
f 242//242 108//108 229//229
f 242//242 229//229 231//231
f 489//489 235//235 237//237
f 489//489 237//237 239//239
f 250//250 248//248 490//490
f 248//248 246//246 490//490
f 491//491 492//492 493//493
f 494//494 491//491 493//493
f 246//246 243//243 495//495
f 243//243 242//242 495//495
f 231//231 233//233 495//495
f 493//493 490//490 495//495
f 490//490 246//246 495//495
f 242//242 231//231 495//495
f 496//496 494//494 497//497
f 489//489 496//496 497//497
f 233//233 235//235 497//497
f 493//493 495//495 497//497
f 235//235 489//489 497//497
f 494//494 493//493 497//497
f 495//495 233//233 497//497
f 251//251 250//250 498//498
f 492//492 251//251 498//498
f 490//490 493//493 498//498
f 250//250 490//490 498//498
f 493//493 492//492 498//498
f 251//251 499//499 500//500
f 252//252 251//251 500//500
f 501//501 502//502 503//503
f 504//504 505//505 506//506
f 504//504 506//506 507//507
f 508//508 277//277 254//254
f 508//508 503//503 277//277
f 509//509 502//502 501//501
f 509//509 507//507 502//502
f 510//510 505//505 504//504
f 510//510 511//511 512//512
f 510//510 513//513 505//505
f 510//510 512//512 513//513
f 514//514 503//503 508//508
f 514//514 501//501 503//503
f 515//515 507//507 509//509
f 515//515 504//504 507//507
f 516//516 254//254 253//253
f 516//516 253//253 255//255
f 517//517 518//518 519//519
f 516//516 514//514 508//508
f 516//516 508//508 254//254
f 520//520 509//509 501//501
f 520//520 501//501 514//514
f 521//521 511//511 510//510
f 521//521 504//504 515//515
f 521//521 522//522 511//511
f 521//521 510//510 504//504
f 523//523 514//514 516//516
f 524//524 509//509 520//520
f 524//524 515//515 509//509
f 525//525 523//523 516//516
f 525//525 516//516 255//255
f 526//526 520//520 514//514
f 526//526 514//514 523//523
f 527//527 521//521 515//515
f 527//527 522//522 521//521
f 527//527 515//515 524//524
f 527//527 528//528 522//522
f 529//529 526//526 523//523
f 529//529 523//523 525//525
f 530//530 524//524 520//520
f 530//530 520//520 526//526
f 531//531 255//255 258//258
f 531//531 525//525 255//255
f 531//531 529//529 525//525
f 531//531 258//258 532//532
f 533//533 530//530 526//526
f 533//533 526//526 529//529
f 534//534 528//528 527//527
f 534//534 527//527 524//524
f 534//534 524//524 530//530
f 534//534 535//535 528//528
f 536//536 531//531 532//532
f 536//536 532//532 537//537
f 536//536 537//537 538//538
f 536//536 529//529 531//531
f 539//539 530//530 533//533
f 539//539 534//534 530//530
f 540//540 533//533 529//529
f 540//540 529//529 536//536
f 540//540 538//538 541//541
f 540//540 536//536 538//538
f 542//542 543//543 535//535
f 542//542 535//535 534//534
f 542//542 534//534 539//539
f 544//544 539//539 533//533
f 544//544 533//533 540//540
f 544//544 540//540 541//541
f 545//545 544//544 541//541
f 545//545 539//539 544//544
f 545//545 541//541 519//519
f 545//545 542//542 539//539
f 545//545 543//543 542//542
f 545//545 519//519 543//543
f 532//532 258//258 257//257
f 518//518 543//543 519//519
f 546//546 532//532 257//257
f 546//546 257//257 256//256
f 547//547 537//537 532//532
f 547//547 538//538 537//537
f 547//547 532//532 546//546
f 548//548 256//256 259//259
f 548//548 259//259 260//260
f 548//548 546//546 256//256
f 549//549 541//541 538//538
f 549//549 538//538 547//547
f 550//550 547//547 546//546
f 550//550 546//546 548//548
f 550//550 549//549 547//547
f 551//551 519//519 541//541
f 551//551 541//541 549//549
f 552//552 548//548 260//260
f 552//552 550//550 548//548
f 553//553 549//549 550//550
f 553//553 551//551 549//549
f 554//554 555//555 517//517
f 554//554 519//519 551//551
f 554//554 517//517 519//519
f 556//556 553//553 550//550
f 556//556 550//550 552//552
f 557//557 551//551 553//553
f 557//557 554//554 551//551
f 558//558 260//260 261//261
f 558//558 552//552 260//260
f 559//559 553//553 556//556
f 559//559 557//557 553//553
f 560//560 561//561 555//555
f 560//560 555//555 554//554
f 560//560 554//554 557//557
f 562//562 552//552 558//558
f 562//562 556//556 552//552
f 563//563 560//560 557//557
f 563//563 557//557 559//559
f 564//564 261//261 262//262
f 564//564 262//262 263//263
f 564//564 562//562 558//558
f 564//564 558//558 261//261
f 565//565 556//556 562//562
f 565//565 559//559 556//556
f 566//566 562//562 564//564
f 567//567 568//568 561//561
f 567//567 560//560 563//563
f 567//567 561//561 560//560
f 569//569 559//559 565//565
f 569//569 563//563 559//559
f 570//570 564//564 263//263
f 570//570 566//566 564//564
f 571//571 562//562 566//566
f 571//571 565//565 562//562
f 572//572 568//568 567//567
f 572//572 573//573 568//568
f 572//572 567//567 563//563
f 572//572 563//563 569//569
f 574//574 571//571 566//566
f 574//574 566//566 570//570
f 575//575 569//569 565//565
f 575//575 565//565 571//571
f 576//576 263//263 264//264
f 576//576 574//574 570//570
f 576//576 570//570 263//263
f 577//577 575//575 571//571
f 577//577 571//571 574//574
f 578//578 574//574 576//576
f 579//579 580//580 573//573
f 579//579 573//573 572//572
f 579//579 572//572 569//569
f 579//579 569//569 575//575
f 581//581 264//264 265//265
f 581//581 265//265 266//266
f 581//581 576//576 264//264
f 582//582 579//579 575//575
f 582//582 575//575 577//577
f 583//583 574//574 578//578
f 583//583 577//577 574//574
f 584//584 579//579 582//582
f 584//584 585//585 580//580
f 584//584 580//580 579//579
f 586//586 576//576 581//581
f 586//586 578//578 576//576
f 587//587 577//577 583//583
f 587//587 582//582 577//577
f 588//588 586//586 581//581
f 588//588 581//581 266//266
f 589//589 583//583 578//578
f 589//589 578//578 586//586
f 590//590 584//584 582//582
f 590//590 585//585 584//584
f 590//590 582//582 587//587
f 590//590 591//591 585//585
f 592//592 586//586 588//588
f 592//592 589//589 586//586
f 593//593 583//583 589//589
f 593//593 587//587 583//583
f 594//594 588//588 266//266
f 594//594 266//266 267//267
f 594//594 592//592 588//588
f 595//595 593//593 589//589
f 595//595 589//589 592//592
f 596//596 587//587 593//593
f 596//596 590//590 587//587
f 596//596 591//591 590//590
f 596//596 597//597 591//591
f 598//598 592//592 594//594
f 599//599 596//596 593//593
f 599//599 593//593 595//595
f 600//600 267//267 268//268
f 600//600 268//268 269//269
f 600//600 594//594 267//267
f 601//601 595//595 592//592
f 601//601 592//592 598//598
f 602//602 603//603 597//597
f 602//602 596//596 599//599
f 602//602 597//597 596//596
f 604//604 594//594 600//600
f 604//604 598//598 594//594
f 605//605 599//599 595//595
f 605//605 595//595 601//601
f 606//606 600//600 269//269
f 606//606 604//604 600//600
f 607//607 601//601 598//598
f 607//607 598//598 604//604
f 608//608 609//609 603//603
f 608//608 603//603 602//602
f 608//608 599//599 605//605
f 608//608 602//602 599//599
f 610//610 607//607 604//604
f 610//610 604//604 606//606
f 611//611 605//605 601//601
f 611//611 601//601 607//607
f 612//612 269//269 270//270
f 612//612 606//606 269//269
f 613//613 607//607 610//610
f 613//613 611//611 607//607
f 614//614 615//615 609//609
f 614//614 605//605 611//611
f 614//614 609//609 608//608
f 614//614 608//608 605//605
f 616//616 610//610 606//606
f 616//616 606//606 612//612
f 617//617 611//611 613//613
f 617//617 614//614 611//611
f 618//618 270//270 271//271
f 618//618 271//271 272//272
f 618//618 612//612 270//270
f 618//618 616//616 612//612
f 619//619 610//610 616//616
f 619//619 613//613 610//610
f 620//620 621//621 615//615
f 620//620 615//615 614//614
f 620//620 614//614 617//617
f 622//622 616//616 618//618
f 623//623 617//617 613//613
f 623//623 613//613 619//619
f 624//624 622//622 618//618
f 624//624 618//618 272//272
f 625//625 619//619 616//616
f 625//625 616//616 622//622
f 626//626 620//620 617//617
f 626//626 627//627 621//621
f 626//626 621//621 620//620
f 626//626 617//617 623//623
f 628//628 625//625 622//622
f 628//628 622//622 624//624
f 629//629 619//619 625//625
f 629//629 623//623 619//619
f 630//630 272//272 273//273
f 630//630 624//624 272//272
f 631//631 625//625 628//628
f 631//631 629//629 625//625
f 632//632 623//623 629//629
f 632//632 627//627 626//626
f 632//632 626//626 623//623
f 632//632 633//633 627//627
f 634//634 628//628 624//624
f 634//634 624//624 630//630
f 635//635 629//629 631//631
f 635//635 632//632 629//629
f 636//636 630//630 273//273
f 636//636 273//273 274//274
f 636//636 274//274 275//275
f 636//636 634//634 630//630
f 637//637 631//631 628//628
f 637//637 628//628 634//634
f 638//638 632//632 635//635
f 638//638 633//633 632//632
f 638//638 639//639 633//633
f 640//640 634//634 636//636
f 641//641 635//635 631//631
f 641//641 631//631 637//637
f 642//642 636//636 275//275
f 642//642 640//640 636//636
f 643//643 637//637 634//634
f 643//643 634//634 640//640
f 644//644 645//645 639//639
f 644//644 635//635 641//641
f 644//644 638//638 635//635
f 644//644 639//639 638//638
f 646//646 640//640 642//642
f 646//646 643//643 640//640
f 647//647 641//641 637//637
f 647//647 637//637 643//643
f 648//648 275//275 276//276
f 648//648 642//642 275//275
f 648//648 646//646 642//642
f 506//506 643//643 646//646
f 506//506 647//647 643//643
f 649//649 650//650 645//645
f 649//649 641//641 647//647
f 649//649 645//645 644//644
f 649//649 644//644 641//641
f 502//502 646//646 648//648
f 505//505 647//647 506//506
f 505//505 649//649 647//647
f 503//503 276//276 277//277
f 503//503 648//648 276//276
f 503//503 502//502 648//648
f 507//507 506//506 646//646
f 507//507 646//646 502//502
f 513//513 649//649 505//505
f 513//513 512//512 650//650
f 513//513 650//650 649//649
f 651//651 652//652 653//653
f 654//654 655//655 656//656
f 654//654 656//656 657//657
f 658//658 302//302 279//279
f 658//658 653//653 302//302
f 659//659 652//652 651//651
f 659//659 657//657 652//652
f 660//660 655//655 654//654
f 660//660 661//661 662//662
f 660//660 663//663 655//655
f 660//660 662//662 663//663
f 664//664 653//653 658//658
f 664//664 651//651 653//653
f 665//665 657//657 659//659
f 665//665 654//654 657//657
f 666//666 279//279 278//278
f 666//666 278//278 280//280
f 667//667 668//668 669//669
f 666//666 664//664 658//658
f 666//666 658//658 279//279
f 670//670 659//659 651//651
f 670//670 651//651 664//664
f 671//671 661//661 660//660
f 671//671 654//654 665//665
f 671//671 672//672 661//661
f 671//671 660//660 654//654
f 673//673 664//664 666//666
f 674//674 659//659 670//670
f 674//674 665//665 659//659
f 675//675 673//673 666//666
f 675//675 666//666 280//280
f 676//676 670//670 664//664
f 676//676 664//664 673//673
f 677//677 671//671 665//665
f 677//677 672//672 671//671
f 677//677 665//665 674//674
f 677//677 678//678 672//672
f 679//679 676//676 673//673
f 679//679 673//673 675//675
f 680//680 674//674 670//670
f 680//680 670//670 676//676
f 681//681 280//280 283//283
f 681//681 675//675 280//280
f 681//681 679//679 675//675
f 681//681 283//283 682//682
f 683//683 680//680 676//676
f 683//683 676//676 679//679
f 684//684 678//678 677//677
f 684//684 677//677 674//674
f 684//684 674//674 680//680
f 684//684 685//685 678//678
f 686//686 681//681 682//682
f 686//686 682//682 687//687
f 686//686 687//687 688//688
f 686//686 679//679 681//681
f 689//689 680//680 683//683
f 689//689 684//684 680//680
f 690//690 683//683 679//679
f 690//690 679//679 686//686
f 690//690 688//688 691//691
f 690//690 686//686 688//688
f 692//692 693//693 685//685
f 692//692 685//685 684//684
f 692//692 684//684 689//689
f 694//694 689//689 683//683
f 694//694 683//683 690//690
f 694//694 690//690 691//691
f 695//695 694//694 691//691
f 695//695 689//689 694//694
f 695//695 691//691 669//669
f 695//695 692//692 689//689
f 695//695 693//693 692//692
f 695//695 669//669 693//693
f 682//682 283//283 282//282
f 668//668 693//693 669//669
f 696//696 682//682 282//282
f 696//696 282//282 281//281
f 697//697 687//687 682//682
f 697//697 688//688 687//687
f 697//697 682//682 696//696
f 698//698 281//281 284//284
f 698//698 284//284 285//285
f 698//698 696//696 281//281
f 699//699 691//691 688//688
f 699//699 688//688 697//697
f 700//700 697//697 696//696
f 700//700 696//696 698//698
f 700//700 699//699 697//697
f 701//701 669//669 691//691
f 701//701 691//691 699//699
f 702//702 698//698 285//285
f 702//702 700//700 698//698
f 703//703 699//699 700//700
f 703//703 701//701 699//699
f 704//704 705//705 667//667
f 704//704 669//669 701//701
f 704//704 667//667 669//669
f 706//706 703//703 700//700
f 706//706 700//700 702//702
f 707//707 701//701 703//703
f 707//707 704//704 701//701
f 708//708 285//285 286//286
f 708//708 702//702 285//285
f 709//709 703//703 706//706
f 709//709 707//707 703//703
f 710//710 711//711 705//705
f 710//710 705//705 704//704
f 710//710 704//704 707//707
f 712//712 702//702 708//708
f 712//712 706//706 702//702
f 713//713 710//710 707//707
f 713//713 707//707 709//709
f 714//714 286//286 287//287
f 714//714 287//287 288//288
f 714//714 712//712 708//708
f 714//714 708//708 286//286
f 715//715 706//706 712//712
f 715//715 709//709 706//706
f 716//716 712//712 714//714
f 717//717 718//718 711//711
f 717//717 710//710 713//713
f 717//717 711//711 710//710
f 719//719 709//709 715//715
f 719//719 713//713 709//709
f 720//720 714//714 288//288
f 720//720 716//716 714//714
f 721//721 712//712 716//716
f 721//721 715//715 712//712
f 722//722 718//718 717//717
f 722//722 723//723 718//718
f 722//722 717//717 713//713
f 722//722 713//713 719//719
f 724//724 721//721 716//716
f 724//724 716//716 720//720
f 725//725 719//719 715//715
f 725//725 715//715 721//721
f 726//726 288//288 289//289
f 726//726 724//724 720//720
f 726//726 720//720 288//288
f 727//727 725//725 721//721
f 727//727 721//721 724//724
f 728//728 724//724 726//726
f 729//729 730//730 723//723
f 729//729 723//723 722//722
f 729//729 722//722 719//719
f 729//729 719//719 725//725
f 731//731 289//289 290//290
f 731//731 290//290 291//291
f 731//731 726//726 289//289
f 732//732 729//729 725//725
f 732//732 725//725 727//727
f 733//733 724//724 728//728
f 733//733 727//727 724//724
f 734//734 729//729 732//732
f 734//734 735//735 730//730
f 734//734 730//730 729//729
f 736//736 726//726 731//731
f 736//736 728//728 726//726
f 737//737 727//727 733//733
f 737//737 732//732 727//727
f 738//738 736//736 731//731
f 738//738 731//731 291//291
f 739//739 733//733 728//728
f 739//739 728//728 736//736
f 740//740 734//734 732//732
f 740//740 735//735 734//734
f 740//740 732//732 737//737
f 740//740 741//741 735//735
f 742//742 736//736 738//738
f 742//742 739//739 736//736
f 743//743 733//733 739//739
f 743//743 737//737 733//733
f 744//744 738//738 291//291
f 744//744 291//291 292//292
f 744//744 742//742 738//738
f 745//745 743//743 739//739
f 745//745 739//739 742//742
f 746//746 737//737 743//743
f 746//746 740//740 737//737
f 746//746 741//741 740//740
f 746//746 747//747 741//741
f 748//748 742//742 744//744
f 749//749 746//746 743//743
f 749//749 743//743 745//745
f 750//750 292//292 293//293
f 750//750 293//293 294//294
f 750//750 744//744 292//292
f 751//751 745//745 742//742
f 751//751 742//742 748//748
f 752//752 753//753 747//747
f 752//752 746//746 749//749
f 752//752 747//747 746//746
f 754//754 744//744 750//750
f 754//754 748//748 744//744
f 755//755 749//749 745//745
f 755//755 745//745 751//751
f 756//756 750//750 294//294
f 756//756 754//754 750//750
f 757//757 751//751 748//748
f 757//757 748//748 754//754
f 758//758 759//759 753//753
f 758//758 753//753 752//752
f 758//758 749//749 755//755
f 758//758 752//752 749//749
f 760//760 757//757 754//754
f 760//760 754//754 756//756
f 761//761 755//755 751//751
f 761//761 751//751 757//757
f 762//762 294//294 295//295
f 762//762 756//756 294//294
f 763//763 757//757 760//760
f 763//763 761//761 757//757
f 764//764 765//765 759//759
f 764//764 755//755 761//761
f 764//764 759//759 758//758
f 764//764 758//758 755//755
f 766//766 760//760 756//756
f 766//766 756//756 762//762
f 767//767 761//761 763//763
f 767//767 764//764 761//761
f 768//768 295//295 296//296
f 768//768 296//296 297//297
f 768//768 762//762 295//295
f 768//768 766//766 762//762
f 769//769 760//760 766//766
f 769//769 763//763 760//760
f 770//770 771//771 765//765
f 770//770 765//765 764//764
f 770//770 764//764 767//767
f 772//772 766//766 768//768
f 773//773 767//767 763//763
f 773//773 763//763 769//769
f 774//774 772//772 768//768
f 774//774 768//768 297//297
f 775//775 769//769 766//766
f 775//775 766//766 772//772
f 776//776 770//770 767//767
f 776//776 777//777 771//771
f 776//776 771//771 770//770
f 776//776 767//767 773//773
f 778//778 775//775 772//772
f 778//778 772//772 774//774
f 779//779 769//769 775//775
f 779//779 773//773 769//769
f 780//780 297//297 298//298
f 780//780 774//774 297//297
f 781//781 775//775 778//778
f 781//781 779//779 775//775
f 782//782 773//773 779//779
f 782//782 777//777 776//776
f 782//782 776//776 773//773
f 782//782 783//783 777//777
f 784//784 778//778 774//774
f 784//784 774//774 780//780
f 785//785 779//779 781//781
f 785//785 782//782 779//779
f 786//786 780//780 298//298
f 786//786 298//298 299//299
f 786//786 299//299 300//300
f 786//786 784//784 780//780
f 787//787 781//781 778//778
f 787//787 778//778 784//784
f 788//788 782//782 785//785
f 788//788 783//783 782//782
f 788//788 789//789 783//783
f 790//790 784//784 786//786
f 791//791 785//785 781//781
f 791//791 781//781 787//787
f 792//792 786//786 300//300
f 792//792 790//790 786//786
f 793//793 787//787 784//784
f 793//793 784//784 790//790
f 794//794 795//795 789//789
f 794//794 785//785 791//791
f 794//794 788//788 785//785
f 794//794 789//789 788//788
f 796//796 790//790 792//792
f 796//796 793//793 790//790
f 797//797 791//791 787//787
f 797//797 787//787 793//793
f 798//798 300//300 301//301
f 798//798 792//792 300//300
f 798//798 796//796 792//792
f 656//656 793//793 796//796
f 656//656 797//797 793//793
f 799//799 800//800 795//795
f 799//799 791//791 797//797
f 799//799 795//795 794//794
f 799//799 794//794 791//791
f 652//652 796//796 798//798
f 655//655 797//797 656//656
f 655//655 799//799 797//797
f 653//653 301//301 302//302
f 653//653 798//798 301//301
f 653//653 652//652 798//798
f 657//657 656//656 796//796
f 657//657 796//796 652//652
f 663//663 799//799 655//655
f 663//663 662//662 800//800
f 663//663 800//800 799//799
f 801//801 802//802 803//803
f 804//804 805//805 806//806
f 804//804 806//806 807//807
f 808//808 327//327 304//304
f 808//808 803//803 327//327
f 809//809 802//802 801//801
f 809//809 807//807 802//802
f 810//810 805//805 804//804
f 810//810 811//811 812//812
f 810//810 813//813 805//805
f 810//810 812//812 813//813
f 814//814 803//803 808//808
f 814//814 801//801 803//803
f 815//815 807//807 809//809
f 815//815 804//804 807//807
f 816//816 304//304 303//303
f 816//816 303//303 305//305
f 817//817 818//818 819//819
f 816//816 814//814 808//808
f 816//816 808//808 304//304
f 820//820 809//809 801//801
f 820//820 801//801 814//814
f 821//821 811//811 810//810
f 821//821 804//804 815//815
f 821//821 822//822 811//811
f 821//821 810//810 804//804
f 823//823 814//814 816//816
f 824//824 809//809 820//820
f 824//824 815//815 809//809
f 825//825 823//823 816//816
f 825//825 816//816 305//305
f 826//826 820//820 814//814
f 826//826 814//814 823//823
f 827//827 821//821 815//815
f 827//827 822//822 821//821
f 827//827 815//815 824//824
f 827//827 828//828 822//822
f 829//829 826//826 823//823
f 829//829 823//823 825//825
f 830//830 824//824 820//820
f 830//830 820//820 826//826
f 831//831 305//305 308//308
f 831//831 825//825 305//305
f 831//831 829//829 825//825
f 831//831 308//308 832//832
f 833//833 830//830 826//826
f 833//833 826//826 829//829
f 834//834 828//828 827//827
f 834//834 827//827 824//824
f 834//834 824//824 830//830
f 834//834 835//835 828//828
f 836//836 831//831 832//832
f 836//836 832//832 837//837
f 836//836 837//837 838//838
f 836//836 829//829 831//831
f 839//839 830//830 833//833
f 839//839 834//834 830//830
f 840//840 833//833 829//829
f 840//840 829//829 836//836
f 840//840 838//838 841//841
f 840//840 836//836 838//838
f 842//842 843//843 835//835
f 842//842 835//835 834//834
f 842//842 834//834 839//839
f 844//844 839//839 833//833
f 844//844 833//833 840//840
f 844//844 840//840 841//841
f 845//845 844//844 841//841
f 845//845 839//839 844//844
f 845//845 841//841 819//819
f 845//845 842//842 839//839
f 845//845 843//843 842//842
f 845//845 819//819 843//843
f 832//832 308//308 307//307
f 818//818 843//843 819//819
f 846//846 832//832 307//307
f 846//846 307//307 306//306
f 847//847 837//837 832//832
f 847//847 838//838 837//837
f 847//847 832//832 846//846
f 848//848 306//306 309//309
f 848//848 309//309 310//310
f 848//848 846//846 306//306
f 849//849 841//841 838//838
f 849//849 838//838 847//847
f 850//850 847//847 846//846
f 850//850 846//846 848//848
f 850//850 849//849 847//847
f 851//851 819//819 841//841
f 851//851 841//841 849//849
f 852//852 848//848 310//310
f 852//852 850//850 848//848
f 853//853 849//849 850//850
f 853//853 851//851 849//849
f 854//854 855//855 817//817
f 854//854 819//819 851//851
f 854//854 817//817 819//819
f 856//856 853//853 850//850
f 856//856 850//850 852//852
f 857//857 851//851 853//853
f 857//857 854//854 851//851
f 858//858 310//310 311//311
f 858//858 852//852 310//310
f 859//859 853//853 856//856
f 859//859 857//857 853//853
f 860//860 861//861 855//855
f 860//860 855//855 854//854
f 860//860 854//854 857//857
f 862//862 852//852 858//858
f 862//862 856//856 852//852
f 863//863 860//860 857//857
f 863//863 857//857 859//859
f 864//864 311//311 312//312
f 864//864 312//312 313//313
f 864//864 862//862 858//858
f 864//864 858//858 311//311
f 865//865 856//856 862//862
f 865//865 859//859 856//856
f 866//866 862//862 864//864
f 867//867 868//868 861//861
f 867//867 860//860 863//863
f 867//867 861//861 860//860
f 869//869 859//859 865//865
f 869//869 863//863 859//859
f 870//870 864//864 313//313
f 870//870 866//866 864//864
f 871//871 862//862 866//866
f 871//871 865//865 862//862
f 872//872 868//868 867//867
f 872//872 873//873 868//868
f 872//872 867//867 863//863
f 872//872 863//863 869//869
f 874//874 871//871 866//866
f 874//874 866//866 870//870
f 875//875 869//869 865//865
f 875//875 865//865 871//871
f 876//876 313//313 314//314
f 876//876 874//874 870//870
f 876//876 870//870 313//313
f 877//877 875//875 871//871
f 877//877 871//871 874//874
f 878//878 874//874 876//876
f 879//879 880//880 873//873
f 879//879 873//873 872//872
f 879//879 872//872 869//869
f 879//879 869//869 875//875
f 881//881 314//314 315//315
f 881//881 315//315 316//316
f 881//881 876//876 314//314
f 882//882 879//879 875//875
f 882//882 875//875 877//877
f 883//883 874//874 878//878
f 883//883 877//877 874//874
f 884//884 879//879 882//882
f 884//884 885//885 880//880
f 884//884 880//880 879//879
f 886//886 876//876 881//881
f 886//886 878//878 876//876
f 887//887 877//877 883//883
f 887//887 882//882 877//877
f 888//888 886//886 881//881
f 888//888 881//881 316//316
f 889//889 883//883 878//878
f 889//889 878//878 886//886
f 890//890 884//884 882//882
f 890//890 885//885 884//884
f 890//890 882//882 887//887
f 890//890 891//891 885//885
f 892//892 886//886 888//888
f 892//892 889//889 886//886
f 893//893 883//883 889//889
f 893//893 887//887 883//883
f 894//894 888//888 316//316
f 894//894 316//316 317//317
f 894//894 892//892 888//888
f 895//895 893//893 889//889
f 895//895 889//889 892//892
f 896//896 887//887 893//893
f 896//896 890//890 887//887
f 896//896 891//891 890//890
f 896//896 897//897 891//891
f 898//898 892//892 894//894
f 899//899 896//896 893//893
f 899//899 893//893 895//895
f 900//900 317//317 318//318
f 900//900 318//318 319//319
f 900//900 894//894 317//317
f 901//901 895//895 892//892
f 901//901 892//892 898//898
f 902//902 903//903 897//897
f 902//902 896//896 899//899
f 902//902 897//897 896//896
f 904//904 894//894 900//900
f 904//904 898//898 894//894
f 905//905 899//899 895//895
f 905//905 895//895 901//901
f 906//906 900//900 319//319
f 906//906 904//904 900//900
f 907//907 901//901 898//898
f 907//907 898//898 904//904
f 908//908 909//909 903//903
f 908//908 903//903 902//902
f 908//908 899//899 905//905
f 908//908 902//902 899//899
f 910//910 907//907 904//904
f 910//910 904//904 906//906
f 911//911 905//905 901//901
f 911//911 901//901 907//907
f 912//912 319//319 320//320
f 912//912 906//906 319//319
f 913//913 907//907 910//910
f 913//913 911//911 907//907
f 914//914 915//915 909//909
f 914//914 905//905 911//911
f 914//914 909//909 908//908
f 914//914 908//908 905//905
f 916//916 910//910 906//906
f 916//916 906//906 912//912
f 917//917 911//911 913//913
f 917//917 914//914 911//911
f 918//918 320//320 321//321
f 918//918 321//321 322//322
f 918//918 912//912 320//320
f 918//918 916//916 912//912
f 919//919 910//910 916//916
f 919//919 913//913 910//910
f 920//920 921//921 915//915
f 920//920 915//915 914//914
f 920//920 914//914 917//917
f 922//922 916//916 918//918
f 923//923 917//917 913//913
f 923//923 913//913 919//919
f 924//924 922//922 918//918
f 924//924 918//918 322//322
f 925//925 919//919 916//916
f 925//925 916//916 922//922
f 926//926 920//920 917//917
f 926//926 927//927 921//921
f 926//926 921//921 920//920
f 926//926 917//917 923//923
f 928//928 925//925 922//922
f 928//928 922//922 924//924
f 929//929 919//919 925//925
f 929//929 923//923 919//919
f 930//930 322//322 323//323
f 930//930 924//924 322//322
f 931//931 925//925 928//928
f 931//931 929//929 925//925
f 932//932 923//923 929//929
f 932//932 927//927 926//926
f 932//932 926//926 923//923
f 932//932 933//933 927//927
f 934//934 928//928 924//924
f 934//934 924//924 930//930
f 935//935 929//929 931//931
f 935//935 932//932 929//929
f 936//936 930//930 323//323
f 936//936 323//323 324//324
f 936//936 324//324 325//325
f 936//936 934//934 930//930
f 937//937 931//931 928//928
f 937//937 928//928 934//934
f 938//938 932//932 935//935
f 938//938 933//933 932//932
f 938//938 939//939 933//933
f 940//940 934//934 936//936
f 941//941 935//935 931//931
f 941//941 931//931 937//937
f 942//942 936//936 325//325
f 942//942 940//940 936//936
f 943//943 937//937 934//934
f 943//943 934//934 940//940
f 944//944 945//945 939//939
f 944//944 935//935 941//941
f 944//944 938//938 935//935
f 944//944 939//939 938//938
f 946//946 940//940 942//942
f 946//946 943//943 940//940
f 947//947 941//941 937//937
f 947//947 937//937 943//943
f 948//948 325//325 326//326
f 948//948 942//942 325//325
f 948//948 946//946 942//942
f 806//806 943//943 946//946
f 806//806 947//947 943//943
f 949//949 950//950 945//945
f 949//949 941//941 947//947
f 949//949 945//945 944//944
f 949//949 944//944 941//941
f 802//802 946//946 948//948
f 805//805 947//947 806//806
f 805//805 949//949 947//947
f 803//803 326//326 327//327
f 803//803 948//948 326//326
f 803//803 802//802 948//948
f 807//807 806//806 946//946
f 807//807 946//946 802//802
f 813//813 949//949 805//805
f 813//813 812//812 950//950
f 813//813 950//950 949//949
f 951//951 952//952 953//953
f 954//954 955//955 956//956
f 954//954 956//956 957//957
f 958//958 352//352 329//329
f 958//958 953//953 352//352
f 959//959 952//952 951//951
f 959//959 957//957 952//952
f 960//960 955//955 954//954
f 960//960 961//961 962//962
f 960//960 963//963 955//955
f 960//960 962//962 963//963
f 964//964 953//953 958//958
f 964//964 951//951 953//953
f 965//965 957//957 959//959
f 965//965 954//954 957//957
f 966//966 329//329 328//328
f 966//966 328//328 330//330
f 967//967 968//968 969//969
f 966//966 964//964 958//958
f 966//966 958//958 329//329
f 970//970 959//959 951//951
f 970//970 951//951 964//964
f 971//971 961//961 960//960
f 971//971 954//954 965//965
f 971//971 972//972 961//961
f 971//971 960//960 954//954
f 973//973 964//964 966//966
f 974//974 959//959 970//970
f 974//974 965//965 959//959
f 975//975 973//973 966//966
f 975//975 966//966 330//330
f 976//976 970//970 964//964
f 976//976 964//964 973//973
f 977//977 971//971 965//965
f 977//977 972//972 971//971
f 977//977 965//965 974//974
f 977//977 978//978 972//972
f 979//979 976//976 973//973
f 979//979 973//973 975//975
f 980//980 974//974 970//970
f 980//980 970//970 976//976
f 981//981 330//330 333//333
f 981//981 975//975 330//330
f 981//981 979//979 975//975
f 981//981 333//333 982//982
f 983//983 980//980 976//976
f 983//983 976//976 979//979
f 984//984 978//978 977//977
f 984//984 977//977 974//974
f 984//984 974//974 980//980
f 984//984 985//985 978//978
f 986//986 981//981 982//982
f 986//986 982//982 987//987
f 986//986 987//987 988//988
f 986//986 979//979 981//981
f 989//989 980//980 983//983
f 989//989 984//984 980//980
f 990//990 983//983 979//979
f 990//990 979//979 986//986
f 990//990 988//988 991//991
f 990//990 986//986 988//988
f 992//992 993//993 985//985
f 992//992 985//985 984//984
f 992//992 984//984 989//989
f 994//994 989//989 983//983
f 994//994 983//983 990//990
f 994//994 990//990 991//991
f 995//995 994//994 991//991
f 995//995 989//989 994//994
f 995//995 991//991 969//969
f 995//995 992//992 989//989
f 995//995 993//993 992//992
f 995//995 969//969 993//993
f 982//982 333//333 332//332
f 968//968 993//993 969//969
f 996//996 982//982 332//332
f 996//996 332//332 331//331
f 997//997 987//987 982//982
f 997//997 988//988 987//987
f 997//997 982//982 996//996
f 998//998 331//331 334//334
f 998//998 334//334 335//335
f 998//998 996//996 331//331
f 999//999 991//991 988//988
f 999//999 988//988 997//997
f 1000//1000 997//997 996//996
f 1000//1000 996//996 998//998
f 1000//1000 999//999 997//997
f 1001//1001 969//969 991//991
f 1001//1001 991//991 999//999
f 1002//1002 998//998 335//335
f 1002//1002 1000//1000 998//998
f 1003//1003 999//999 1000//1000
f 1003//1003 1001//1001 999//999
f 1004//1004 1005//1005 967//967
f 1004//1004 969//969 1001//1001
f 1004//1004 967//967 969//969
f 1006//1006 1003//1003 1000//1000
f 1006//1006 1000//1000 1002//1002
f 1007//1007 1001//1001 1003//1003
f 1007//1007 1004//1004 1001//1001
f 1008//1008 335//335 336//336
f 1008//1008 1002//1002 335//335
f 1009//1009 1003//1003 1006//1006
f 1009//1009 1007//1007 1003//1003
f 1010//1010 1011//1011 1005//1005
f 1010//1010 1005//1005 1004//1004
f 1010//1010 1004//1004 1007//1007
f 1012//1012 1002//1002 1008//1008
f 1012//1012 1006//1006 1002//1002
f 1013//1013 1010//1010 1007//1007
f 1013//1013 1007//1007 1009//1009
f 1014//1014 336//336 337//337
f 1014//1014 337//337 338//338
f 1014//1014 1012//1012 1008//1008
f 1014//1014 1008//1008 336//336
f 1015//1015 1006//1006 1012//1012
f 1015//1015 1009//1009 1006//1006
f 1016//1016 1012//1012 1014//1014
f 1017//1017 1018//1018 1011//1011
f 1017//1017 1010//1010 1013//1013
f 1017//1017 1011//1011 1010//1010
f 1019//1019 1009//1009 1015//1015
f 1019//1019 1013//1013 1009//1009
f 1020//1020 1014//1014 338//338
f 1020//1020 1016//1016 1014//1014
f 1021//1021 1012//1012 1016//1016
f 1021//1021 1015//1015 1012//1012
f 1022//1022 1018//1018 1017//1017
f 1022//1022 1023//1023 1018//1018
f 1022//1022 1017//1017 1013//1013
f 1022//1022 1013//1013 1019//1019
f 1024//1024 1021//1021 1016//1016
f 1024//1024 1016//1016 1020//1020
f 1025//1025 1019//1019 1015//1015
f 1025//1025 1015//1015 1021//1021
f 1026//1026 338//338 339//339
f 1026//1026 1024//1024 1020//1020
f 1026//1026 1020//1020 338//338
f 1027//1027 1025//1025 1021//1021
f 1027//1027 1021//1021 1024//1024
f 1028//1028 1024//1024 1026//1026
f 1029//1029 1030//1030 1023//1023
f 1029//1029 1023//1023 1022//1022
f 1029//1029 1022//1022 1019//1019
f 1029//1029 1019//1019 1025//1025
f 1031//1031 339//339 340//340
f 1031//1031 340//340 341//341
f 1031//1031 1026//1026 339//339
f 1032//1032 1029//1029 1025//1025
f 1032//1032 1025//1025 1027//1027
f 1033//1033 1024//1024 1028//1028
f 1033//1033 1027//1027 1024//1024
f 1034//1034 1029//1029 1032//1032
f 1034//1034 1035//1035 1030//1030
f 1034//1034 1030//1030 1029//1029
f 1036//1036 1026//1026 1031//1031
f 1036//1036 1028//1028 1026//1026
f 1037//1037 1027//1027 1033//1033
f 1037//1037 1032//1032 1027//1027
f 1038//1038 1036//1036 1031//1031
f 1038//1038 1031//1031 341//341
f 1039//1039 1033//1033 1028//1028
f 1039//1039 1028//1028 1036//1036
f 1040//1040 1034//1034 1032//1032
f 1040//1040 1035//1035 1034//1034
f 1040//1040 1032//1032 1037//1037
f 1040//1040 1041//1041 1035//1035
f 1042//1042 1036//1036 1038//1038
f 1042//1042 1039//1039 1036//1036
f 1043//1043 1033//1033 1039//1039
f 1043//1043 1037//1037 1033//1033
f 1044//1044 1038//1038 341//341
f 1044//1044 341//341 342//342
f 1044//1044 1042//1042 1038//1038
f 1045//1045 1043//1043 1039//1039
f 1045//1045 1039//1039 1042//1042
f 1046//1046 1037//1037 1043//1043
f 1046//1046 1040//1040 1037//1037
f 1046//1046 1041//1041 1040//1040
f 1046//1046 1047//1047 1041//1041
f 1048//1048 1042//1042 1044//1044
f 1049//1049 1046//1046 1043//1043
f 1049//1049 1043//1043 1045//1045
f 1050//1050 342//342 343//343
f 1050//1050 343//343 344//344
f 1050//1050 1044//1044 342//342
f 1051//1051 1045//1045 1042//1042
f 1051//1051 1042//1042 1048//1048
f 1052//1052 1053//1053 1047//1047
f 1052//1052 1046//1046 1049//1049
f 1052//1052 1047//1047 1046//1046
f 1054//1054 1044//1044 1050//1050
f 1054//1054 1048//1048 1044//1044
f 1055//1055 1049//1049 1045//1045
f 1055//1055 1045//1045 1051//1051
f 1056//1056 1050//1050 344//344
f 1056//1056 1054//1054 1050//1050
f 1057//1057 1051//1051 1048//1048
f 1057//1057 1048//1048 1054//1054
f 1058//1058 1059//1059 1053//1053
f 1058//1058 1053//1053 1052//1052
f 1058//1058 1049//1049 1055//1055
f 1058//1058 1052//1052 1049//1049
f 1060//1060 1057//1057 1054//1054
f 1060//1060 1054//1054 1056//1056
f 1061//1061 1055//1055 1051//1051
f 1061//1061 1051//1051 1057//1057
f 1062//1062 344//344 345//345
f 1062//1062 1056//1056 344//344
f 1063//1063 1057//1057 1060//1060
f 1063//1063 1061//1061 1057//1057
f 1064//1064 1065//1065 1059//1059
f 1064//1064 1055//1055 1061//1061
f 1064//1064 1059//1059 1058//1058
f 1064//1064 1058//1058 1055//1055
f 1066//1066 1060//1060 1056//1056
f 1066//1066 1056//1056 1062//1062
f 1067//1067 1061//1061 1063//1063
f 1067//1067 1064//1064 1061//1061
f 1068//1068 345//345 346//346
f 1068//1068 346//346 347//347
f 1068//1068 1062//1062 345//345
f 1068//1068 1066//1066 1062//1062
f 1069//1069 1060//1060 1066//1066
f 1069//1069 1063//1063 1060//1060
f 1070//1070 1071//1071 1065//1065
f 1070//1070 1065//1065 1064//1064
f 1070//1070 1064//1064 1067//1067
f 1072//1072 1066//1066 1068//1068
f 1073//1073 1067//1067 1063//1063
f 1073//1073 1063//1063 1069//1069
f 1074//1074 1072//1072 1068//1068
f 1074//1074 1068//1068 347//347
f 1075//1075 1069//1069 1066//1066
f 1075//1075 1066//1066 1072//1072
f 1076//1076 1070//1070 1067//1067
f 1076//1076 1077//1077 1071//1071
f 1076//1076 1071//1071 1070//1070
f 1076//1076 1067//1067 1073//1073
f 1078//1078 1075//1075 1072//1072
f 1078//1078 1072//1072 1074//1074
f 1079//1079 1069//1069 1075//1075
f 1079//1079 1073//1073 1069//1069
f 1080//1080 347//347 348//348
f 1080//1080 1074//1074 347//347
f 1081//1081 1075//1075 1078//1078
f 1081//1081 1079//1079 1075//1075
f 1082//1082 1073//1073 1079//1079
f 1082//1082 1077//1077 1076//1076
f 1082//1082 1076//1076 1073//1073
f 1082//1082 1083//1083 1077//1077
f 1084//1084 1078//1078 1074//1074
f 1084//1084 1074//1074 1080//1080
f 1085//1085 1079//1079 1081//1081
f 1085//1085 1082//1082 1079//1079
f 1086//1086 1080//1080 348//348
f 1086//1086 348//348 349//349
f 1086//1086 349//349 350//350
f 1086//1086 1084//1084 1080//1080
f 1087//1087 1081//1081 1078//1078
f 1087//1087 1078//1078 1084//1084
f 1088//1088 1082//1082 1085//1085
f 1088//1088 1083//1083 1082//1082
f 1088//1088 1089//1089 1083//1083
f 1090//1090 1084//1084 1086//1086
f 1091//1091 1085//1085 1081//1081
f 1091//1091 1081//1081 1087//1087
f 1092//1092 1086//1086 350//350
f 1092//1092 1090//1090 1086//1086
f 1093//1093 1087//1087 1084//1084
f 1093//1093 1084//1084 1090//1090
f 1094//1094 1095//1095 1089//1089
f 1094//1094 1085//1085 1091//1091
f 1094//1094 1088//1088 1085//1085
f 1094//1094 1089//1089 1088//1088
f 1096//1096 1090//1090 1092//1092
f 1096//1096 1093//1093 1090//1090
f 1097//1097 1091//1091 1087//1087
f 1097//1097 1087//1087 1093//1093
f 1098//1098 350//350 351//351
f 1098//1098 1092//1092 350//350
f 1098//1098 1096//1096 1092//1092
f 956//956 1093//1093 1096//1096
f 956//956 1097//1097 1093//1093
f 1099//1099 1100//1100 1095//1095
f 1099//1099 1091//1091 1097//1097
f 1099//1099 1095//1095 1094//1094
f 1099//1099 1094//1094 1091//1091
f 952//952 1096//1096 1098//1098
f 955//955 1097//1097 956//956
f 955//955 1099//1099 1097//1097
f 953//953 351//351 352//352
f 953//953 1098//1098 351//351
f 953//953 952//952 1098//1098
f 957//957 956//956 1096//1096
f 957//957 1096//1096 952//952
f 963//963 1099//1099 955//955
f 963//963 962//962 1100//1100
f 963//963 1100//1100 1099//1099
f 1101//1101 1102//1102 1103//1103
f 1104//1104 1105//1105 1106//1106
f 1104//1104 1106//1106 1107//1107
f 1108//1108 377//377 354//354
f 1108//1108 1103//1103 377//377
f 1109//1109 1102//1102 1101//1101
f 1109//1109 1107//1107 1102//1102
f 1110//1110 1105//1105 1104//1104
f 1110//1110 1111//1111 1112//1112
f 1110//1110 1113//1113 1105//1105
f 1110//1110 1112//1112 1113//1113
f 1114//1114 1103//1103 1108//1108
f 1114//1114 1101//1101 1103//1103
f 1115//1115 1107//1107 1109//1109
f 1115//1115 1104//1104 1107//1107
f 1116//1116 354//354 353//353
f 1116//1116 353//353 355//355
f 1117//1117 1118//1118 1119//1119
f 1116//1116 1114//1114 1108//1108
f 1116//1116 1108//1108 354//354
f 1120//1120 1109//1109 1101//1101
f 1120//1120 1101//1101 1114//1114
f 1121//1121 1111//1111 1110//1110
f 1121//1121 1104//1104 1115//1115
f 1121//1121 1122//1122 1111//1111
f 1121//1121 1110//1110 1104//1104
f 1123//1123 1114//1114 1116//1116
f 1124//1124 1109//1109 1120//1120
f 1124//1124 1115//1115 1109//1109
f 1125//1125 1123//1123 1116//1116
f 1125//1125 1116//1116 355//355
f 1126//1126 1120//1120 1114//1114
f 1126//1126 1114//1114 1123//1123
f 1127//1127 1121//1121 1115//1115
f 1127//1127 1122//1122 1121//1121
f 1127//1127 1115//1115 1124//1124
f 1127//1127 1128//1128 1122//1122
f 1129//1129 1126//1126 1123//1123
f 1129//1129 1123//1123 1125//1125
f 1130//1130 1124//1124 1120//1120
f 1130//1130 1120//1120 1126//1126
f 1131//1131 355//355 358//358
f 1131//1131 1125//1125 355//355
f 1131//1131 1129//1129 1125//1125
f 1131//1131 358//358 1132//1132
f 1133//1133 1130//1130 1126//1126
f 1133//1133 1126//1126 1129//1129
f 1134//1134 1128//1128 1127//1127
f 1134//1134 1127//1127 1124//1124
f 1134//1134 1124//1124 1130//1130
f 1134//1134 1135//1135 1128//1128
f 1136//1136 1131//1131 1132//1132
f 1136//1136 1132//1132 1137//1137
f 1136//1136 1137//1137 1138//1138
f 1136//1136 1129//1129 1131//1131
f 1139//1139 1130//1130 1133//1133
f 1139//1139 1134//1134 1130//1130
f 1140//1140 1133//1133 1129//1129
f 1140//1140 1129//1129 1136//1136
f 1140//1140 1138//1138 1141//1141
f 1140//1140 1136//1136 1138//1138
f 1142//1142 1143//1143 1135//1135
f 1142//1142 1135//1135 1134//1134
f 1142//1142 1134//1134 1139//1139
f 1144//1144 1139//1139 1133//1133
f 1144//1144 1133//1133 1140//1140
f 1144//1144 1140//1140 1141//1141
f 1145//1145 1144//1144 1141//1141
f 1145//1145 1139//1139 1144//1144
f 1145//1145 1141//1141 1119//1119
f 1145//1145 1142//1142 1139//1139
f 1145//1145 1143//1143 1142//1142
f 1145//1145 1119//1119 1143//1143
f 1132//1132 358//358 357//357
f 1118//1118 1143//1143 1119//1119
f 1146//1146 1132//1132 357//357
f 1146//1146 357//357 356//356
f 1147//1147 1137//1137 1132//1132
f 1147//1147 1138//1138 1137//1137
f 1147//1147 1132//1132 1146//1146
f 1148//1148 356//356 359//359
f 1148//1148 359//359 360//360
f 1148//1148 1146//1146 356//356
f 1149//1149 1141//1141 1138//1138
f 1149//1149 1138//1138 1147//1147
f 1150//1150 1147//1147 1146//1146
f 1150//1150 1146//1146 1148//1148
f 1150//1150 1149//1149 1147//1147
f 1151//1151 1119//1119 1141//1141
f 1151//1151 1141//1141 1149//1149
f 1152//1152 1148//1148 360//360
f 1152//1152 1150//1150 1148//1148
f 1153//1153 1149//1149 1150//1150
f 1153//1153 1151//1151 1149//1149
f 1154//1154 1155//1155 1117//1117
f 1154//1154 1119//1119 1151//1151
f 1154//1154 1117//1117 1119//1119
f 1156//1156 1153//1153 1150//1150
f 1156//1156 1150//1150 1152//1152
f 1157//1157 1151//1151 1153//1153
f 1157//1157 1154//1154 1151//1151
f 1158//1158 360//360 361//361
f 1158//1158 1152//1152 360//360
f 1159//1159 1153//1153 1156//1156
f 1159//1159 1157//1157 1153//1153
f 1160//1160 1161//1161 1155//1155
f 1160//1160 1155//1155 1154//1154
f 1160//1160 1154//1154 1157//1157
f 1162//1162 1152//1152 1158//1158
f 1162//1162 1156//1156 1152//1152
f 1163//1163 1160//1160 1157//1157
f 1163//1163 1157//1157 1159//1159
f 1164//1164 361//361 362//362
f 1164//1164 362//362 363//363
f 1164//1164 1162//1162 1158//1158
f 1164//1164 1158//1158 361//361
f 1165//1165 1156//1156 1162//1162
f 1165//1165 1159//1159 1156//1156
f 1166//1166 1162//1162 1164//1164
f 1167//1167 1168//1168 1161//1161
f 1167//1167 1160//1160 1163//1163
f 1167//1167 1161//1161 1160//1160
f 1169//1169 1159//1159 1165//1165
f 1169//1169 1163//1163 1159//1159
f 1170//1170 1164//1164 363//363
f 1170//1170 1166//1166 1164//1164
f 1171//1171 1162//1162 1166//1166
f 1171//1171 1165//1165 1162//1162
f 1172//1172 1168//1168 1167//1167
f 1172//1172 1173//1173 1168//1168
f 1172//1172 1167//1167 1163//1163
f 1172//1172 1163//1163 1169//1169
f 1174//1174 1171//1171 1166//1166
f 1174//1174 1166//1166 1170//1170
f 1175//1175 1169//1169 1165//1165
f 1175//1175 1165//1165 1171//1171
f 1176//1176 363//363 364//364
f 1176//1176 1174//1174 1170//1170
f 1176//1176 1170//1170 363//363
f 1177//1177 1175//1175 1171//1171
f 1177//1177 1171//1171 1174//1174
f 1178//1178 1174//1174 1176//1176
f 1179//1179 1180//1180 1173//1173
f 1179//1179 1173//1173 1172//1172
f 1179//1179 1172//1172 1169//1169
f 1179//1179 1169//1169 1175//1175
f 1181//1181 364//364 365//365
f 1181//1181 365//365 366//366
f 1181//1181 1176//1176 364//364
f 1182//1182 1179//1179 1175//1175
f 1182//1182 1175//1175 1177//1177
f 1183//1183 1174//1174 1178//1178
f 1183//1183 1177//1177 1174//1174
f 1184//1184 1179//1179 1182//1182
f 1184//1184 1185//1185 1180//1180
f 1184//1184 1180//1180 1179//1179
f 1186//1186 1176//1176 1181//1181
f 1186//1186 1178//1178 1176//1176
f 1187//1187 1177//1177 1183//1183
f 1187//1187 1182//1182 1177//1177
f 1188//1188 1186//1186 1181//1181
f 1188//1188 1181//1181 366//366
f 1189//1189 1183//1183 1178//1178
f 1189//1189 1178//1178 1186//1186
f 1190//1190 1184//1184 1182//1182
f 1190//1190 1185//1185 1184//1184
f 1190//1190 1182//1182 1187//1187
f 1190//1190 1191//1191 1185//1185
f 1192//1192 1186//1186 1188//1188
f 1192//1192 1189//1189 1186//1186
f 1193//1193 1183//1183 1189//1189
f 1193//1193 1187//1187 1183//1183
f 1194//1194 1188//1188 366//366
f 1194//1194 366//366 367//367
f 1194//1194 1192//1192 1188//1188
f 1195//1195 1193//1193 1189//1189
f 1195//1195 1189//1189 1192//1192
f 1196//1196 1187//1187 1193//1193
f 1196//1196 1190//1190 1187//1187
f 1196//1196 1191//1191 1190//1190
f 1196//1196 1197//1197 1191//1191
f 1198//1198 1192//1192 1194//1194
f 1199//1199 1196//1196 1193//1193
f 1199//1199 1193//1193 1195//1195
f 1200//1200 367//367 368//368
f 1200//1200 368//368 369//369
f 1200//1200 1194//1194 367//367
f 1201//1201 1195//1195 1192//1192
f 1201//1201 1192//1192 1198//1198
f 1202//1202 1203//1203 1197//1197
f 1202//1202 1196//1196 1199//1199
f 1202//1202 1197//1197 1196//1196
f 1204//1204 1194//1194 1200//1200
f 1204//1204 1198//1198 1194//1194
f 1205//1205 1199//1199 1195//1195
f 1205//1205 1195//1195 1201//1201
f 1206//1206 1200//1200 369//369
f 1206//1206 1204//1204 1200//1200
f 1207//1207 1201//1201 1198//1198
f 1207//1207 1198//1198 1204//1204
f 1208//1208 1209//1209 1203//1203
f 1208//1208 1203//1203 1202//1202
f 1208//1208 1199//1199 1205//1205
f 1208//1208 1202//1202 1199//1199
f 1210//1210 1207//1207 1204//1204
f 1210//1210 1204//1204 1206//1206
f 1211//1211 1205//1205 1201//1201
f 1211//1211 1201//1201 1207//1207
f 1212//1212 369//369 370//370
f 1212//1212 1206//1206 369//369
f 1213//1213 1207//1207 1210//1210
f 1213//1213 1211//1211 1207//1207
f 1214//1214 1215//1215 1209//1209
f 1214//1214 1205//1205 1211//1211
f 1214//1214 1209//1209 1208//1208
f 1214//1214 1208//1208 1205//1205
f 1216//1216 1210//1210 1206//1206
f 1216//1216 1206//1206 1212//1212
f 1217//1217 1211//1211 1213//1213
f 1217//1217 1214//1214 1211//1211
f 1218//1218 370//370 371//371
f 1218//1218 371//371 372//372
f 1218//1218 1212//1212 370//370
f 1218//1218 1216//1216 1212//1212
f 1219//1219 1210//1210 1216//1216
f 1219//1219 1213//1213 1210//1210
f 1220//1220 1221//1221 1215//1215
f 1220//1220 1215//1215 1214//1214
f 1220//1220 1214//1214 1217//1217
f 1222//1222 1216//1216 1218//1218
f 1223//1223 1217//1217 1213//1213
f 1223//1223 1213//1213 1219//1219
f 1224//1224 1222//1222 1218//1218
f 1224//1224 1218//1218 372//372
f 1225//1225 1219//1219 1216//1216
f 1225//1225 1216//1216 1222//1222
f 1226//1226 1220//1220 1217//1217
f 1226//1226 1227//1227 1221//1221
f 1226//1226 1221//1221 1220//1220
f 1226//1226 1217//1217 1223//1223
f 1228//1228 1225//1225 1222//1222
f 1228//1228 1222//1222 1224//1224
f 1229//1229 1219//1219 1225//1225
f 1229//1229 1223//1223 1219//1219
f 1230//1230 372//372 373//373
f 1230//1230 1224//1224 372//372
f 1231//1231 1225//1225 1228//1228
f 1231//1231 1229//1229 1225//1225
f 1232//1232 1223//1223 1229//1229
f 1232//1232 1227//1227 1226//1226
f 1232//1232 1226//1226 1223//1223
f 1232//1232 1233//1233 1227//1227
f 1234//1234 1228//1228 1224//1224
f 1234//1234 1224//1224 1230//1230
f 1235//1235 1229//1229 1231//1231
f 1235//1235 1232//1232 1229//1229
f 1236//1236 1230//1230 373//373
f 1236//1236 373//373 374//374
f 1236//1236 374//374 375//375
f 1236//1236 1234//1234 1230//1230
f 1237//1237 1231//1231 1228//1228
f 1237//1237 1228//1228 1234//1234
f 1238//1238 1232//1232 1235//1235
f 1238//1238 1233//1233 1232//1232
f 1238//1238 1239//1239 1233//1233
f 1240//1240 1234//1234 1236//1236
f 1241//1241 1235//1235 1231//1231
f 1241//1241 1231//1231 1237//1237
f 1242//1242 1236//1236 375//375
f 1242//1242 1240//1240 1236//1236
f 1243//1243 1237//1237 1234//1234
f 1243//1243 1234//1234 1240//1240
f 1244//1244 1245//1245 1239//1239
f 1244//1244 1235//1235 1241//1241
f 1244//1244 1238//1238 1235//1235
f 1244//1244 1239//1239 1238//1238
f 1246//1246 1240//1240 1242//1242
f 1246//1246 1243//1243 1240//1240
f 1247//1247 1241//1241 1237//1237
f 1247//1247 1237//1237 1243//1243
f 1248//1248 375//375 376//376
f 1248//1248 1242//1242 375//375
f 1248//1248 1246//1246 1242//1242
f 1106//1106 1243//1243 1246//1246
f 1106//1106 1247//1247 1243//1243
f 1249//1249 1250//1250 1245//1245
f 1249//1249 1241//1241 1247//1247
f 1249//1249 1245//1245 1244//1244
f 1249//1249 1244//1244 1241//1241
f 1102//1102 1246//1246 1248//1248
f 1105//1105 1247//1247 1106//1106
f 1105//1105 1249//1249 1247//1247
f 1103//1103 376//376 377//377
f 1103//1103 1248//1248 376//376
f 1103//1103 1102//1102 1248//1248
f 1107//1107 1106//1106 1246//1246
f 1107//1107 1246//1246 1102//1102
f 1113//1113 1249//1249 1105//1105
f 1113//1113 1112//1112 1250//1250
f 1113//1113 1250//1250 1249//1249
f 1251//1251 1252//1252 1253//1253
f 1254//1254 1255//1255 1256//1256
f 1254//1254 1256//1256 1257//1257
f 1258//1258 402//402 379//379
f 1258//1258 1253//1253 402//402
f 1259//1259 1252//1252 1251//1251
f 1259//1259 1257//1257 1252//1252
f 1260//1260 1255//1255 1254//1254
f 1260//1260 1261//1261 1262//1262
f 1260//1260 1263//1263 1255//1255
f 1260//1260 1262//1262 1263//1263
f 1264//1264 1253//1253 1258//1258
f 1264//1264 1251//1251 1253//1253
f 1265//1265 1257//1257 1259//1259
f 1265//1265 1254//1254 1257//1257
f 1266//1266 379//379 378//378
f 1266//1266 378//378 380//380
f 1267//1267 1268//1268 1269//1269
f 1266//1266 1264//1264 1258//1258
f 1266//1266 1258//1258 379//379
f 1270//1270 1259//1259 1251//1251
f 1270//1270 1251//1251 1264//1264
f 1271//1271 1261//1261 1260//1260
f 1271//1271 1254//1254 1265//1265
f 1271//1271 1272//1272 1261//1261
f 1271//1271 1260//1260 1254//1254
f 1273//1273 1264//1264 1266//1266
f 1274//1274 1259//1259 1270//1270
f 1274//1274 1265//1265 1259//1259
f 1275//1275 1273//1273 1266//1266
f 1275//1275 1266//1266 380//380
f 1276//1276 1270//1270 1264//1264
f 1276//1276 1264//1264 1273//1273
f 1277//1277 1271//1271 1265//1265
f 1277//1277 1272//1272 1271//1271
f 1277//1277 1265//1265 1274//1274
f 1277//1277 1278//1278 1272//1272
f 1279//1279 1276//1276 1273//1273
f 1279//1279 1273//1273 1275//1275
f 1280//1280 1274//1274 1270//1270
f 1280//1280 1270//1270 1276//1276
f 1281//1281 380//380 383//383
f 1281//1281 1275//1275 380//380
f 1281//1281 1279//1279 1275//1275
f 1281//1281 383//383 1282//1282
f 1283//1283 1280//1280 1276//1276
f 1283//1283 1276//1276 1279//1279
f 1284//1284 1278//1278 1277//1277
f 1284//1284 1277//1277 1274//1274
f 1284//1284 1274//1274 1280//1280
f 1284//1284 1285//1285 1278//1278
f 1286//1286 1281//1281 1282//1282
f 1286//1286 1282//1282 1287//1287
f 1286//1286 1287//1287 1288//1288
f 1286//1286 1279//1279 1281//1281
f 1289//1289 1280//1280 1283//1283
f 1289//1289 1284//1284 1280//1280
f 1290//1290 1283//1283 1279//1279
f 1290//1290 1279//1279 1286//1286
f 1290//1290 1288//1288 1291//1291
f 1290//1290 1286//1286 1288//1288
f 1292//1292 1293//1293 1285//1285
f 1292//1292 1285//1285 1284//1284
f 1292//1292 1284//1284 1289//1289
f 1294//1294 1289//1289 1283//1283
f 1294//1294 1283//1283 1290//1290
f 1294//1294 1290//1290 1291//1291
f 1295//1295 1294//1294 1291//1291
f 1295//1295 1289//1289 1294//1294
f 1295//1295 1291//1291 1269//1269
f 1295//1295 1292//1292 1289//1289
f 1295//1295 1293//1293 1292//1292
f 1295//1295 1269//1269 1293//1293
f 1282//1282 383//383 382//382
f 1268//1268 1293//1293 1269//1269
f 1296//1296 1282//1282 382//382
f 1296//1296 382//382 381//381
f 1297//1297 1287//1287 1282//1282
f 1297//1297 1288//1288 1287//1287
f 1297//1297 1282//1282 1296//1296
f 1298//1298 381//381 384//384
f 1298//1298 384//384 385//385
f 1298//1298 1296//1296 381//381
f 1299//1299 1291//1291 1288//1288
f 1299//1299 1288//1288 1297//1297
f 1300//1300 1297//1297 1296//1296
f 1300//1300 1296//1296 1298//1298
f 1300//1300 1299//1299 1297//1297
f 1301//1301 1269//1269 1291//1291
f 1301//1301 1291//1291 1299//1299
f 1302//1302 1298//1298 385//385
f 1302//1302 1300//1300 1298//1298
f 1303//1303 1299//1299 1300//1300
f 1303//1303 1301//1301 1299//1299
f 1304//1304 1305//1305 1267//1267
f 1304//1304 1269//1269 1301//1301
f 1304//1304 1267//1267 1269//1269
f 1306//1306 1303//1303 1300//1300
f 1306//1306 1300//1300 1302//1302
f 1307//1307 1301//1301 1303//1303
f 1307//1307 1304//1304 1301//1301
f 1308//1308 385//385 386//386
f 1308//1308 1302//1302 385//385
f 1309//1309 1303//1303 1306//1306
f 1309//1309 1307//1307 1303//1303
f 1310//1310 1311//1311 1305//1305
f 1310//1310 1305//1305 1304//1304
f 1310//1310 1304//1304 1307//1307
f 1312//1312 1302//1302 1308//1308
f 1312//1312 1306//1306 1302//1302
f 1313//1313 1310//1310 1307//1307
f 1313//1313 1307//1307 1309//1309
f 1314//1314 386//386 387//387
f 1314//1314 387//387 388//388
f 1314//1314 1312//1312 1308//1308
f 1314//1314 1308//1308 386//386
f 1315//1315 1306//1306 1312//1312
f 1315//1315 1309//1309 1306//1306
f 1316//1316 1312//1312 1314//1314
f 1317//1317 1318//1318 1311//1311
f 1317//1317 1310//1310 1313//1313
f 1317//1317 1311//1311 1310//1310
f 1319//1319 1309//1309 1315//1315
f 1319//1319 1313//1313 1309//1309
f 1320//1320 1314//1314 388//388
f 1320//1320 1316//1316 1314//1314
f 1321//1321 1312//1312 1316//1316
f 1321//1321 1315//1315 1312//1312
f 1322//1322 1318//1318 1317//1317
f 1322//1322 1323//1323 1318//1318
f 1322//1322 1317//1317 1313//1313
f 1322//1322 1313//1313 1319//1319
f 1324//1324 1321//1321 1316//1316
f 1324//1324 1316//1316 1320//1320
f 1325//1325 1319//1319 1315//1315
f 1325//1325 1315//1315 1321//1321
f 1326//1326 388//388 389//389
f 1326//1326 1324//1324 1320//1320
f 1326//1326 1320//1320 388//388
f 1327//1327 1325//1325 1321//1321
f 1327//1327 1321//1321 1324//1324
f 1328//1328 1324//1324 1326//1326
f 1329//1329 1330//1330 1323//1323
f 1329//1329 1323//1323 1322//1322
f 1329//1329 1322//1322 1319//1319
f 1329//1329 1319//1319 1325//1325
f 1331//1331 389//389 390//390
f 1331//1331 390//390 391//391
f 1331//1331 1326//1326 389//389
f 1332//1332 1329//1329 1325//1325
f 1332//1332 1325//1325 1327//1327
f 1333//1333 1324//1324 1328//1328
f 1333//1333 1327//1327 1324//1324
f 1334//1334 1329//1329 1332//1332
f 1334//1334 1335//1335 1330//1330
f 1334//1334 1330//1330 1329//1329
f 1336//1336 1326//1326 1331//1331
f 1336//1336 1328//1328 1326//1326
f 1337//1337 1327//1327 1333//1333
f 1337//1337 1332//1332 1327//1327
f 1338//1338 1336//1336 1331//1331
f 1338//1338 1331//1331 391//391
f 1339//1339 1333//1333 1328//1328
f 1339//1339 1328//1328 1336//1336
f 1340//1340 1334//1334 1332//1332
f 1340//1340 1335//1335 1334//1334
f 1340//1340 1332//1332 1337//1337
f 1340//1340 1341//1341 1335//1335
f 1342//1342 1336//1336 1338//1338
f 1342//1342 1339//1339 1336//1336
f 1343//1343 1333//1333 1339//1339
f 1343//1343 1337//1337 1333//1333
f 1344//1344 1338//1338 391//391
f 1344//1344 391//391 392//392
f 1344//1344 1342//1342 1338//1338
f 1345//1345 1343//1343 1339//1339
f 1345//1345 1339//1339 1342//1342
f 1346//1346 1337//1337 1343//1343
f 1346//1346 1340//1340 1337//1337
f 1346//1346 1341//1341 1340//1340
f 1346//1346 1347//1347 1341//1341
f 1348//1348 1342//1342 1344//1344
f 1349//1349 1346//1346 1343//1343
f 1349//1349 1343//1343 1345//1345
f 1350//1350 392//392 393//393
f 1350//1350 393//393 394//394
f 1350//1350 1344//1344 392//392
f 1351//1351 1345//1345 1342//1342
f 1351//1351 1342//1342 1348//1348
f 1352//1352 1353//1353 1347//1347
f 1352//1352 1346//1346 1349//1349
f 1352//1352 1347//1347 1346//1346
f 1354//1354 1344//1344 1350//1350
f 1354//1354 1348//1348 1344//1344
f 1355//1355 1349//1349 1345//1345
f 1355//1355 1345//1345 1351//1351
f 1356//1356 1350//1350 394//394
f 1356//1356 1354//1354 1350//1350
f 1357//1357 1351//1351 1348//1348
f 1357//1357 1348//1348 1354//1354
f 1358//1358 1359//1359 1353//1353
f 1358//1358 1353//1353 1352//1352
f 1358//1358 1349//1349 1355//1355
f 1358//1358 1352//1352 1349//1349
f 1360//1360 1357//1357 1354//1354
f 1360//1360 1354//1354 1356//1356
f 1361//1361 1355//1355 1351//1351
f 1361//1361 1351//1351 1357//1357
f 1362//1362 394//394 395//395
f 1362//1362 1356//1356 394//394
f 1363//1363 1357//1357 1360//1360
f 1363//1363 1361//1361 1357//1357
f 1364//1364 1365//1365 1359//1359
f 1364//1364 1355//1355 1361//1361
f 1364//1364 1359//1359 1358//1358
f 1364//1364 1358//1358 1355//1355
f 1366//1366 1360//1360 1356//1356
f 1366//1366 1356//1356 1362//1362
f 1367//1367 1361//1361 1363//1363
f 1367//1367 1364//1364 1361//1361
f 1368//1368 395//395 396//396
f 1368//1368 396//396 397//397
f 1368//1368 1362//1362 395//395
f 1368//1368 1366//1366 1362//1362
f 1369//1369 1360//1360 1366//1366
f 1369//1369 1363//1363 1360//1360
f 1370//1370 1371//1371 1365//1365
f 1370//1370 1365//1365 1364//1364
f 1370//1370 1364//1364 1367//1367
f 1372//1372 1366//1366 1368//1368
f 1373//1373 1367//1367 1363//1363
f 1373//1373 1363//1363 1369//1369
f 1374//1374 1372//1372 1368//1368
f 1374//1374 1368//1368 397//397
f 1375//1375 1369//1369 1366//1366
f 1375//1375 1366//1366 1372//1372
f 1376//1376 1370//1370 1367//1367
f 1376//1376 1377//1377 1371//1371
f 1376//1376 1371//1371 1370//1370
f 1376//1376 1367//1367 1373//1373
f 1378//1378 1375//1375 1372//1372
f 1378//1378 1372//1372 1374//1374
f 1379//1379 1369//1369 1375//1375
f 1379//1379 1373//1373 1369//1369
f 1380//1380 397//397 398//398
f 1380//1380 1374//1374 397//397
f 1381//1381 1375//1375 1378//1378
f 1381//1381 1379//1379 1375//1375
f 1382//1382 1373//1373 1379//1379
f 1382//1382 1377//1377 1376//1376
f 1382//1382 1376//1376 1373//1373
f 1382//1382 1383//1383 1377//1377
f 1384//1384 1378//1378 1374//1374
f 1384//1384 1374//1374 1380//1380
f 1385//1385 1379//1379 1381//1381
f 1385//1385 1382//1382 1379//1379
f 1386//1386 1380//1380 398//398
f 1386//1386 398//398 399//399
f 1386//1386 399//399 400//400
f 1386//1386 1384//1384 1380//1380
f 1387//1387 1381//1381 1378//1378
f 1387//1387 1378//1378 1384//1384
f 1388//1388 1382//1382 1385//1385
f 1388//1388 1383//1383 1382//1382
f 1388//1388 1389//1389 1383//1383
f 1390//1390 1384//1384 1386//1386
f 1391//1391 1385//1385 1381//1381
f 1391//1391 1381//1381 1387//1387
f 1392//1392 1386//1386 400//400
f 1392//1392 1390//1390 1386//1386
f 1393//1393 1387//1387 1384//1384
f 1393//1393 1384//1384 1390//1390
f 1394//1394 1395//1395 1389//1389
f 1394//1394 1385//1385 1391//1391
f 1394//1394 1388//1388 1385//1385
f 1394//1394 1389//1389 1388//1388
f 1396//1396 1390//1390 1392//1392
f 1396//1396 1393//1393 1390//1390
f 1397//1397 1391//1391 1387//1387
f 1397//1397 1387//1387 1393//1393
f 1398//1398 400//400 401//401
f 1398//1398 1392//1392 400//400
f 1398//1398 1396//1396 1392//1392
f 1256//1256 1393//1393 1396//1396
f 1256//1256 1397//1397 1393//1393
f 1399//1399 1400//1400 1395//1395
f 1399//1399 1391//1391 1397//1397
f 1399//1399 1395//1395 1394//1394
f 1399//1399 1394//1394 1391//1391
f 1252//1252 1396//1396 1398//1398
f 1255//1255 1397//1397 1256//1256
f 1255//1255 1399//1399 1397//1397
f 1253//1253 401//401 402//402
f 1253//1253 1398//1398 401//401
f 1253//1253 1252//1252 1398//1398
f 1257//1257 1256//1256 1396//1396
f 1257//1257 1396//1396 1252//1252
f 1263//1263 1399//1399 1255//1255
f 1263//1263 1262//1262 1400//1400
f 1263//1263 1400//1400 1399//1399
f 1401//1401 1402//1402 1403//1403
f 1404//1404 1405//1405 1406//1406
f 1404//1404 1406//1406 1407//1407
f 1408//1408 427//427 404//404
f 1408//1408 1403//1403 427//427
f 1409//1409 1402//1402 1401//1401
f 1409//1409 1407//1407 1402//1402
f 1410//1410 1405//1405 1404//1404
f 1410//1410 1411//1411 1412//1412
f 1410//1410 1413//1413 1405//1405
f 1410//1410 1412//1412 1413//1413
f 1414//1414 1403//1403 1408//1408
f 1414//1414 1401//1401 1403//1403
f 1415//1415 1407//1407 1409//1409
f 1415//1415 1404//1404 1407//1407
f 1416//1416 404//404 403//403
f 1416//1416 403//403 405//405
f 1417//1417 1418//1418 1419//1419
f 1416//1416 1414//1414 1408//1408
f 1416//1416 1408//1408 404//404
f 1420//1420 1409//1409 1401//1401
f 1420//1420 1401//1401 1414//1414
f 1421//1421 1411//1411 1410//1410
f 1421//1421 1404//1404 1415//1415
f 1421//1421 1422//1422 1411//1411
f 1421//1421 1410//1410 1404//1404
f 1423//1423 1414//1414 1416//1416
f 1424//1424 1409//1409 1420//1420
f 1424//1424 1415//1415 1409//1409
f 1425//1425 1423//1423 1416//1416
f 1425//1425 1416//1416 405//405
f 1426//1426 1420//1420 1414//1414
f 1426//1426 1414//1414 1423//1423
f 1427//1427 1421//1421 1415//1415
f 1427//1427 1422//1422 1421//1421
f 1427//1427 1415//1415 1424//1424
f 1427//1427 1428//1428 1422//1422
f 1429//1429 1426//1426 1423//1423
f 1429//1429 1423//1423 1425//1425
f 1430//1430 1424//1424 1420//1420
f 1430//1430 1420//1420 1426//1426
f 1431//1431 405//405 408//408
f 1431//1431 1425//1425 405//405
f 1431//1431 1429//1429 1425//1425
f 1431//1431 408//408 1432//1432
f 1433//1433 1430//1430 1426//1426
f 1433//1433 1426//1426 1429//1429
f 1434//1434 1428//1428 1427//1427
f 1434//1434 1427//1427 1424//1424
f 1434//1434 1424//1424 1430//1430
f 1434//1434 1435//1435 1428//1428
f 1436//1436 1431//1431 1432//1432
f 1436//1436 1432//1432 1437//1437
f 1436//1436 1437//1437 1438//1438
f 1436//1436 1429//1429 1431//1431
f 1439//1439 1430//1430 1433//1433
f 1439//1439 1434//1434 1430//1430
f 1440//1440 1433//1433 1429//1429
f 1440//1440 1429//1429 1436//1436
f 1440//1440 1438//1438 1441//1441
f 1440//1440 1436//1436 1438//1438
f 1442//1442 1443//1443 1435//1435
f 1442//1442 1435//1435 1434//1434
f 1442//1442 1434//1434 1439//1439
f 1444//1444 1439//1439 1433//1433
f 1444//1444 1433//1433 1440//1440
f 1444//1444 1440//1440 1441//1441
f 1445//1445 1444//1444 1441//1441
f 1445//1445 1439//1439 1444//1444
f 1445//1445 1441//1441 1419//1419
f 1445//1445 1442//1442 1439//1439
f 1445//1445 1443//1443 1442//1442
f 1445//1445 1419//1419 1443//1443
f 1432//1432 408//408 407//407
f 1418//1418 1443//1443 1419//1419
f 1446//1446 1432//1432 407//407
f 1446//1446 407//407 406//406
f 1447//1447 1437//1437 1432//1432
f 1447//1447 1438//1438 1437//1437
f 1447//1447 1432//1432 1446//1446
f 1448//1448 406//406 409//409
f 1448//1448 409//409 410//410
f 1448//1448 1446//1446 406//406
f 1449//1449 1441//1441 1438//1438
f 1449//1449 1438//1438 1447//1447
f 1450//1450 1447//1447 1446//1446
f 1450//1450 1446//1446 1448//1448
f 1450//1450 1449//1449 1447//1447
f 1451//1451 1419//1419 1441//1441
f 1451//1451 1441//1441 1449//1449
f 1452//1452 1448//1448 410//410
f 1452//1452 1450//1450 1448//1448
f 1453//1453 1449//1449 1450//1450
f 1453//1453 1451//1451 1449//1449
f 1454//1454 1455//1455 1417//1417
f 1454//1454 1419//1419 1451//1451
f 1454//1454 1417//1417 1419//1419
f 1456//1456 1453//1453 1450//1450
f 1456//1456 1450//1450 1452//1452
f 1457//1457 1451//1451 1453//1453
f 1457//1457 1454//1454 1451//1451
f 1458//1458 410//410 411//411
f 1458//1458 1452//1452 410//410
f 1459//1459 1453//1453 1456//1456
f 1459//1459 1457//1457 1453//1453
f 1460//1460 1461//1461 1455//1455
f 1460//1460 1455//1455 1454//1454
f 1460//1460 1454//1454 1457//1457
f 1462//1462 1452//1452 1458//1458
f 1462//1462 1456//1456 1452//1452
f 1463//1463 1460//1460 1457//1457
f 1463//1463 1457//1457 1459//1459
f 1464//1464 411//411 412//412
f 1464//1464 412//412 413//413
f 1464//1464 1462//1462 1458//1458
f 1464//1464 1458//1458 411//411
f 1465//1465 1456//1456 1462//1462
f 1465//1465 1459//1459 1456//1456
f 1466//1466 1462//1462 1464//1464
f 1467//1467 1468//1468 1461//1461
f 1467//1467 1460//1460 1463//1463
f 1467//1467 1461//1461 1460//1460
f 1469//1469 1459//1459 1465//1465
f 1469//1469 1463//1463 1459//1459
f 1470//1470 1464//1464 413//413
f 1470//1470 1466//1466 1464//1464
f 1471//1471 1462//1462 1466//1466
f 1471//1471 1465//1465 1462//1462
f 1472//1472 1468//1468 1467//1467
f 1472//1472 1473//1473 1468//1468
f 1472//1472 1467//1467 1463//1463
f 1472//1472 1463//1463 1469//1469
f 1474//1474 1471//1471 1466//1466
f 1474//1474 1466//1466 1470//1470
f 1475//1475 1469//1469 1465//1465
f 1475//1475 1465//1465 1471//1471
f 1476//1476 413//413 414//414
f 1476//1476 1474//1474 1470//1470
f 1476//1476 1470//1470 413//413
f 1477//1477 1475//1475 1471//1471
f 1477//1477 1471//1471 1474//1474
f 1478//1478 1474//1474 1476//1476
f 1479//1479 1480//1480 1473//1473
f 1479//1479 1473//1473 1472//1472
f 1479//1479 1472//1472 1469//1469
f 1479//1479 1469//1469 1475//1475
f 1481//1481 414//414 415//415
f 1481//1481 415//415 416//416
f 1481//1481 1476//1476 414//414
f 1482//1482 1479//1479 1475//1475
f 1482//1482 1475//1475 1477//1477
f 1483//1483 1474//1474 1478//1478
f 1483//1483 1477//1477 1474//1474
f 1484//1484 1479//1479 1482//1482
f 1484//1484 1485//1485 1480//1480
f 1484//1484 1480//1480 1479//1479
f 1486//1486 1476//1476 1481//1481
f 1486//1486 1478//1478 1476//1476
f 1487//1487 1477//1477 1483//1483
f 1487//1487 1482//1482 1477//1477
f 1488//1488 1486//1486 1481//1481
f 1488//1488 1481//1481 416//416
f 1489//1489 1483//1483 1478//1478
f 1489//1489 1478//1478 1486//1486
f 1490//1490 1484//1484 1482//1482
f 1490//1490 1485//1485 1484//1484
f 1490//1490 1482//1482 1487//1487
f 1490//1490 1491//1491 1485//1485
f 1492//1492 1486//1486 1488//1488
f 1492//1492 1489//1489 1486//1486
f 1493//1493 1483//1483 1489//1489
f 1493//1493 1487//1487 1483//1483
f 1494//1494 1488//1488 416//416
f 1494//1494 416//416 417//417
f 1494//1494 1492//1492 1488//1488
f 1495//1495 1493//1493 1489//1489
f 1495//1495 1489//1489 1492//1492
f 1496//1496 1487//1487 1493//1493
f 1496//1496 1490//1490 1487//1487
f 1496//1496 1491//1491 1490//1490
f 1496//1496 1497//1497 1491//1491
f 1498//1498 1492//1492 1494//1494
f 1499//1499 1496//1496 1493//1493
f 1499//1499 1493//1493 1495//1495
f 1500//1500 417//417 418//418
f 1500//1500 418//418 419//419
f 1500//1500 1494//1494 417//417
f 1501//1501 1495//1495 1492//1492
f 1501//1501 1492//1492 1498//1498
f 1502//1502 1503//1503 1497//1497
f 1502//1502 1496//1496 1499//1499
f 1502//1502 1497//1497 1496//1496
f 1504//1504 1494//1494 1500//1500
f 1504//1504 1498//1498 1494//1494
f 1505//1505 1499//1499 1495//1495
f 1505//1505 1495//1495 1501//1501
f 1506//1506 1500//1500 419//419
f 1506//1506 1504//1504 1500//1500
f 1507//1507 1501//1501 1498//1498
f 1507//1507 1498//1498 1504//1504
f 1508//1508 1509//1509 1503//1503
f 1508//1508 1503//1503 1502//1502
f 1508//1508 1499//1499 1505//1505
f 1508//1508 1502//1502 1499//1499
f 1510//1510 1507//1507 1504//1504
f 1510//1510 1504//1504 1506//1506
f 1511//1511 1505//1505 1501//1501
f 1511//1511 1501//1501 1507//1507
f 1512//1512 419//419 420//420
f 1512//1512 1506//1506 419//419
f 1513//1513 1507//1507 1510//1510
f 1513//1513 1511//1511 1507//1507
f 1514//1514 1515//1515 1509//1509
f 1514//1514 1505//1505 1511//1511
f 1514//1514 1509//1509 1508//1508
f 1514//1514 1508//1508 1505//1505
f 1516//1516 1510//1510 1506//1506
f 1516//1516 1506//1506 1512//1512
f 1517//1517 1511//1511 1513//1513
f 1517//1517 1514//1514 1511//1511
f 1518//1518 420//420 421//421
f 1518//1518 421//421 422//422
f 1518//1518 1512//1512 420//420
f 1518//1518 1516//1516 1512//1512
f 1519//1519 1510//1510 1516//1516
f 1519//1519 1513//1513 1510//1510
f 1520//1520 1521//1521 1515//1515
f 1520//1520 1515//1515 1514//1514
f 1520//1520 1514//1514 1517//1517
f 1522//1522 1516//1516 1518//1518
f 1523//1523 1517//1517 1513//1513
f 1523//1523 1513//1513 1519//1519
f 1524//1524 1522//1522 1518//1518
f 1524//1524 1518//1518 422//422
f 1525//1525 1519//1519 1516//1516
f 1525//1525 1516//1516 1522//1522
f 1526//1526 1520//1520 1517//1517
f 1526//1526 1527//1527 1521//1521
f 1526//1526 1521//1521 1520//1520
f 1526//1526 1517//1517 1523//1523
f 1528//1528 1525//1525 1522//1522
f 1528//1528 1522//1522 1524//1524
f 1529//1529 1519//1519 1525//1525
f 1529//1529 1523//1523 1519//1519
f 1530//1530 422//422 423//423
f 1530//1530 1524//1524 422//422
f 1531//1531 1525//1525 1528//1528
f 1531//1531 1529//1529 1525//1525
f 1532//1532 1523//1523 1529//1529
f 1532//1532 1527//1527 1526//1526
f 1532//1532 1526//1526 1523//1523
f 1532//1532 1533//1533 1527//1527
f 1534//1534 1528//1528 1524//1524
f 1534//1534 1524//1524 1530//1530
f 1535//1535 1529//1529 1531//1531
f 1535//1535 1532//1532 1529//1529
f 1536//1536 1530//1530 423//423
f 1536//1536 423//423 424//424
f 1536//1536 424//424 425//425
f 1536//1536 1534//1534 1530//1530
f 1537//1537 1531//1531 1528//1528
f 1537//1537 1528//1528 1534//1534
f 1538//1538 1532//1532 1535//1535
f 1538//1538 1533//1533 1532//1532
f 1538//1538 1539//1539 1533//1533
f 1540//1540 1534//1534 1536//1536
f 1541//1541 1535//1535 1531//1531
f 1541//1541 1531//1531 1537//1537
f 1542//1542 1536//1536 425//425
f 1542//1542 1540//1540 1536//1536
f 1543//1543 1537//1537 1534//1534
f 1543//1543 1534//1534 1540//1540
f 1544//1544 1545//1545 1539//1539
f 1544//1544 1535//1535 1541//1541
f 1544//1544 1538//1538 1535//1535
f 1544//1544 1539//1539 1538//1538
f 1546//1546 1540//1540 1542//1542
f 1546//1546 1543//1543 1540//1540
f 1547//1547 1541//1541 1537//1537
f 1547//1547 1537//1537 1543//1543
f 1548//1548 425//425 426//426
f 1548//1548 1542//1542 425//425
f 1548//1548 1546//1546 1542//1542
f 1406//1406 1543//1543 1546//1546
f 1406//1406 1547//1547 1543//1543
f 1549//1549 1550//1550 1545//1545
f 1549//1549 1541//1541 1547//1547
f 1549//1549 1545//1545 1544//1544
f 1549//1549 1544//1544 1541//1541
f 1402//1402 1546//1546 1548//1548
f 1405//1405 1547//1547 1406//1406
f 1405//1405 1549//1549 1547//1547
f 1403//1403 426//426 427//427
f 1403//1403 1548//1548 426//426
f 1403//1403 1402//1402 1548//1548
f 1407//1407 1406//1406 1546//1546
f 1407//1407 1546//1546 1402//1402
f 1413//1413 1549//1549 1405//1405
f 1413//1413 1412//1412 1550//1550
f 1413//1413 1550//1550 1549//1549
f 1551//1551 1552//1552 1553//1553
f 1554//1554 1555//1555 1556//1556
f 1554//1554 1556//1556 1557//1557
f 1558//1558 452//452 429//429
f 1558//1558 1553//1553 452//452
f 1559//1559 1552//1552 1551//1551
f 1559//1559 1557//1557 1552//1552
f 1560//1560 1555//1555 1554//1554
f 1560//1560 1561//1561 1562//1562
f 1560//1560 1563//1563 1555//1555
f 1560//1560 1562//1562 1563//1563
f 1564//1564 1553//1553 1558//1558
f 1564//1564 1551//1551 1553//1553
f 1565//1565 1557//1557 1559//1559
f 1565//1565 1554//1554 1557//1557
f 1566//1566 429//429 428//428
f 1566//1566 428//428 430//430
f 1567//1567 1568//1568 1569//1569
f 1566//1566 1564//1564 1558//1558
f 1566//1566 1558//1558 429//429
f 1570//1570 1559//1559 1551//1551
f 1570//1570 1551//1551 1564//1564
f 1571//1571 1561//1561 1560//1560
f 1571//1571 1554//1554 1565//1565
f 1571//1571 1572//1572 1561//1561
f 1571//1571 1560//1560 1554//1554
f 1573//1573 1564//1564 1566//1566
f 1574//1574 1559//1559 1570//1570
f 1574//1574 1565//1565 1559//1559
f 1575//1575 1573//1573 1566//1566
f 1575//1575 1566//1566 430//430
f 1576//1576 1570//1570 1564//1564
f 1576//1576 1564//1564 1573//1573
f 1577//1577 1571//1571 1565//1565
f 1577//1577 1572//1572 1571//1571
f 1577//1577 1565//1565 1574//1574
f 1577//1577 1578//1578 1572//1572
f 1579//1579 1576//1576 1573//1573
f 1579//1579 1573//1573 1575//1575
f 1580//1580 1574//1574 1570//1570
f 1580//1580 1570//1570 1576//1576
f 1581//1581 430//430 433//433
f 1581//1581 1575//1575 430//430
f 1581//1581 1579//1579 1575//1575
f 1581//1581 433//433 1582//1582
f 1583//1583 1580//1580 1576//1576
f 1583//1583 1576//1576 1579//1579
f 1584//1584 1578//1578 1577//1577
f 1584//1584 1577//1577 1574//1574
f 1584//1584 1574//1574 1580//1580
f 1584//1584 1585//1585 1578//1578
f 1586//1586 1581//1581 1582//1582
f 1586//1586 1582//1582 1587//1587
f 1586//1586 1587//1587 1588//1588
f 1586//1586 1579//1579 1581//1581
f 1589//1589 1580//1580 1583//1583
f 1589//1589 1584//1584 1580//1580
f 1590//1590 1583//1583 1579//1579
f 1590//1590 1579//1579 1586//1586
f 1590//1590 1588//1588 1591//1591
f 1590//1590 1586//1586 1588//1588
f 1592//1592 1593//1593 1585//1585
f 1592//1592 1585//1585 1584//1584
f 1592//1592 1584//1584 1589//1589
f 1594//1594 1589//1589 1583//1583
f 1594//1594 1583//1583 1590//1590
f 1594//1594 1590//1590 1591//1591
f 1595//1595 1594//1594 1591//1591
f 1595//1595 1589//1589 1594//1594
f 1595//1595 1591//1591 1569//1569
f 1595//1595 1592//1592 1589//1589
f 1595//1595 1593//1593 1592//1592
f 1595//1595 1569//1569 1593//1593
f 1582//1582 433//433 432//432
f 1568//1568 1593//1593 1569//1569
f 1596//1596 1582//1582 432//432
f 1596//1596 432//432 431//431
f 1597//1597 1587//1587 1582//1582
f 1597//1597 1588//1588 1587//1587
f 1597//1597 1582//1582 1596//1596
f 1598//1598 431//431 434//434
f 1598//1598 434//434 435//435
f 1598//1598 1596//1596 431//431
f 1599//1599 1591//1591 1588//1588
f 1599//1599 1588//1588 1597//1597
f 1600//1600 1597//1597 1596//1596
f 1600//1600 1596//1596 1598//1598
f 1600//1600 1599//1599 1597//1597
f 1601//1601 1569//1569 1591//1591
f 1601//1601 1591//1591 1599//1599
f 1602//1602 1598//1598 435//435
f 1602//1602 1600//1600 1598//1598
f 1603//1603 1599//1599 1600//1600
f 1603//1603 1601//1601 1599//1599
f 1604//1604 1605//1605 1567//1567
f 1604//1604 1569//1569 1601//1601
f 1604//1604 1567//1567 1569//1569
f 1606//1606 1603//1603 1600//1600
f 1606//1606 1600//1600 1602//1602
f 1607//1607 1601//1601 1603//1603
f 1607//1607 1604//1604 1601//1601
f 1608//1608 435//435 436//436
f 1608//1608 1602//1602 435//435
f 1609//1609 1603//1603 1606//1606
f 1609//1609 1607//1607 1603//1603
f 1610//1610 1611//1611 1605//1605
f 1610//1610 1605//1605 1604//1604
f 1610//1610 1604//1604 1607//1607
f 1612//1612 1602//1602 1608//1608
f 1612//1612 1606//1606 1602//1602
f 1613//1613 1610//1610 1607//1607
f 1613//1613 1607//1607 1609//1609
f 1614//1614 436//436 437//437
f 1614//1614 437//437 438//438
f 1614//1614 1612//1612 1608//1608
f 1614//1614 1608//1608 436//436
f 1615//1615 1606//1606 1612//1612
f 1615//1615 1609//1609 1606//1606
f 1616//1616 1612//1612 1614//1614
f 1617//1617 1618//1618 1611//1611
f 1617//1617 1610//1610 1613//1613
f 1617//1617 1611//1611 1610//1610
f 1619//1619 1609//1609 1615//1615
f 1619//1619 1613//1613 1609//1609
f 1620//1620 1614//1614 438//438
f 1620//1620 1616//1616 1614//1614
f 1621//1621 1612//1612 1616//1616
f 1621//1621 1615//1615 1612//1612
f 1622//1622 1618//1618 1617//1617
f 1622//1622 1623//1623 1618//1618
f 1622//1622 1617//1617 1613//1613
f 1622//1622 1613//1613 1619//1619
f 1624//1624 1621//1621 1616//1616
f 1624//1624 1616//1616 1620//1620
f 1625//1625 1619//1619 1615//1615
f 1625//1625 1615//1615 1621//1621
f 1626//1626 438//438 439//439
f 1626//1626 1624//1624 1620//1620
f 1626//1626 1620//1620 438//438
f 1627//1627 1625//1625 1621//1621
f 1627//1627 1621//1621 1624//1624
f 1628//1628 1624//1624 1626//1626
f 1629//1629 1630//1630 1623//1623
f 1629//1629 1623//1623 1622//1622
f 1629//1629 1622//1622 1619//1619
f 1629//1629 1619//1619 1625//1625
f 1631//1631 439//439 440//440
f 1631//1631 440//440 441//441
f 1631//1631 1626//1626 439//439
f 1632//1632 1629//1629 1625//1625
f 1632//1632 1625//1625 1627//1627
f 1633//1633 1624//1624 1628//1628
f 1633//1633 1627//1627 1624//1624
f 1634//1634 1629//1629 1632//1632
f 1634//1634 1635//1635 1630//1630
f 1634//1634 1630//1630 1629//1629
f 1636//1636 1626//1626 1631//1631
f 1636//1636 1628//1628 1626//1626
f 1637//1637 1627//1627 1633//1633
f 1637//1637 1632//1632 1627//1627
f 1638//1638 1636//1636 1631//1631
f 1638//1638 1631//1631 441//441
f 1639//1639 1633//1633 1628//1628
f 1639//1639 1628//1628 1636//1636
f 1640//1640 1634//1634 1632//1632
f 1640//1640 1635//1635 1634//1634
f 1640//1640 1632//1632 1637//1637
f 1640//1640 1641//1641 1635//1635
f 1642//1642 1636//1636 1638//1638
f 1642//1642 1639//1639 1636//1636
f 1643//1643 1633//1633 1639//1639
f 1643//1643 1637//1637 1633//1633
f 1644//1644 1638//1638 441//441
f 1644//1644 441//441 442//442
f 1644//1644 1642//1642 1638//1638
f 1645//1645 1643//1643 1639//1639
f 1645//1645 1639//1639 1642//1642
f 1646//1646 1637//1637 1643//1643
f 1646//1646 1640//1640 1637//1637
f 1646//1646 1641//1641 1640//1640
f 1646//1646 1647//1647 1641//1641
f 1648//1648 1642//1642 1644//1644
f 1649//1649 1646//1646 1643//1643
f 1649//1649 1643//1643 1645//1645
f 1650//1650 442//442 443//443
f 1650//1650 443//443 444//444
f 1650//1650 1644//1644 442//442
f 1651//1651 1645//1645 1642//1642
f 1651//1651 1642//1642 1648//1648
f 1652//1652 1653//1653 1647//1647
f 1652//1652 1646//1646 1649//1649
f 1652//1652 1647//1647 1646//1646
f 1654//1654 1644//1644 1650//1650
f 1654//1654 1648//1648 1644//1644
f 1655//1655 1649//1649 1645//1645
f 1655//1655 1645//1645 1651//1651
f 1656//1656 1650//1650 444//444
f 1656//1656 1654//1654 1650//1650
f 1657//1657 1651//1651 1648//1648
f 1657//1657 1648//1648 1654//1654
f 1658//1658 1659//1659 1653//1653
f 1658//1658 1653//1653 1652//1652
f 1658//1658 1649//1649 1655//1655
f 1658//1658 1652//1652 1649//1649
f 1660//1660 1657//1657 1654//1654
f 1660//1660 1654//1654 1656//1656
f 1661//1661 1655//1655 1651//1651
f 1661//1661 1651//1651 1657//1657
f 1662//1662 444//444 445//445
f 1662//1662 1656//1656 444//444
f 1663//1663 1657//1657 1660//1660
f 1663//1663 1661//1661 1657//1657
f 1664//1664 1665//1665 1659//1659
f 1664//1664 1655//1655 1661//1661
f 1664//1664 1659//1659 1658//1658
f 1664//1664 1658//1658 1655//1655
f 1666//1666 1660//1660 1656//1656
f 1666//1666 1656//1656 1662//1662
f 1667//1667 1661//1661 1663//1663
f 1667//1667 1664//1664 1661//1661
f 1668//1668 445//445 446//446
f 1668//1668 446//446 447//447
f 1668//1668 1662//1662 445//445
f 1668//1668 1666//1666 1662//1662
f 1669//1669 1660//1660 1666//1666
f 1669//1669 1663//1663 1660//1660
f 1670//1670 1671//1671 1665//1665
f 1670//1670 1665//1665 1664//1664
f 1670//1670 1664//1664 1667//1667
f 1672//1672 1666//1666 1668//1668
f 1673//1673 1667//1667 1663//1663
f 1673//1673 1663//1663 1669//1669
f 1674//1674 1672//1672 1668//1668
f 1674//1674 1668//1668 447//447
f 1675//1675 1669//1669 1666//1666
f 1675//1675 1666//1666 1672//1672
f 1676//1676 1670//1670 1667//1667
f 1676//1676 1677//1677 1671//1671
f 1676//1676 1671//1671 1670//1670
f 1676//1676 1667//1667 1673//1673
f 1678//1678 1675//1675 1672//1672
f 1678//1678 1672//1672 1674//1674
f 1679//1679 1669//1669 1675//1675
f 1679//1679 1673//1673 1669//1669
f 1680//1680 447//447 448//448
f 1680//1680 1674//1674 447//447
f 1681//1681 1675//1675 1678//1678
f 1681//1681 1679//1679 1675//1675
f 1682//1682 1673//1673 1679//1679
f 1682//1682 1677//1677 1676//1676
f 1682//1682 1676//1676 1673//1673
f 1682//1682 1683//1683 1677//1677
f 1684//1684 1678//1678 1674//1674
f 1684//1684 1674//1674 1680//1680
f 1685//1685 1679//1679 1681//1681
f 1685//1685 1682//1682 1679//1679
f 1686//1686 1680//1680 448//448
f 1686//1686 448//448 449//449
f 1686//1686 449//449 450//450
f 1686//1686 1684//1684 1680//1680
f 1687//1687 1681//1681 1678//1678
f 1687//1687 1678//1678 1684//1684
f 1688//1688 1682//1682 1685//1685
f 1688//1688 1683//1683 1682//1682
f 1688//1688 1689//1689 1683//1683
f 1690//1690 1684//1684 1686//1686
f 1691//1691 1685//1685 1681//1681
f 1691//1691 1681//1681 1687//1687
f 1692//1692 1686//1686 450//450
f 1692//1692 1690//1690 1686//1686
f 1693//1693 1687//1687 1684//1684
f 1693//1693 1684//1684 1690//1690
f 1694//1694 1695//1695 1689//1689
f 1694//1694 1685//1685 1691//1691
f 1694//1694 1688//1688 1685//1685
f 1694//1694 1689//1689 1688//1688
f 1696//1696 1690//1690 1692//1692
f 1696//1696 1693//1693 1690//1690
f 1697//1697 1691//1691 1687//1687
f 1697//1697 1687//1687 1693//1693
f 1698//1698 450//450 451//451
f 1698//1698 1692//1692 450//450
f 1698//1698 1696//1696 1692//1692
f 1556//1556 1693//1693 1696//1696
f 1556//1556 1697//1697 1693//1693
f 1699//1699 1700//1700 1695//1695
f 1699//1699 1691//1691 1697//1697
f 1699//1699 1695//1695 1694//1694
f 1699//1699 1694//1694 1691//1691
f 1552//1552 1696//1696 1698//1698
f 1555//1555 1697//1697 1556//1556
f 1555//1555 1699//1699 1697//1697
f 1553//1553 451//451 452//452
f 1553//1553 1698//1698 451//451
f 1553//1553 1552//1552 1698//1698
f 1557//1557 1556//1556 1696//1696
f 1557//1557 1696//1696 1552//1552
f 1563//1563 1699//1699 1555//1555
f 1563//1563 1562//1562 1700//1700
f 1563//1563 1700//1700 1699//1699
f 1701//1701 473//473 216//216
f 1702//1702 1701//1701 453//453
f 1701//1701 216//216 453//453
f 1703//1703 1702//1702 461//461
f 1702//1702 453//453 461//461
f 1704//1704 1703//1703 458//458
f 1703//1703 461//461 458//458
f 1705//1705 1704//1704 457//457
f 1704//1704 458//458 457//457
f 486//486 1705//1705 456//456
f 1705//1705 457//457 456//456
f 486//486 456//456 228//228
f 463//463 474//474 1706//1706
f 463//463 215//215 474//474
f 470//470 1706//1706 1707//1707
f 470//470 463//463 1706//1706
f 468//468 1707//1707 1708//1708
f 468//468 470//470 1707//1707
f 465//465 1708//1708 1709//1709
f 465//465 468//468 1708//1708
f 466//466 1709//1709 1710//1710
f 466//466 465//465 1709//1709
f 240//240 1710//1710 487//487
f 240//240 466//466 1710//1710
f 1711//1711 499//499 1712//1712
f 1707//1707 1709//1709 1708//1708
f 1713//1713 1714//1714 1715//1715
f 1713//1713 1716//1716 1714//1714
f 1706//1706 1709//1709 1707//1707
f 1717//1717 1718//1718 1719//1719
f 1717//1717 1720//1720 1721//1721
f 500//500 1720//1720 1717//1717
f 474//474 1710//1710 1709//1709
f 474//474 487//487 1710//1710
f 500//500 1722//1722 1720//1720
f 485//485 1717//1717 1719//1719
f 474//474 1709//1709 1706//1706
f 1723//1723 1724//1724 1725//1725
f 485//485 500//500 1717//1717
f 1723//1723 1711//1711 1724//1724
f 485//485 1719//1719 1726//1726
f 1727//1727 487//487 474//474
f 1728//1728 1727//1727 474//474
f 1729//1729 500//500 485//485
f 1730//1730 500//500 1729//1729
f 1731//1731 1730//1730 1729//1729
f 1732//1732 487//487 1727//1727
f 1733//1733 1732//1732 1727//1727
f 1734//1734 1735//1735 1730//1730
f 1734//1734 1730//1730 1731//1731
f 1736//1736 1737//1737 1738//1738
f 1739//1739 1727//1727 1728//1728
f 474//474 473//473 1738//1738
f 1740//1740 1728//1728 474//474
f 474//474 1738//1738 1715//1715
f 474//474 1715//1715 1714//1714
f 1736//1736 1738//1738 1741//1741
f 474//474 1714//1714 1742//1742
f 486//486 485//485 1726//1726
f 486//486 1726//1726 1743//1743
f 488//488 487//487 1744//1744
f 488//488 1744//1744 1745//1745
f 500//500 499//499 1711//1711
f 1744//1744 487//487 1732//1732
f 500//500 1711//1711 1723//1723
f 500//500 1723//1723 1746//1746
f 500//500 1746//1746 1747//1747
f 500//500 1747//1747 1748//1748
f 500//500 1748//1748 1722//1722
f 473//473 1749//1749 1741//1741
f 473//473 1741//1741 1738//1738
f 1742//1742 1740//1740 474//474
f 1750//1750 1751//1751 1749//1749
f 1750//1750 1749//1749 473//473
f 1752//1752 1745//1745 1744//1744
f 1752//1752 1744//1744 1753//1753
f 1754//1754 1740//1740 1742//1742
f 1704//1704 1702//1702 1703//1703
f 1754//1754 1755//1755 1740//1740
f 1705//1705 473//473 1701//1701
f 1705//1705 1701//1701 1702//1702
f 1705//1705 1702//1702 1704//1704
f 486//486 1750//1750 473//473
f 486//486 473//473 1705//1705
f 488//488 1745//1745 1756//1756
f 1747//1747 1757//1757 1758//1758
f 1747//1747 1746//1746 1757//1757
f 1759//1759 1760//1760 1750//1750
f 1759//1759 1750//1750 486//486
f 1761//1761 488//488 1756//1756
f 1761//1761 1756//1756 1762//1762
f 1763//1763 1764//1764 1765//1765
f 1766//1766 1763//1763 1765//1765
f 1743//1743 1759//1759 486//486
f 499//499 1767//1767 488//488
f 499//499 1765//1765 1767//1767
f 499//499 1766//1766 1765//1765
f 499//499 488//488 1761//1761
f 1712//1712 1761//1761 1768//1768
f 1712//1712 499//499 1761//1761
f 1722//1722 1748//1748 1769//1769
f 1722//1722 1769//1769 1770//1770
f 1726//1726 1771//1771 1743//1743
f 1726//1726 1772//1772 1771//1771
f 1729//1729 485//485 227//227
f 1731//1731 1729//1729 475//475
f 1729//1729 227//227 475//475
f 1734//1734 1731//1731 483//483
f 1731//1731 475//475 483//483
f 1735//1735 1734//1734 480//480
f 1734//1734 483//483 480//480
f 1730//1730 1735//1735 479//479
f 1735//1735 480//480 479//479
f 500//500 1730//1730 478//478
f 1730//1730 479//479 478//478
f 500//500 478//478 252//252
f 239//239 488//488 1767//1767
f 489//489 1767//1767 1765//1765
f 489//489 239//239 1767//1767
f 496//496 1765//1765 1764//1764
f 496//496 489//489 1765//1765
f 494//494 1764//1764 1763//1763
f 494//494 496//496 1764//1764
f 491//491 1763//1763 1766//1766
f 491//491 494//494 1763//1763
f 492//492 1766//1766 499//499
f 492//492 491//491 1766//1766
f 251//251 492//492 499//499
f 1773//1773 573//573 580//580
f 528//528 535//535 1774//1774
f 1775//1775 580//580 1776//1776
f 522//522 528//528 1777//1777
f 528//528 1774//1774 1777//1777
f 1778//1778 1779//1779 615//615
f 621//621 1778//1778 615//615
f 1774//1774 535//535 1780//1780
f 1776//1776 580//580 585//585
f 511//511 522//522 1781//1781
f 1776//1776 585//585 1782//1782
f 522//522 1777//1777 1781//1781
f 535//535 543//543 1783//1783
f 1780//1780 535//535 1783//1783
f 1779//1779 1784//1784 609//609
f 615//615 1779//1779 609//609
f 1783//1783 543//543 518//518
f 1785//1785 1782//1782 591//591
f 1782//1782 585//585 591//591
f 512//512 511//511 1786//1786
f 1784//1784 1787//1787 603//603
f 609//609 1784//1784 603//603
f 511//511 1781//1781 1786//1786
f 1787//1787 1785//1785 597//597
f 603//603 1787//1787 597//597
f 1785//1785 591//591 597//597
f 1783//1783 518//518 1788//1788
f 650//650 512//512 1789//1789
f 512//512 1786//1786 1789//1789
f 1788//1788 518//518 517//517
f 1788//1788 517//517 1790//1790
f 645//645 650//650 1791//1791
f 650//650 1789//1789 1791//1791
f 517//517 555//555 1792//1792
f 1790//1790 517//517 1792//1792
f 639//639 645//645 1793//1793
f 645//645 1791//1791 1793//1793
f 555//555 561//561 1794//1794
f 1792//1792 555//555 1794//1794
f 639//639 1793//1793 1795//1795
f 639//639 1795//1795 633//633
f 1796//1796 1794//1794 568//568
f 1794//1794 561//561 568//568
f 633//633 1795//1795 627//627
f 1795//1795 1797//1797 627//627
f 1796//1796 568//568 1773//1773
f 1773//1773 568//568 573//573
f 627//627 1797//1797 1778//1778
f 627//627 1778//1778 621//621
f 1775//1775 1773//1773 580//580
f 1798//1798 1799//1799 730//730
f 1798//1798 730//730 1800//1800
f 678//678 685//685 1801//1801
f 672//672 678//678 1802//1802
f 678//678 1801//1801 1802//1802
f 771//771 1803//1803 765//765
f 1803//1803 1804//1804 765//765
f 1800//1800 730//730 735//735
f 1801//1801 685//685 1805//1805
f 661//661 672//672 1806//1806
f 1800//1800 735//735 1807//1807
f 672//672 1802//1802 1806//1806
f 685//685 693//693 1808//1808
f 1805//1805 685//685 1808//1808
f 765//765 1804//1804 759//759
f 1804//1804 1809//1809 759//759
f 1808//1808 693//693 668//668
f 1810//1810 1807//1807 741//741
f 1807//1807 735//735 741//741
f 662//662 661//661 1811//1811
f 1809//1809 1812//1812 753//753
f 661//661 1806//1806 1811//1811
f 759//759 1809//1809 753//753
f 753//753 1812//1812 747//747
f 1812//1812 1810//1810 747//747
f 1810//1810 741//741 747//747
f 1808//1808 668//668 1813//1813
f 800//800 662//662 1814//1814
f 662//662 1811//1811 1814//1814
f 1813//1813 668//668 667//667
f 1813//1813 667//667 1815//1815
f 795//795 800//800 1816//1816
f 800//800 1814//1814 1816//1816
f 667//667 705//705 1817//1817
f 1815//1815 667//667 1817//1817
f 789//789 795//795 1818//1818
f 795//795 1816//1816 1818//1818
f 705//705 711//711 1819//1819
f 1817//1817 705//705 1819//1819
f 789//789 1818//1818 1820//1820
f 789//789 1820//1820 783//783
f 1819//1819 711//711 718//718
f 1821//1821 1819//1819 718//718
f 783//783 1820//1820 777//777
f 1820//1820 1822//1822 777//777
f 1821//1821 718//718 1799//1799
f 1799//1799 718//718 723//723
f 777//777 1822//1822 1803//1803
f 777//777 1803//1803 771//771
f 1799//1799 723//723 730//730
f 1823//1823 1824//1824 915//915
f 921//921 1823//1823 915//915
f 828//828 835//835 1825//1825
f 1826//1826 880//880 885//885
f 1827//1827 1826//1826 885//885
f 822//822 828//828 1828//1828
f 828//828 1825//1825 1828//1828
f 1825//1825 835//835 1829//1829
f 811//811 822//822 1830//1830
f 822//822 1828//1828 1830//1830
f 835//835 843//843 1831//1831
f 1824//1824 1832//1832 909//909
f 1829//1829 835//835 1831//1831
f 915//915 1824//1824 909//909
f 1833//1833 1827//1827 891//891
f 811//811 1830//1830 812//812
f 1834//1834 1833//1833 891//891
f 1827//1827 885//885 891//891
f 1831//1831 843//843 818//818
f 1832//1832 1835//1835 903//903
f 909//909 1832//1832 903//903
f 1835//1835 1834//1834 897//897
f 903//903 1835//1835 897//897
f 812//812 1830//1830 1836//1836
f 1834//1834 891//891 897//897
f 1831//1831 818//818 1837//1837
f 812//812 1836//1836 950//950
f 950//950 1836//1836 1838//1838
f 1837//1837 818//818 817//817
f 1837//1837 817//817 1839//1839
f 945//945 950//950 1840//1840
f 950//950 1838//1838 1840//1840
f 817//817 855//855 1841//1841
f 1839//1839 817//817 1841//1841
f 945//945 1840//1840 939//939
f 939//939 1840//1840 1842//1842
f 1841//1841 855//855 861//861
f 1841//1841 861//861 1843//1843
f 939//939 1842//1842 1844//1844
f 939//939 1844//1844 933//933
f 1845//1845 1843//1843 868//868
f 1843//1843 861//861 868//868
f 933//933 1844//1844 927//927
f 1844//1844 1846//1846 927//927
f 1845//1845 868//868 1847//1847
f 1847//1847 868//868 873//873
f 927//927 1846//1846 1823//1823
f 927//927 1823//1823 921//921
f 1826//1826 1847//1847 880//880
f 1847//1847 873//873 880//880
f 1848//1848 1023//1023 1030//1030
f 1849//1849 1848//1848 1030//1030
f 972//972 978//978 1850//1850
f 1849//1849 1030//1030 1851//1851
f 972//972 1850//1850 1852//1852
f 1853//1853 1854//1854 1065//1065
f 1071//1071 1853//1853 1065//1065
f 978//978 985//985 1855//1855
f 1850//1850 978//978 1855//1855
f 1855//1855 985//985 993//993
f 1851//1851 1030//1030 1035//1035
f 961//961 972//972 1856//1856
f 972//972 1852//1852 1856//1856
f 1851//1851 1035//1035 1857//1857
f 1855//1855 993//993 1858//1858
f 1858//1858 993//993 968//968
f 1854//1854 1859//1859 1059//1059
f 962//962 961//961 1860//1860
f 1065//1065 1854//1854 1059//1059
f 1861//1861 1857//1857 1041//1041
f 961//961 1856//1856 1860//1860
f 1857//1857 1035//1035 1041//1041
f 1859//1859 1862//1862 1053//1053
f 1059//1059 1859//1859 1053//1053
f 1858//1858 968//968 1863//1863
f 1862//1862 1861//1861 1047//1047
f 1053//1053 1862//1862 1047//1047
f 1861//1861 1041//1041 1047//1047
f 1100//1100 962//962 1864//1864
f 962//962 1860//1860 1864//1864
f 1863//1863 968//968 967//967
f 1863//1863 967//967 1865//1865
f 1095//1095 1100//1100 1866//1866
f 1100//1100 1864//1864 1866//1866
f 967//967 1005//1005 1867//1867
f 1865//1865 967//967 1867//1867
f 1089//1089 1095//1095 1868//1868
f 1095//1095 1866//1866 1868//1868
f 1005//1005 1011//1011 1869//1869
f 1867//1867 1005//1005 1869//1869
f 1089//1089 1868//1868 1870//1870
f 1089//1089 1870//1870 1083//1083
f 1871//1871 1869//1869 1018//1018
f 1869//1869 1011//1011 1018//1018
f 1083//1083 1870//1870 1872//1872
f 1083//1083 1872//1872 1077//1077
f 1871//1871 1018//1018 1848//1848
f 1848//1848 1018//1018 1023//1023
f 1077//1077 1872//1872 1853//1853
f 1077//1077 1853//1853 1071//1071
f 1221//1221 1873//1873 1215//1215
f 1873//1873 1874//1874 1215//1215
f 1875//1875 1180//1180 1185//1185
f 1876//1876 1875//1875 1185//1185
f 1122//1122 1128//1128 1877//1877
f 1128//1128 1135//1135 1877//1877
f 1122//1122 1877//1877 1878//1878
f 1122//1122 1878//1878 1111//1111
f 1877//1877 1135//1135 1879//1879
f 1879//1879 1135//1135 1143//1143
f 1215//1215 1874//1874 1209//1209
f 1874//1874 1880//1880 1209//1209
f 1111//1111 1878//1878 1881//1881
f 1882//1882 1876//1876 1191//1191
f 1883//1883 1882//1882 1191//1191
f 1879//1879 1143//1143 1884//1884
f 1876//1876 1185//1185 1191//1191
f 1880//1880 1885//1885 1203//1203
f 1111//1111 1881//1881 1112//1112
f 1209//1209 1880//1880 1203//1203
f 1885//1885 1883//1883 1197//1197
f 1203//1203 1885//1885 1197//1197
f 1884//1884 1143//1143 1118//1118
f 1883//1883 1191//1191 1197//1197
f 1112//1112 1881//1881 1886//1886
f 1884//1884 1118//1118 1887//1887
f 1112//1112 1886//1886 1250//1250
f 1250//1250 1886//1886 1888//1888
f 1887//1887 1118//1118 1117//1117
f 1887//1887 1117//1117 1889//1889
f 1245//1245 1250//1250 1890//1890
f 1250//1250 1888//1888 1890//1890
f 1117//1117 1155//1155 1891//1891
f 1889//1889 1117//1117 1891//1891
f 1245//1245 1890//1890 1239//1239
f 1239//1239 1890//1890 1892//1892
f 1891//1891 1155//1155 1161//1161
f 1891//1891 1161//1161 1893//1893
f 1239//1239 1892//1892 1894//1894
f 1239//1239 1894//1894 1233//1233
f 1893//1893 1161//1161 1168//1168
f 1895//1895 1893//1893 1168//1168
f 1233//1233 1894//1894 1896//1896
f 1233//1233 1896//1896 1227//1227
f 1895//1895 1168//1168 1897//1897
f 1897//1897 1168//1168 1173//1173
f 1227//1227 1896//1896 1873//1873
f 1227//1227 1873//1873 1221//1221
f 1897//1897 1173//1173 1180//1180
f 1875//1875 1897//1897 1180//1180
f 1898//1898 1323//1323 1330//1330
f 1899//1899 1898//1898 1330//1330
f 1272//1272 1278//1278 1900//1900
f 1899//1899 1330//1330 1901//1901
f 1272//1272 1900//1900 1902//1902
f 1903//1903 1904//1904 1365//1365
f 1371//1371 1903//1903 1365//1365
f 1278//1278 1285//1285 1905//1905
f 1900//1900 1278//1278 1905//1905
f 1905//1905 1285//1285 1293//1293
f 1901//1901 1330//1330 1335//1335
f 1261//1261 1272//1272 1906//1906
f 1272//1272 1902//1902 1906//1906
f 1901//1901 1335//1335 1907//1907
f 1905//1905 1293//1293 1908//1908
f 1908//1908 1293//1293 1268//1268
f 1904//1904 1909//1909 1359//1359
f 1262//1262 1261//1261 1910//1910
f 1365//1365 1904//1904 1359//1359
f 1911//1911 1907//1907 1341//1341
f 1261//1261 1906//1906 1910//1910
f 1907//1907 1335//1335 1341//1341
f 1909//1909 1912//1912 1353//1353
f 1359//1359 1909//1909 1353//1353
f 1908//1908 1268//1268 1913//1913
f 1912//1912 1911//1911 1347//1347
f 1353//1353 1912//1912 1347//1347
f 1911//1911 1341//1341 1347//1347
f 1400//1400 1262//1262 1914//1914
f 1262//1262 1910//1910 1914//1914
f 1913//1913 1268//1268 1267//1267
f 1913//1913 1267//1267 1915//1915
f 1395//1395 1400//1400 1916//1916
f 1400//1400 1914//1914 1916//1916
f 1267//1267 1305//1305 1917//1917
f 1915//1915 1267//1267 1917//1917
f 1389//1389 1395//1395 1918//1918
f 1395//1395 1916//1916 1918//1918
f 1305//1305 1311//1311 1919//1919
f 1917//1917 1305//1305 1919//1919
f 1389//1389 1918//1918 1920//1920
f 1389//1389 1920//1920 1383//1383
f 1921//1921 1919//1919 1318//1318
f 1919//1919 1311//1311 1318//1318
f 1383//1383 1920//1920 1922//1922
f 1383//1383 1922//1922 1377//1377
f 1921//1921 1318//1318 1898//1898
f 1898//1898 1318//1318 1323//1323
f 1377//1377 1922//1922 1903//1903
f 1377//1377 1903//1903 1371//1371
f 1521//1521 1923//1923 1924//1924
f 1925//1925 1480//1480 1926//1926
f 1521//1521 1924//1924 1515//1515
f 1422//1422 1428//1428 1927//1927
f 1428//1428 1435//1435 1927//1927
f 1926//1926 1480//1480 1485//1485
f 1422//1422 1927//1927 1928//1928
f 1515//1515 1924//1924 1929//1929
f 1927//1927 1435//1435 1930//1930
f 1411//1411 1422//1422 1931//1931
f 1422//1422 1928//1928 1931//1931
f 1435//1435 1443//1443 1932//1932
f 1515//1515 1929//1929 1509//1509
f 1926//1926 1485//1485 1491//1491
f 1930//1930 1435//1435 1932//1932
f 1933//1933 1926//1926 1491//1491
f 1411//1411 1931//1931 1412//1412
f 1929//1929 1934//1934 1503//1503
f 1509//1509 1929//1929 1503//1503
f 1932//1932 1443//1443 1418//1418
f 1933//1933 1491//1491 1497//1497
f 1935//1935 1933//1933 1497//1497
f 1934//1934 1935//1935 1497//1497
f 1503//1503 1934//1934 1497//1497
f 1412//1412 1931//1931 1936//1936
f 1932//1932 1418//1418 1937//1937
f 1550//1550 1412//1412 1938//1938
f 1412//1412 1936//1936 1938//1938
f 1937//1937 1418//1418 1417//1417
f 1937//1937 1417//1417 1939//1939
f 1545//1545 1550//1550 1940//1940
f 1550//1550 1938//1938 1940//1940
f 1417//1417 1455//1455 1941//1941
f 1939//1939 1417//1417 1941//1941
f 1545//1545 1940//1940 1539//1539
f 1539//1539 1940//1940 1942//1942
f 1941//1941 1455//1455 1461//1461
f 1941//1941 1461//1461 1943//1943
f 1539//1539 1942//1942 1944//1944
f 1539//1539 1944//1944 1533//1533
f 1943//1943 1461//1461 1945//1945
f 1945//1945 1461//1461 1468//1468
f 1533//1533 1944//1944 1527//1527
f 1944//1944 1946//1946 1527//1527
f 1945//1945 1468//1468 1947//1947
f 1947//1947 1468//1468 1473//1473
f 1527//1527 1946//1946 1923//1923
f 1527//1527 1923//1923 1521//1521
f 1947//1947 1473//1473 1480//1480
f 1925//1925 1947//1947 1480//1480
f 1671//1671 1948//1948 1665//1665
f 1949//1949 1950//1950 1635//1635
f 1950//1950 1630//1630 1635//1635
f 1572//1572 1578//1578 1951//1951
f 1578//1578 1585//1585 1951//1951
f 1572//1572 1951//1951 1952//1952
f 1951//1951 1585//1585 1953//1953
f 1953//1953 1585//1585 1593//1593
f 1561//1561 1572//1572 1954//1954
f 1948//1948 1955//1955 1659//1659
f 1665//1665 1948//1948 1659//1659
f 1572//1572 1952//1952 1954//1954
f 1956//1956 1949//1949 1641//1641
f 1953//1953 1593//1593 1957//1957
f 1949//1949 1635//1635 1641//1641
f 1955//1955 1958//1958 1653//1653
f 1561//1561 1954//1954 1562//1562
f 1659//1659 1955//1955 1653//1653
f 1959//1959 1956//1956 1647//1647
f 1957//1957 1593//1593 1568//1568
f 1958//1958 1959//1959 1647//1647
f 1653//1653 1958//1958 1647//1647
f 1956//1956 1641//1641 1647//1647
f 1562//1562 1954//1954 1960//1960
f 1957//1957 1568//1568 1961//1961
f 1700//1700 1562//1562 1962//1962
f 1562//1562 1960//1960 1962//1962
f 1961//1961 1568//1568 1567//1567
f 1961//1961 1567//1567 1963//1963
f 1695//1695 1700//1700 1964//1964
f 1700//1700 1962//1962 1964//1964
f 1567//1567 1605//1605 1965//1965
f 1963//1963 1567//1567 1965//1965
f 1695//1695 1964//1964 1689//1689
f 1689//1689 1964//1964 1966//1966
f 1965//1965 1605//1605 1611//1611
f 1965//1965 1611//1611 1967//1967
f 1689//1689 1966//1966 1968//1968
f 1689//1689 1968//1968 1683//1683
f 1967//1967 1611//1611 1969//1969
f 1969//1969 1611//1611 1618//1618
f 1683//1683 1968//1968 1970//1970
f 1683//1683 1970//1970 1677//1677
f 1969//1969 1618//1618 1971//1971
f 1971//1971 1618//1618 1623//1623
f 1677//1677 1970//1970 1972//1972
f 1677//1677 1972//1972 1671//1671
f 1971//1971 1623//1623 1630//1630
f 1950//1950 1971//1971 1630//1630
f 1671//1671 1972//1972 1948//1948
f 1769//1769 1748//1748 1747//1747
f 1758//1758 1769//1769 1747//1747
f 1973//1973 1974//1974 1975//1975
f 1757//1757 1974//1974 1973//1973
f 1976//1976 1977//1977 1978//1978
f 1976//1976 1757//1757 1973//1973
f 1758//1758 1976//1976 1978//1978
f 1758//1758 1757//1757 1976//1976
f 1757//1757 1746//1746 1723//1723
f 1725//1725 1757//1757 1723//1723
f 1724//1724 1979//1979 1980//1980
f 1725//1725 1724//1724 1980//1980
f 1724//1724 1711//1711 1712//1712
f 1768//1768 1724//1724 1712//1712
f 1761//1761 1981//1981 1982//1982
f 1768//1768 1761//1761 1982//1982
f 1761//1761 1983//1983 1981//1981
f 1761//1761 1762//1762 1983//1983
f 1745//1745 1752//1752 1756//1756
f 1752//1752 1762//1762 1756//1756
f 1752//1752 1984//1984 1985//1985
f 1752//1752 1753//1753 1984//1984
f 1732//1732 1733//1733 1744//1744
f 1733//1733 1753//1753 1744//1744
f 1733//1733 1986//1986 1987//1987
f 1733//1733 1727//1727 1986//1986
f 1739//1739 1988//1988 1986//1986
f 1727//1727 1739//1739 1986//1986
f 1740//1740 1755//1755 1728//1728
f 1728//1728 1755//1755 1739//1739
f 1755//1755 1989//1989 1990//1990
f 1755//1755 1754//1754 1989//1989
f 1714//1714 1716//1716 1742//1742
f 1742//1742 1716//1716 1754//1754
f 1991//1991 1992//1992 1993//1993
f 1713//1713 1992//1992 1991//1991
f 1994//1994 1995//1995 1996//1996
f 1716//1716 1991//1991 1994//1994
f 1716//1716 1994//1994 1996//1996
f 1716//1716 1713//1713 1991//1991
f 1738//1738 1737//1737 1715//1715
f 1715//1715 1737//1737 1713//1713
f 1736//1736 1997//1997 1998//1998
f 1737//1737 1736//1736 1998//1998
f 1749//1749 1751//1751 1741//1741
f 1741//1741 1751//1751 1736//1736
f 1751//1751 1999//1999 2000//2000
f 1751//1751 1750//1750 1999//1999
f 1750//1750 2001//2001 1999//1999
f 1750//1750 1760//1760 2001//2001
f 1760//1760 1759//1759 1771//1771
f 1759//1759 1743//1743 1771//1771
f 1771//1771 2002//2002 2003//2003
f 1771//1771 1772//1772 2002//2002
f 1772//1772 1726//1726 1718//1718
f 1726//1726 1719//1719 1718//1718
f 1718//1718 2004//2004 2005//2005
f 1718//1718 1717//1717 2004//2004
f 1721//1721 2006//2006 2004//2004
f 1717//1717 1721//1721 2004//2004
f 1721//1721 1720//1720 1722//1722
f 1770//1770 1721//1721 1722//1722
f 1770//1770 2007//2007 2008//2008
f 1770//1770 1769//1769 2007//2007
f 2009//2009 2010//2010 2011//2011
f 2009//2009 2011//2011 2012//2012
f 2013//2013 2012//2012 2014//2014
f 2013//2013 2009//2009 2012//2012
f 2015//2015 2014//2014 2016//2016
f 2015//2015 2016//2016 2017//2017
f 2018//2018 2019//2019 2020//2020
f 2018//2018 2010//2010 2009//2009
f 2018//2018 2020//2020 2021//2021
f 2018//2018 2021//2021 2010//2010
f 2022//2022 1781//1781 1777//1777
f 2022//2022 2017//2017 1781//1781
f 2023//2023 2009//2009 2013//2013
f 2023//2023 2018//2018 2009//2009
f 2024//2024 2014//2014 2015//2015
f 2024//2024 2013//2013 2014//2014
f 2025//2025 2015//2015 2017//2017
f 2025//2025 2017//2017 2022//2022
f 2026//2026 2027//2027 2019//2019
f 2026//2026 2018//2018 2023//2023
f 2026//2026 2019//2019 2018//2018
f 2028//2028 1777//1777 1774//1774
f 2028//2028 2022//2022 1777//1777
f 2029//2029 2023//2023 2013//2013
f 2029//2029 2013//2013 2024//2024
f 2030//2030 2024//2024 2015//2015
f 2030//2030 2015//2015 2025//2025
f 2031//2031 2022//2022 2028//2028
f 2031//2031 2025//2025 2022//2022
f 2032//2032 2026//2026 2023//2023
f 2032//2032 2033//2033 2027//2027
f 2032//2032 2027//2027 2026//2026
f 2032//2032 2023//2023 2029//2029
f 2034//2034 1774//1774 1780//1780
f 2034//2034 2028//2028 1774//1774
f 2035//2035 2029//2029 2024//2024
f 2035//2035 2024//2024 2030//2030
f 2036//2036 2025//2025 2031//2031
f 2036//2036 2030//2030 2025//2025
f 2037//2037 2031//2031 2028//2028
f 2037//2037 2028//2028 2034//2034
f 2038//2038 2029//2029 2035//2035
f 2038//2038 2033//2033 2032//2032
f 2038//2038 2032//2032 2029//2029
f 2038//2038 2039//2039 2033//2033
f 2040//2040 2034//2034 1780//1780
f 2040//2040 1780//1780 1783//1783
f 2041//2041 2035//2035 2030//2030
f 2041//2041 2030//2030 2036//2036
f 2042//2042 2036//2036 2031//2031
f 2042//2042 2031//2031 2037//2037
f 2043//2043 2037//2037 2034//2034
f 2043//2043 2034//2034 2040//2040
f 2044//2044 2038//2038 2035//2035
f 2044//2044 2035//2035 2041//2041
f 2044//2044 2039//2039 2038//2038
f 2044//2044 2045//2045 2039//2039
f 2046//2046 2040//2040 1783//1783
f 2046//2046 1783//1783 2047//2047
f 2046//2046 2047//2047 2048//2048
f 2049//2049 2041//2041 2036//2036
f 2049//2049 2036//2036 2042//2042
f 2050//2050 2037//2037 2043//2043
f 2050//2050 2042//2042 2037//2037
f 2051//2051 2040//2040 2046//2046
f 2051//2051 2043//2043 2040//2040
f 2051//2051 2046//2046 2048//2048
f 2052//2052 2041//2041 2049//2049
f 2052//2052 2044//2044 2041//2041
f 2052//2052 2045//2045 2044//2044
f 2052//2052 2053//2053 2045//2045
f 2054//2054 2042//2042 2050//2050
f 2054//2054 2049//2049 2042//2042
f 2055//2055 2043//2043 2051//2051
f 2055//2055 2050//2050 2043//2043
f 2055//2055 2051//2051 2048//2048
f 2055//2055 2048//2048 2056//2056
f 2057//2057 2052//2052 2049//2049
f 2057//2057 2058//2058 2053//2053
f 2057//2057 2053//2053 2052//2052
f 2057//2057 2049//2049 2054//2054
f 2059//2059 2054//2054 2050//2050
f 2059//2059 2050//2050 2055//2055
f 2059//2059 2056//2056 2060//2060
f 2059//2059 2055//2055 2056//2056
f 2061//2061 2062//2062 2058//2058
f 2061//2061 2060//2060 2063//2063
f 2061//2061 2058//2058 2057//2057
f 2061//2061 2054//2054 2059//2059
f 2061//2061 2057//2057 2054//2054
f 2061//2061 2059//2059 2060//2060
f 2061//2061 2063//2063 2062//2062
f 2047//2047 1783//1783 1788//1788
f 2064//2064 2062//2062 2063//2063
f 2065//2065 2047//2047 1788//1788
f 2065//2065 2048//2048 2047//2047
f 2065//2065 1788//1788 1790//1790
f 2066//2066 2056//2056 2048//2048
f 2066//2066 2048//2048 2065//2065
f 2067//2067 1790//1790 1792//1792
f 2067//2067 1792//1792 1794//1794
f 2067//2067 2065//2065 1790//1790
f 2068//2068 2060//2060 2056//2056
f 2068//2068 2056//2056 2066//2066
f 2069//2069 2066//2066 2065//2065
f 2069//2069 2065//2065 2067//2067
f 2070//2070 1794//1794 1796//1796
f 2070//2070 2069//2069 2067//2067
f 2070//2070 2067//2067 1794//1794
f 2071//2071 2063//2063 2060//2060
f 2071//2071 2060//2060 2068//2068
f 2072//2072 2066//2066 2069//2069
f 2072//2072 2068//2068 2066//2066
f 2073//2073 2069//2069 2070//2070
f 2073//2073 2072//2072 2069//2069
f 2074//2074 2064//2064 2063//2063
f 2074//2074 2075//2075 2064//2064
f 2074//2074 2063//2063 2071//2071
f 2076//2076 2070//2070 1796//1796
f 2076//2076 2073//2073 2070//2070
f 2077//2077 2068//2068 2072//2072
f 2077//2077 2071//2071 2068//2068
f 2078//2078 2072//2072 2073//2073
f 2078//2078 2077//2077 2072//2072
f 2079//2079 2073//2073 2076//2076
f 2079//2079 2078//2078 2073//2073
f 2080//2080 2081//2081 2075//2075
f 2080//2080 2075//2075 2074//2074
f 2080//2080 2074//2074 2071//2071
f 2080//2080 2071//2071 2077//2077
f 2082//2082 1796//1796 1773//1773
f 2082//2082 1773//1773 1775//1775
f 2082//2082 2076//2076 1796//1796
f 2083//2083 2080//2080 2077//2077
f 2083//2083 2077//2077 2078//2078
f 2084//2084 2078//2078 2079//2079
f 2084//2084 2083//2083 2078//2078
f 2085//2085 2079//2079 2076//2076
f 2085//2085 2076//2076 2082//2082
f 2086//2086 2087//2087 2081//2081
f 2086//2086 2081//2081 2080//2080
f 2086//2086 2080//2080 2083//2083
f 2088//2088 2085//2085 2082//2082
f 2088//2088 2082//2082 1775//1775
f 2089//2089 2083//2083 2084//2084
f 2089//2089 2086//2086 2083//2083
f 2090//2090 2079//2079 2085//2085
f 2090//2090 2084//2084 2079//2079
f 2091//2091 2090//2090 2085//2085
f 2091//2091 2085//2085 2088//2088
f 2092//2092 2093//2093 2087//2087
f 2092//2092 2087//2087 2086//2086
f 2092//2092 2086//2086 2089//2089
f 2094//2094 1775//1775 1776//1776
f 2094//2094 1776//1776 1782//1782
f 2094//2094 2088//2088 1775//1775
f 2095//2095 2089//2089 2084//2084
f 2095//2095 2084//2084 2090//2090
f 2096//2096 2090//2090 2091//2091
f 2096//2096 2095//2095 2090//2090
f 2097//2097 2091//2091 2088//2088
f 2097//2097 2088//2088 2094//2094
f 2098//2098 2093//2093 2092//2092
f 2098//2098 2099//2099 2093//2093
f 2098//2098 2089//2089 2095//2095
f 2098//2098 2092//2092 2089//2089
f 2100//2100 2094//2094 1782//1782
f 2100//2100 1782//1782 1785//1785
f 2101//2101 2098//2098 2095//2095
f 2101//2101 2095//2095 2096//2096
f 2102//2102 2091//2091 2097//2097
f 2102//2102 2096//2096 2091//2091
f 2103//2103 2097//2097 2094//2094
f 2103//2103 2094//2094 2100//2100
f 2104//2104 2098//2098 2101//2101
f 2104//2104 2099//2099 2098//2098
f 2104//2104 2105//2105 2099//2099
f 2106//2106 2103//2103 2100//2100
f 2106//2106 1785//1785 1787//1787
f 2106//2106 2100//2100 1785//1785
f 2107//2107 2096//2096 2102//2102
f 2107//2107 2101//2101 2096//2096
f 2108//2108 2097//2097 2103//2103
f 2108//2108 2102//2102 2097//2097
f 2109//2109 2103//2103 2106//2106
f 2109//2109 2108//2108 2103//2103
f 2110//2110 2104//2104 2101//2101
f 2110//2110 2101//2101 2107//2107
f 2110//2110 2105//2105 2104//2104
f 2110//2110 2111//2111 2105//2105
f 2112//2112 1787//1787 1784//1784
f 2112//2112 2106//2106 1787//1787
f 2113//2113 2107//2107 2102//2102
f 2113//2113 2102//2102 2108//2108
f 2114//2114 2113//2113 2108//2108
f 2114//2114 2108//2108 2109//2109
f 2115//2115 2109//2109 2106//2106
f 2115//2115 2106//2106 2112//2112
f 2116//2116 2107//2107 2113//2113
f 2116//2116 2110//2110 2107//2107
f 2116//2116 2111//2111 2110//2110
f 2116//2116 2117//2117 2111//2111
f 2118//2118 1784//1784 1779//1779
f 2118//2118 2112//2112 1784//1784
f 2119//2119 2113//2113 2114//2114
f 2119//2119 2116//2116 2113//2113
f 2120//2120 2114//2114 2109//2109
f 2120//2120 2109//2109 2115//2115
f 2121//2121 2115//2115 2112//2112
f 2121//2121 2112//2112 2118//2118
f 2122//2122 2123//2123 2117//2117
f 2122//2122 2117//2117 2116//2116
f 2122//2122 2116//2116 2119//2119
f 2124//2124 2118//2118 1779//1779
f 2125//2125 2114//2114 2120//2120
f 2125//2125 2119//2119 2114//2114
f 2126//2126 2115//2115 2121//2121
f 2126//2126 2120//2120 2115//2115
f 2127//2127 2121//2121 2118//2118
f 2127//2127 2118//2118 2124//2124
f 2128//2128 2129//2129 2123//2123
f 2128//2128 2123//2123 2122//2122
f 2128//2128 2122//2122 2119//2119
f 2128//2128 2119//2119 2125//2125
f 2130//2130 1779//1779 1778//1778
f 2130//2130 1778//1778 1797//1797
f 2130//2130 2124//2124 1779//1779
f 2131//2131 2125//2125 2120//2120
f 2131//2131 2120//2120 2126//2126
f 2132//2132 2121//2121 2127//2127
f 2132//2132 2126//2126 2121//2121
f 2133//2133 2127//2127 2124//2124
f 2133//2133 2124//2124 2130//2130
f 2134//2134 2135//2135 2129//2129
f 2134//2134 2129//2129 2128//2128
f 2134//2134 2128//2128 2125//2125
f 2134//2134 2125//2125 2131//2131
f 2136//2136 1797//1797 1795//1795
f 2136//2136 2130//2130 1797//1797
f 2137//2137 2131//2131 2126//2126
f 2137//2137 2126//2126 2132//2132
f 2138//2138 2132//2132 2127//2127
f 2138//2138 2127//2127 2133//2133
f 2139//2139 2133//2133 2130//2130
f 2139//2139 2130//2130 2136//2136
f 2140//2140 2131//2131 2137//2137
f 2140//2140 2141//2141 2135//2135
f 2140//2140 2135//2135 2134//2134
f 2140//2140 2134//2134 2131//2131
f 2142//2142 1795//1795 1793//1793
f 2142//2142 2136//2136 1795//1795
f 2143//2143 2137//2137 2132//2132
f 2143//2143 2132//2132 2138//2138
f 2144//2144 2133//2133 2139//2139
f 2144//2144 2138//2138 2133//2133
f 2145//2145 2139//2139 2136//2136
f 2145//2145 2136//2136 2142//2142
f 2146//2146 2137//2137 2143//2143
f 2146//2146 2141//2141 2140//2140
f 2146//2146 2147//2147 2141//2141
f 2146//2146 2140//2140 2137//2137
f 2148//2148 2142//2142 1793//1793
f 2148//2148 1793//1793 1791//1791
f 2149//2149 2138//2138 2144//2144
f 2149//2149 2143//2143 2138//2138
f 2150//2150 2139//2139 2145//2145
f 2150//2150 2144//2144 2139//2139
f 2151//2151 2145//2145 2142//2142
f 2151//2151 2142//2142 2148//2148
f 2152//2152 2147//2147 2146//2146
f 2152//2152 2143//2143 2149//2149
f 2152//2152 2153//2153 2147//2147
f 2152//2152 2146//2146 2143//2143
f 2154//2154 1791//1791 1789//1789
f 2154//2154 2148//2148 1791//1791
f 2155//2155 2149//2149 2144//2144
f 2155//2155 2144//2144 2150//2150
f 2011//2011 2145//2145 2151//2151
f 2011//2011 2150//2150 2145//2145
f 2156//2156 2151//2151 2148//2148
f 2156//2156 2148//2148 2154//2154
f 2157//2157 2152//2152 2149//2149
f 2157//2157 2149//2149 2155//2155
f 2157//2157 2153//2153 2152//2152
f 2157//2157 2158//2158 2153//2153
f 2016//2016 1789//1789 1786//1786
f 2016//2016 2156//2156 2154//2154
f 2016//2016 2154//2154 1789//1789
f 2010//2010 2155//2155 2150//2150
f 2010//2010 2150//2150 2011//2011
f 2012//2012 2011//2011 2151//2151
f 2012//2012 2151//2151 2156//2156
f 2014//2014 2156//2156 2016//2016
f 2014//2014 2012//2012 2156//2156
f 2021//2021 2157//2157 2155//2155
f 2021//2021 2020//2020 2158//2158
f 2021//2021 2155//2155 2010//2010
f 2021//2021 2158//2158 2157//2157
f 2017//2017 1786//1786 1781//1781
f 2017//2017 2016//2016 1786//1786
f 2159//2159 2160//2160 2161//2161
f 2159//2159 2161//2161 2162//2162
f 2163//2163 2162//2162 2164//2164
f 2163//2163 2159//2159 2162//2162
f 2165//2165 2164//2164 2166//2166
f 2165//2165 2166//2166 2167//2167
f 2168//2168 2169//2169 2170//2170
f 2168//2168 2160//2160 2159//2159
f 2168//2168 2170//2170 2171//2171
f 2168//2168 2171//2171 2160//2160
f 2172//2172 1806//1806 1802//1802
f 2172//2172 2167//2167 1806//1806
f 2173//2173 2159//2159 2163//2163
f 2173//2173 2168//2168 2159//2159
f 2174//2174 2164//2164 2165//2165
f 2174//2174 2163//2163 2164//2164
f 2175//2175 2165//2165 2167//2167
f 2175//2175 2167//2167 2172//2172
f 2176//2176 2177//2177 2169//2169
f 2176//2176 2168//2168 2173//2173
f 2176//2176 2169//2169 2168//2168
f 2178//2178 1802//1802 1801//1801
f 2178//2178 2172//2172 1802//1802
f 2179//2179 2173//2173 2163//2163
f 2179//2179 2163//2163 2174//2174
f 2180//2180 2174//2174 2165//2165
f 2180//2180 2165//2165 2175//2175
f 2181//2181 2172//2172 2178//2178
f 2181//2181 2175//2175 2172//2172
f 2182//2182 2176//2176 2173//2173
f 2182//2182 2183//2183 2177//2177
f 2182//2182 2177//2177 2176//2176
f 2182//2182 2173//2173 2179//2179
f 2184//2184 1801//1801 1805//1805
f 2184//2184 2178//2178 1801//1801
f 2185//2185 2179//2179 2174//2174
f 2185//2185 2174//2174 2180//2180
f 2186//2186 2175//2175 2181//2181
f 2186//2186 2180//2180 2175//2175
f 2187//2187 2181//2181 2178//2178
f 2187//2187 2178//2178 2184//2184
f 2188//2188 2179//2179 2185//2185
f 2188//2188 2183//2183 2182//2182
f 2188//2188 2182//2182 2179//2179
f 2188//2188 2189//2189 2183//2183
f 2190//2190 2184//2184 1805//1805
f 2190//2190 1805//1805 1808//1808
f 2191//2191 2185//2185 2180//2180
f 2191//2191 2180//2180 2186//2186
f 2192//2192 2186//2186 2181//2181
f 2192//2192 2181//2181 2187//2187
f 2193//2193 2187//2187 2184//2184
f 2193//2193 2184//2184 2190//2190
f 2194//2194 2188//2188 2185//2185
f 2194//2194 2185//2185 2191//2191
f 2194//2194 2189//2189 2188//2188
f 2194//2194 2195//2195 2189//2189
f 2196//2196 2190//2190 1808//1808
f 2196//2196 1808//1808 2197//2197
f 2196//2196 2197//2197 2198//2198
f 2199//2199 2191//2191 2186//2186
f 2199//2199 2186//2186 2192//2192
f 2200//2200 2187//2187 2193//2193
f 2200//2200 2192//2192 2187//2187
f 2201//2201 2190//2190 2196//2196
f 2201//2201 2193//2193 2190//2190
f 2201//2201 2196//2196 2198//2198
f 2202//2202 2191//2191 2199//2199
f 2202//2202 2194//2194 2191//2191
f 2202//2202 2195//2195 2194//2194
f 2202//2202 2203//2203 2195//2195
f 2204//2204 2192//2192 2200//2200
f 2204//2204 2199//2199 2192//2192
f 2205//2205 2193//2193 2201//2201
f 2205//2205 2200//2200 2193//2193
f 2205//2205 2201//2201 2198//2198
f 2205//2205 2198//2198 2206//2206
f 2207//2207 2202//2202 2199//2199
f 2207//2207 2208//2208 2203//2203
f 2207//2207 2203//2203 2202//2202
f 2207//2207 2199//2199 2204//2204
f 2209//2209 2204//2204 2200//2200
f 2209//2209 2200//2200 2205//2205
f 2209//2209 2206//2206 2210//2210
f 2209//2209 2205//2205 2206//2206
f 2211//2211 2212//2212 2208//2208
f 2211//2211 2210//2210 2213//2213
f 2211//2211 2208//2208 2207//2207
f 2211//2211 2204//2204 2209//2209
f 2211//2211 2207//2207 2204//2204
f 2211//2211 2209//2209 2210//2210
f 2211//2211 2213//2213 2212//2212
f 2197//2197 1808//1808 1813//1813
f 2214//2214 2212//2212 2213//2213
f 2215//2215 2197//2197 1813//1813
f 2215//2215 2198//2198 2197//2197
f 2215//2215 1813//1813 1815//1815
f 2216//2216 2206//2206 2198//2198
f 2216//2216 2198//2198 2215//2215
f 2217//2217 1815//1815 1817//1817
f 2217//2217 1817//1817 1819//1819
f 2217//2217 2215//2215 1815//1815
f 2218//2218 2210//2210 2206//2206
f 2218//2218 2206//2206 2216//2216
f 2219//2219 2216//2216 2215//2215
f 2219//2219 2215//2215 2217//2217
f 2220//2220 1819//1819 1821//1821
f 2220//2220 2219//2219 2217//2217
f 2220//2220 2217//2217 1819//1819
f 2221//2221 2213//2213 2210//2210
f 2221//2221 2210//2210 2218//2218
f 2222//2222 2216//2216 2219//2219
f 2222//2222 2218//2218 2216//2216
f 2223//2223 2219//2219 2220//2220
f 2223//2223 2222//2222 2219//2219
f 2224//2224 2214//2214 2213//2213
f 2224//2224 2225//2225 2214//2214
f 2224//2224 2213//2213 2221//2221
f 2226//2226 2220//2220 1821//1821
f 2226//2226 2223//2223 2220//2220
f 2227//2227 2218//2218 2222//2222
f 2227//2227 2221//2221 2218//2218
f 2228//2228 2222//2222 2223//2223
f 2228//2228 2227//2227 2222//2222
f 2229//2229 2223//2223 2226//2226
f 2229//2229 2228//2228 2223//2223
f 2230//2230 2231//2231 2225//2225
f 2230//2230 2225//2225 2224//2224
f 2230//2230 2224//2224 2221//2221
f 2230//2230 2221//2221 2227//2227
f 2232//2232 1821//1821 1799//1799
f 2232//2232 1799//1799 1798//1798
f 2232//2232 2226//2226 1821//1821
f 2233//2233 2230//2230 2227//2227
f 2233//2233 2227//2227 2228//2228
f 2234//2234 2228//2228 2229//2229
f 2234//2234 2233//2233 2228//2228
f 2235//2235 2229//2229 2226//2226
f 2235//2235 2226//2226 2232//2232
f 2236//2236 2237//2237 2231//2231
f 2236//2236 2231//2231 2230//2230
f 2236//2236 2230//2230 2233//2233
f 2238//2238 2235//2235 2232//2232
f 2238//2238 2232//2232 1798//1798
f 2239//2239 2233//2233 2234//2234
f 2239//2239 2236//2236 2233//2233
f 2240//2240 2229//2229 2235//2235
f 2240//2240 2234//2234 2229//2229
f 2241//2241 2240//2240 2235//2235
f 2241//2241 2235//2235 2238//2238
f 2242//2242 2243//2243 2237//2237
f 2242//2242 2237//2237 2236//2236
f 2242//2242 2236//2236 2239//2239
f 2244//2244 1798//1798 1800//1800
f 2244//2244 1800//1800 1807//1807
f 2244//2244 2238//2238 1798//1798
f 2245//2245 2239//2239 2234//2234
f 2245//2245 2234//2234 2240//2240
f 2246//2246 2240//2240 2241//2241
f 2246//2246 2245//2245 2240//2240
f 2247//2247 2241//2241 2238//2238
f 2247//2247 2238//2238 2244//2244
f 2248//2248 2243//2243 2242//2242
f 2248//2248 2249//2249 2243//2243
f 2248//2248 2239//2239 2245//2245
f 2248//2248 2242//2242 2239//2239
f 2250//2250 2244//2244 1807//1807
f 2250//2250 1807//1807 1810//1810
f 2251//2251 2248//2248 2245//2245
f 2251//2251 2245//2245 2246//2246
f 2252//2252 2241//2241 2247//2247
f 2252//2252 2246//2246 2241//2241
f 2253//2253 2247//2247 2244//2244
f 2253//2253 2244//2244 2250//2250
f 2254//2254 2248//2248 2251//2251
f 2254//2254 2249//2249 2248//2248
f 2254//2254 2255//2255 2249//2249
f 2256//2256 2253//2253 2250//2250
f 2256//2256 1810//1810 1812//1812
f 2256//2256 2250//2250 1810//1810
f 2257//2257 2246//2246 2252//2252
f 2257//2257 2251//2251 2246//2246
f 2258//2258 2247//2247 2253//2253
f 2258//2258 2252//2252 2247//2247
f 2259//2259 2253//2253 2256//2256
f 2259//2259 2258//2258 2253//2253
f 2260//2260 2254//2254 2251//2251
f 2260//2260 2251//2251 2257//2257
f 2260//2260 2255//2255 2254//2254
f 2260//2260 2261//2261 2255//2255
f 2262//2262 1812//1812 1809//1809
f 2262//2262 2256//2256 1812//1812
f 2263//2263 2257//2257 2252//2252
f 2263//2263 2252//2252 2258//2258
f 2264//2264 2263//2263 2258//2258
f 2264//2264 2258//2258 2259//2259
f 2265//2265 2259//2259 2256//2256
f 2265//2265 2256//2256 2262//2262
f 2266//2266 2257//2257 2263//2263
f 2266//2266 2260//2260 2257//2257
f 2266//2266 2261//2261 2260//2260
f 2266//2266 2267//2267 2261//2261
f 2268//2268 1809//1809 1804//1804
f 2268//2268 2262//2262 1809//1809
f 2269//2269 2263//2263 2264//2264
f 2269//2269 2266//2266 2263//2263
f 2270//2270 2264//2264 2259//2259
f 2270//2270 2259//2259 2265//2265
f 2271//2271 2265//2265 2262//2262
f 2271//2271 2262//2262 2268//2268
f 2272//2272 2273//2273 2267//2267
f 2272//2272 2267//2267 2266//2266
f 2272//2272 2266//2266 2269//2269
f 2274//2274 2268//2268 1804//1804
f 2275//2275 2264//2264 2270//2270
f 2275//2275 2269//2269 2264//2264
f 2276//2276 2265//2265 2271//2271
f 2276//2276 2270//2270 2265//2265
f 2277//2277 2271//2271 2268//2268
f 2277//2277 2268//2268 2274//2274
f 2278//2278 2279//2279 2273//2273
f 2278//2278 2273//2273 2272//2272
f 2278//2278 2272//2272 2269//2269
f 2278//2278 2269//2269 2275//2275
f 2280//2280 1804//1804 1803//1803
f 2280//2280 1803//1803 1822//1822
f 2280//2280 2274//2274 1804//1804
f 2281//2281 2275//2275 2270//2270
f 2281//2281 2270//2270 2276//2276
f 2282//2282 2271//2271 2277//2277
f 2282//2282 2276//2276 2271//2271
f 2283//2283 2277//2277 2274//2274
f 2283//2283 2274//2274 2280//2280
f 2284//2284 2285//2285 2279//2279
f 2284//2284 2279//2279 2278//2278
f 2284//2284 2278//2278 2275//2275
f 2284//2284 2275//2275 2281//2281
f 2286//2286 1822//1822 1820//1820
f 2286//2286 2280//2280 1822//1822
f 2287//2287 2281//2281 2276//2276
f 2287//2287 2276//2276 2282//2282
f 2288//2288 2282//2282 2277//2277
f 2288//2288 2277//2277 2283//2283
f 2289//2289 2283//2283 2280//2280
f 2289//2289 2280//2280 2286//2286
f 2290//2290 2281//2281 2287//2287
f 2290//2290 2291//2291 2285//2285
f 2290//2290 2285//2285 2284//2284
f 2290//2290 2284//2284 2281//2281
f 2292//2292 1820//1820 1818//1818
f 2292//2292 2286//2286 1820//1820
f 2293//2293 2287//2287 2282//2282
f 2293//2293 2282//2282 2288//2288
f 2294//2294 2283//2283 2289//2289
f 2294//2294 2288//2288 2283//2283
f 2295//2295 2289//2289 2286//2286
f 2295//2295 2286//2286 2292//2292
f 2296//2296 2287//2287 2293//2293
f 2296//2296 2291//2291 2290//2290
f 2296//2296 2297//2297 2291//2291
f 2296//2296 2290//2290 2287//2287
f 2298//2298 2292//2292 1818//1818
f 2298//2298 1818//1818 1816//1816
f 2299//2299 2288//2288 2294//2294
f 2299//2299 2293//2293 2288//2288
f 2300//2300 2289//2289 2295//2295
f 2300//2300 2294//2294 2289//2289
f 2301//2301 2295//2295 2292//2292
f 2301//2301 2292//2292 2298//2298
f 2302//2302 2297//2297 2296//2296
f 2302//2302 2293//2293 2299//2299
f 2302//2302 2303//2303 2297//2297
f 2302//2302 2296//2296 2293//2293
f 2304//2304 1816//1816 1814//1814
f 2304//2304 2298//2298 1816//1816
f 2305//2305 2299//2299 2294//2294
f 2305//2305 2294//2294 2300//2300
f 2161//2161 2295//2295 2301//2301
f 2161//2161 2300//2300 2295//2295
f 2306//2306 2301//2301 2298//2298
f 2306//2306 2298//2298 2304//2304
f 2307//2307 2302//2302 2299//2299
f 2307//2307 2299//2299 2305//2305
f 2307//2307 2303//2303 2302//2302
f 2307//2307 2308//2308 2303//2303
f 2166//2166 1814//1814 1811//1811
f 2166//2166 2306//2306 2304//2304
f 2166//2166 2304//2304 1814//1814
f 2160//2160 2305//2305 2300//2300
f 2160//2160 2300//2300 2161//2161
f 2162//2162 2161//2161 2301//2301
f 2162//2162 2301//2301 2306//2306
f 2164//2164 2306//2306 2166//2166
f 2164//2164 2162//2162 2306//2306
f 2171//2171 2307//2307 2305//2305
f 2171//2171 2170//2170 2308//2308
f 2171//2171 2305//2305 2160//2160
f 2171//2171 2308//2308 2307//2307
f 2167//2167 1811//1811 1806//1806
f 2167//2167 2166//2166 1811//1811
f 2309//2309 2310//2310 2311//2311
f 2309//2309 2311//2311 2312//2312
f 2313//2313 2312//2312 2314//2314
f 2313//2313 2309//2309 2312//2312
f 2315//2315 2314//2314 2316//2316
f 2315//2315 2316//2316 2317//2317
f 2318//2318 2319//2319 2320//2320
f 2318//2318 2310//2310 2309//2309
f 2318//2318 2320//2320 2321//2321
f 2318//2318 2321//2321 2310//2310
f 2322//2322 1830//1830 1828//1828
f 2322//2322 2317//2317 1830//1830
f 2323//2323 2309//2309 2313//2313
f 2323//2323 2318//2318 2309//2309
f 2324//2324 2314//2314 2315//2315
f 2324//2324 2313//2313 2314//2314
f 2325//2325 2315//2315 2317//2317
f 2325//2325 2317//2317 2322//2322
f 2326//2326 2327//2327 2319//2319
f 2326//2326 2318//2318 2323//2323
f 2326//2326 2319//2319 2318//2318
f 2328//2328 1828//1828 1825//1825
f 2328//2328 2322//2322 1828//1828
f 2329//2329 2323//2323 2313//2313
f 2329//2329 2313//2313 2324//2324
f 2330//2330 2324//2324 2315//2315
f 2330//2330 2315//2315 2325//2325
f 2331//2331 2322//2322 2328//2328
f 2331//2331 2325//2325 2322//2322
f 2332//2332 2326//2326 2323//2323
f 2332//2332 2333//2333 2327//2327
f 2332//2332 2327//2327 2326//2326
f 2332//2332 2323//2323 2329//2329
f 2334//2334 1825//1825 1829//1829
f 2334//2334 2328//2328 1825//1825
f 2335//2335 2329//2329 2324//2324
f 2335//2335 2324//2324 2330//2330
f 2336//2336 2325//2325 2331//2331
f 2336//2336 2330//2330 2325//2325
f 2337//2337 2331//2331 2328//2328
f 2337//2337 2328//2328 2334//2334
f 2338//2338 2329//2329 2335//2335
f 2338//2338 2333//2333 2332//2332
f 2338//2338 2332//2332 2329//2329
f 2338//2338 2339//2339 2333//2333
f 2340//2340 2334//2334 1829//1829
f 2340//2340 1829//1829 1831//1831
f 2341//2341 2335//2335 2330//2330
f 2341//2341 2330//2330 2336//2336
f 2342//2342 2336//2336 2331//2331
f 2342//2342 2331//2331 2337//2337
f 2343//2343 2337//2337 2334//2334
f 2343//2343 2334//2334 2340//2340
f 2344//2344 2338//2338 2335//2335
f 2344//2344 2335//2335 2341//2341
f 2344//2344 2339//2339 2338//2338
f 2344//2344 2345//2345 2339//2339
f 2346//2346 2340//2340 1831//1831
f 2346//2346 1831//1831 2347//2347
f 2346//2346 2347//2347 2348//2348
f 2349//2349 2341//2341 2336//2336
f 2349//2349 2336//2336 2342//2342
f 2350//2350 2337//2337 2343//2343
f 2350//2350 2342//2342 2337//2337
f 2351//2351 2340//2340 2346//2346
f 2351//2351 2343//2343 2340//2340
f 2351//2351 2346//2346 2348//2348
f 2352//2352 2341//2341 2349//2349
f 2352//2352 2344//2344 2341//2341
f 2352//2352 2345//2345 2344//2344
f 2352//2352 2353//2353 2345//2345
f 2354//2354 2342//2342 2350//2350
f 2354//2354 2349//2349 2342//2342
f 2355//2355 2343//2343 2351//2351
f 2355//2355 2350//2350 2343//2343
f 2355//2355 2351//2351 2348//2348
f 2355//2355 2348//2348 2356//2356
f 2357//2357 2352//2352 2349//2349
f 2357//2357 2358//2358 2353//2353
f 2357//2357 2353//2353 2352//2352
f 2357//2357 2349//2349 2354//2354
f 2359//2359 2354//2354 2350//2350
f 2359//2359 2350//2350 2355//2355
f 2359//2359 2356//2356 2360//2360
f 2359//2359 2355//2355 2356//2356
f 2361//2361 2362//2362 2358//2358
f 2361//2361 2360//2360 2363//2363
f 2361//2361 2358//2358 2357//2357
f 2361//2361 2354//2354 2359//2359
f 2361//2361 2357//2357 2354//2354
f 2361//2361 2359//2359 2360//2360
f 2361//2361 2363//2363 2362//2362
f 2347//2347 1831//1831 1837//1837
f 2364//2364 2362//2362 2363//2363
f 2365//2365 2347//2347 1837//1837
f 2365//2365 2348//2348 2347//2347
f 2365//2365 1837//1837 1839//1839
f 2366//2366 2356//2356 2348//2348
f 2366//2366 2348//2348 2365//2365
f 2367//2367 1839//1839 1841//1841
f 2367//2367 1841//1841 1843//1843
f 2367//2367 2365//2365 1839//1839
f 2368//2368 2360//2360 2356//2356
f 2368//2368 2356//2356 2366//2366
f 2369//2369 2366//2366 2365//2365
f 2369//2369 2365//2365 2367//2367
f 2370//2370 1843//1843 1845//1845
f 2370//2370 2369//2369 2367//2367
f 2370//2370 2367//2367 1843//1843
f 2371//2371 2363//2363 2360//2360
f 2371//2371 2360//2360 2368//2368
f 2372//2372 2366//2366 2369//2369
f 2372//2372 2368//2368 2366//2366
f 2373//2373 2369//2369 2370//2370
f 2373//2373 2372//2372 2369//2369
f 2374//2374 2364//2364 2363//2363
f 2374//2374 2375//2375 2364//2364
f 2374//2374 2363//2363 2371//2371
f 2376//2376 2370//2370 1845//1845
f 2376//2376 2373//2373 2370//2370
f 2377//2377 2368//2368 2372//2372
f 2377//2377 2371//2371 2368//2368
f 2378//2378 2372//2372 2373//2373
f 2378//2378 2377//2377 2372//2372
f 2379//2379 2373//2373 2376//2376
f 2379//2379 2378//2378 2373//2373
f 2380//2380 2381//2381 2375//2375
f 2380//2380 2375//2375 2374//2374
f 2380//2380 2374//2374 2371//2371
f 2380//2380 2371//2371 2377//2377
f 2382//2382 1845//1845 1847//1847
f 2382//2382 1847//1847 1826//1826
f 2382//2382 2376//2376 1845//1845
f 2383//2383 2380//2380 2377//2377
f 2383//2383 2377//2377 2378//2378
f 2384//2384 2378//2378 2379//2379
f 2384//2384 2383//2383 2378//2378
f 2385//2385 2379//2379 2376//2376
f 2385//2385 2376//2376 2382//2382
f 2386//2386 2387//2387 2381//2381
f 2386//2386 2381//2381 2380//2380
f 2386//2386 2380//2380 2383//2383
f 2388//2388 2385//2385 2382//2382
f 2388//2388 2382//2382 1826//1826
f 2389//2389 2383//2383 2384//2384
f 2389//2389 2386//2386 2383//2383
f 2390//2390 2379//2379 2385//2385
f 2390//2390 2384//2384 2379//2379
f 2391//2391 2390//2390 2385//2385
f 2391//2391 2385//2385 2388//2388
f 2392//2392 2393//2393 2387//2387
f 2392//2392 2387//2387 2386//2386
f 2392//2392 2386//2386 2389//2389
f 2394//2394 1826//1826 1827//1827
f 2394//2394 1827//1827 1833//1833
f 2394//2394 2388//2388 1826//1826
f 2395//2395 2389//2389 2384//2384
f 2395//2395 2384//2384 2390//2390
f 2396//2396 2390//2390 2391//2391
f 2396//2396 2395//2395 2390//2390
f 2397//2397 2391//2391 2388//2388
f 2397//2397 2388//2388 2394//2394
f 2398//2398 2393//2393 2392//2392
f 2398//2398 2399//2399 2393//2393
f 2398//2398 2389//2389 2395//2395
f 2398//2398 2392//2392 2389//2389
f 2400//2400 2394//2394 1833//1833
f 2400//2400 1833//1833 1834//1834
f 2401//2401 2398//2398 2395//2395
f 2401//2401 2395//2395 2396//2396
f 2402//2402 2391//2391 2397//2397
f 2402//2402 2396//2396 2391//2391
f 2403//2403 2397//2397 2394//2394
f 2403//2403 2394//2394 2400//2400
f 2404//2404 2398//2398 2401//2401
f 2404//2404 2399//2399 2398//2398
f 2404//2404 2405//2405 2399//2399
f 2406//2406 2403//2403 2400//2400
f 2406//2406 1834//1834 1835//1835
f 2406//2406 2400//2400 1834//1834
f 2407//2407 2396//2396 2402//2402
f 2407//2407 2401//2401 2396//2396
f 2408//2408 2397//2397 2403//2403
f 2408//2408 2402//2402 2397//2397
f 2409//2409 2403//2403 2406//2406
f 2409//2409 2408//2408 2403//2403
f 2410//2410 2404//2404 2401//2401
f 2410//2410 2401//2401 2407//2407
f 2410//2410 2405//2405 2404//2404
f 2410//2410 2411//2411 2405//2405
f 2412//2412 1835//1835 1832//1832
f 2412//2412 2406//2406 1835//1835
f 2413//2413 2407//2407 2402//2402
f 2413//2413 2402//2402 2408//2408
f 2414//2414 2413//2413 2408//2408
f 2414//2414 2408//2408 2409//2409
f 2415//2415 2409//2409 2406//2406
f 2415//2415 2406//2406 2412//2412
f 2416//2416 2407//2407 2413//2413
f 2416//2416 2410//2410 2407//2407
f 2416//2416 2411//2411 2410//2410
f 2416//2416 2417//2417 2411//2411
f 2418//2418 1832//1832 1824//1824
f 2418//2418 2412//2412 1832//1832
f 2419//2419 2413//2413 2414//2414
f 2419//2419 2416//2416 2413//2413
f 2420//2420 2414//2414 2409//2409
f 2420//2420 2409//2409 2415//2415
f 2421//2421 2415//2415 2412//2412
f 2421//2421 2412//2412 2418//2418
f 2422//2422 2423//2423 2417//2417
f 2422//2422 2417//2417 2416//2416
f 2422//2422 2416//2416 2419//2419
f 2424//2424 2418//2418 1824//1824
f 2425//2425 2414//2414 2420//2420
f 2425//2425 2419//2419 2414//2414
f 2426//2426 2415//2415 2421//2421
f 2426//2426 2420//2420 2415//2415
f 2427//2427 2421//2421 2418//2418
f 2427//2427 2418//2418 2424//2424
f 2428//2428 2429//2429 2423//2423
f 2428//2428 2423//2423 2422//2422
f 2428//2428 2422//2422 2419//2419
f 2428//2428 2419//2419 2425//2425
f 2430//2430 1824//1824 1823//1823
f 2430//2430 1823//1823 1846//1846
f 2430//2430 2424//2424 1824//1824
f 2431//2431 2425//2425 2420//2420
f 2431//2431 2420//2420 2426//2426
f 2432//2432 2421//2421 2427//2427
f 2432//2432 2426//2426 2421//2421
f 2433//2433 2427//2427 2424//2424
f 2433//2433 2424//2424 2430//2430
f 2434//2434 2435//2435 2429//2429
f 2434//2434 2429//2429 2428//2428
f 2434//2434 2428//2428 2425//2425
f 2434//2434 2425//2425 2431//2431
f 2436//2436 1846//1846 1844//1844
f 2436//2436 2430//2430 1846//1846
f 2437//2437 2431//2431 2426//2426
f 2437//2437 2426//2426 2432//2432
f 2438//2438 2432//2432 2427//2427
f 2438//2438 2427//2427 2433//2433
f 2439//2439 2433//2433 2430//2430
f 2439//2439 2430//2430 2436//2436
f 2440//2440 2431//2431 2437//2437
f 2440//2440 2441//2441 2435//2435
f 2440//2440 2435//2435 2434//2434
f 2440//2440 2434//2434 2431//2431
f 2442//2442 1844//1844 1842//1842
f 2442//2442 2436//2436 1844//1844
f 2443//2443 2437//2437 2432//2432
f 2443//2443 2432//2432 2438//2438
f 2444//2444 2433//2433 2439//2439
f 2444//2444 2438//2438 2433//2433
f 2445//2445 2439//2439 2436//2436
f 2445//2445 2436//2436 2442//2442
f 2446//2446 2437//2437 2443//2443
f 2446//2446 2441//2441 2440//2440
f 2446//2446 2447//2447 2441//2441
f 2446//2446 2440//2440 2437//2437
f 2448//2448 2442//2442 1842//1842
f 2448//2448 1842//1842 1840//1840
f 2449//2449 2438//2438 2444//2444
f 2449//2449 2443//2443 2438//2438
f 2450//2450 2439//2439 2445//2445
f 2450//2450 2444//2444 2439//2439
f 2451//2451 2445//2445 2442//2442
f 2451//2451 2442//2442 2448//2448
f 2452//2452 2447//2447 2446//2446
f 2452//2452 2443//2443 2449//2449
f 2452//2452 2453//2453 2447//2447
f 2452//2452 2446//2446 2443//2443
f 2454//2454 1840//1840 1838//1838
f 2454//2454 2448//2448 1840//1840
f 2455//2455 2449//2449 2444//2444
f 2455//2455 2444//2444 2450//2450
f 2311//2311 2445//2445 2451//2451
f 2311//2311 2450//2450 2445//2445
f 2456//2456 2451//2451 2448//2448
f 2456//2456 2448//2448 2454//2454
f 2457//2457 2452//2452 2449//2449
f 2457//2457 2449//2449 2455//2455
f 2457//2457 2453//2453 2452//2452
f 2457//2457 2458//2458 2453//2453
f 2316//2316 1838//1838 1836//1836
f 2316//2316 2456//2456 2454//2454
f 2316//2316 2454//2454 1838//1838
f 2310//2310 2455//2455 2450//2450
f 2310//2310 2450//2450 2311//2311
f 2312//2312 2311//2311 2451//2451
f 2312//2312 2451//2451 2456//2456
f 2314//2314 2456//2456 2316//2316
f 2314//2314 2312//2312 2456//2456
f 2321//2321 2457//2457 2455//2455
f 2321//2321 2320//2320 2458//2458
f 2321//2321 2455//2455 2310//2310
f 2321//2321 2458//2458 2457//2457
f 2317//2317 1836//1836 1830//1830
f 2317//2317 2316//2316 1836//1836
f 2459//2459 2460//2460 2461//2461
f 2459//2459 2461//2461 2462//2462
f 2463//2463 2462//2462 2464//2464
f 2463//2463 2459//2459 2462//2462
f 2465//2465 2464//2464 2466//2466
f 2465//2465 2466//2466 2467//2467
f 2468//2468 2469//2469 2470//2470
f 2468//2468 2460//2460 2459//2459
f 2468//2468 2470//2470 2471//2471
f 2468//2468 2471//2471 2460//2460
f 2472//2472 1856//1856 1852//1852
f 2472//2472 2467//2467 1856//1856
f 2473//2473 2459//2459 2463//2463
f 2473//2473 2468//2468 2459//2459
f 2474//2474 2464//2464 2465//2465
f 2474//2474 2463//2463 2464//2464
f 2475//2475 2465//2465 2467//2467
f 2475//2475 2467//2467 2472//2472
f 2476//2476 2477//2477 2469//2469
f 2476//2476 2468//2468 2473//2473
f 2476//2476 2469//2469 2468//2468
f 2478//2478 1852//1852 1850//1850
f 2478//2478 2472//2472 1852//1852
f 2479//2479 2473//2473 2463//2463
f 2479//2479 2463//2463 2474//2474
f 2480//2480 2474//2474 2465//2465
f 2480//2480 2465//2465 2475//2475
f 2481//2481 2472//2472 2478//2478
f 2481//2481 2475//2475 2472//2472
f 2482//2482 2476//2476 2473//2473
f 2482//2482 2483//2483 2477//2477
f 2482//2482 2477//2477 2476//2476
f 2482//2482 2473//2473 2479//2479
f 2484//2484 1850//1850 1855//1855
f 2484//2484 2478//2478 1850//1850
f 2485//2485 2479//2479 2474//2474
f 2485//2485 2474//2474 2480//2480
f 2486//2486 2475//2475 2481//2481
f 2486//2486 2480//2480 2475//2475
f 2487//2487 2481//2481 2478//2478
f 2487//2487 2478//2478 2484//2484
f 2488//2488 2479//2479 2485//2485
f 2488//2488 2483//2483 2482//2482
f 2488//2488 2482//2482 2479//2479
f 2488//2488 2489//2489 2483//2483
f 2490//2490 2484//2484 1855//1855
f 2490//2490 1855//1855 1858//1858
f 2491//2491 2485//2485 2480//2480
f 2491//2491 2480//2480 2486//2486
f 2492//2492 2486//2486 2481//2481
f 2492//2492 2481//2481 2487//2487
f 2493//2493 2487//2487 2484//2484
f 2493//2493 2484//2484 2490//2490
f 2494//2494 2488//2488 2485//2485
f 2494//2494 2485//2485 2491//2491
f 2494//2494 2489//2489 2488//2488
f 2494//2494 2495//2495 2489//2489
f 2496//2496 2490//2490 1858//1858
f 2496//2496 1858//1858 2497//2497
f 2496//2496 2497//2497 2498//2498
f 2499//2499 2491//2491 2486//2486
f 2499//2499 2486//2486 2492//2492
f 2500//2500 2487//2487 2493//2493
f 2500//2500 2492//2492 2487//2487
f 2501//2501 2490//2490 2496//2496
f 2501//2501 2493//2493 2490//2490
f 2501//2501 2496//2496 2498//2498
f 2502//2502 2491//2491 2499//2499
f 2502//2502 2494//2494 2491//2491
f 2502//2502 2495//2495 2494//2494
f 2502//2502 2503//2503 2495//2495
f 2504//2504 2492//2492 2500//2500
f 2504//2504 2499//2499 2492//2492
f 2505//2505 2493//2493 2501//2501
f 2505//2505 2500//2500 2493//2493
f 2505//2505 2501//2501 2498//2498
f 2505//2505 2498//2498 2506//2506
f 2507//2507 2502//2502 2499//2499
f 2507//2507 2508//2508 2503//2503
f 2507//2507 2503//2503 2502//2502
f 2507//2507 2499//2499 2504//2504
f 2509//2509 2504//2504 2500//2500
f 2509//2509 2500//2500 2505//2505
f 2509//2509 2506//2506 2510//2510
f 2509//2509 2505//2505 2506//2506
f 2511//2511 2512//2512 2508//2508
f 2511//2511 2510//2510 2513//2513
f 2511//2511 2508//2508 2507//2507
f 2511//2511 2504//2504 2509//2509
f 2511//2511 2507//2507 2504//2504
f 2511//2511 2509//2509 2510//2510
f 2511//2511 2513//2513 2512//2512
f 2497//2497 1858//1858 1863//1863
f 2514//2514 2512//2512 2513//2513
f 2515//2515 2497//2497 1863//1863
f 2515//2515 2498//2498 2497//2497
f 2515//2515 1863//1863 1865//1865
f 2516//2516 2506//2506 2498//2498
f 2516//2516 2498//2498 2515//2515
f 2517//2517 1865//1865 1867//1867
f 2517//2517 1867//1867 1869//1869
f 2517//2517 2515//2515 1865//1865
f 2518//2518 2510//2510 2506//2506
f 2518//2518 2506//2506 2516//2516
f 2519//2519 2516//2516 2515//2515
f 2519//2519 2515//2515 2517//2517
f 2520//2520 1869//1869 1871//1871
f 2520//2520 2519//2519 2517//2517
f 2520//2520 2517//2517 1869//1869
f 2521//2521 2513//2513 2510//2510
f 2521//2521 2510//2510 2518//2518
f 2522//2522 2516//2516 2519//2519
f 2522//2522 2518//2518 2516//2516
f 2523//2523 2519//2519 2520//2520
f 2523//2523 2522//2522 2519//2519
f 2524//2524 2514//2514 2513//2513
f 2524//2524 2525//2525 2514//2514
f 2524//2524 2513//2513 2521//2521
f 2526//2526 2520//2520 1871//1871
f 2526//2526 2523//2523 2520//2520
f 2527//2527 2518//2518 2522//2522
f 2527//2527 2521//2521 2518//2518
f 2528//2528 2522//2522 2523//2523
f 2528//2528 2527//2527 2522//2522
f 2529//2529 2523//2523 2526//2526
f 2529//2529 2528//2528 2523//2523
f 2530//2530 2531//2531 2525//2525
f 2530//2530 2525//2525 2524//2524
f 2530//2530 2524//2524 2521//2521
f 2530//2530 2521//2521 2527//2527
f 2532//2532 1871//1871 1848//1848
f 2532//2532 1848//1848 1849//1849
f 2532//2532 2526//2526 1871//1871
f 2533//2533 2530//2530 2527//2527
f 2533//2533 2527//2527 2528//2528
f 2534//2534 2528//2528 2529//2529
f 2534//2534 2533//2533 2528//2528
f 2535//2535 2529//2529 2526//2526
f 2535//2535 2526//2526 2532//2532
f 2536//2536 2537//2537 2531//2531
f 2536//2536 2531//2531 2530//2530
f 2536//2536 2530//2530 2533//2533
f 2538//2538 2535//2535 2532//2532
f 2538//2538 2532//2532 1849//1849
f 2539//2539 2533//2533 2534//2534
f 2539//2539 2536//2536 2533//2533
f 2540//2540 2529//2529 2535//2535
f 2540//2540 2534//2534 2529//2529
f 2541//2541 2540//2540 2535//2535
f 2541//2541 2535//2535 2538//2538
f 2542//2542 2543//2543 2537//2537
f 2542//2542 2537//2537 2536//2536
f 2542//2542 2536//2536 2539//2539
f 2544//2544 1849//1849 1851//1851
f 2544//2544 1851//1851 1857//1857
f 2544//2544 2538//2538 1849//1849
f 2545//2545 2539//2539 2534//2534
f 2545//2545 2534//2534 2540//2540
f 2546//2546 2540//2540 2541//2541
f 2546//2546 2545//2545 2540//2540
f 2547//2547 2541//2541 2538//2538
f 2547//2547 2538//2538 2544//2544
f 2548//2548 2543//2543 2542//2542
f 2548//2548 2549//2549 2543//2543
f 2548//2548 2539//2539 2545//2545
f 2548//2548 2542//2542 2539//2539
f 2550//2550 2544//2544 1857//1857
f 2550//2550 1857//1857 1861//1861
f 2551//2551 2548//2548 2545//2545
f 2551//2551 2545//2545 2546//2546
f 2552//2552 2541//2541 2547//2547
f 2552//2552 2546//2546 2541//2541
f 2553//2553 2547//2547 2544//2544
f 2553//2553 2544//2544 2550//2550
f 2554//2554 2548//2548 2551//2551
f 2554//2554 2549//2549 2548//2548
f 2554//2554 2555//2555 2549//2549
f 2556//2556 2553//2553 2550//2550
f 2556//2556 1861//1861 1862//1862
f 2556//2556 2550//2550 1861//1861
f 2557//2557 2546//2546 2552//2552
f 2557//2557 2551//2551 2546//2546
f 2558//2558 2547//2547 2553//2553
f 2558//2558 2552//2552 2547//2547
f 2559//2559 2553//2553 2556//2556
f 2559//2559 2558//2558 2553//2553
f 2560//2560 2554//2554 2551//2551
f 2560//2560 2551//2551 2557//2557
f 2560//2560 2555//2555 2554//2554
f 2560//2560 2561//2561 2555//2555
f 2562//2562 1862//1862 1859//1859
f 2562//2562 2556//2556 1862//1862
f 2563//2563 2557//2557 2552//2552
f 2563//2563 2552//2552 2558//2558
f 2564//2564 2563//2563 2558//2558
f 2564//2564 2558//2558 2559//2559
f 2565//2565 2559//2559 2556//2556
f 2565//2565 2556//2556 2562//2562
f 2566//2566 2557//2557 2563//2563
f 2566//2566 2560//2560 2557//2557
f 2566//2566 2561//2561 2560//2560
f 2566//2566 2567//2567 2561//2561
f 2568//2568 1859//1859 1854//1854
f 2568//2568 2562//2562 1859//1859
f 2569//2569 2563//2563 2564//2564
f 2569//2569 2566//2566 2563//2563
f 2570//2570 2564//2564 2559//2559
f 2570//2570 2559//2559 2565//2565
f 2571//2571 2565//2565 2562//2562
f 2571//2571 2562//2562 2568//2568
f 2572//2572 2573//2573 2567//2567
f 2572//2572 2567//2567 2566//2566
f 2572//2572 2566//2566 2569//2569
f 2574//2574 2568//2568 1854//1854
f 2575//2575 2564//2564 2570//2570
f 2575//2575 2569//2569 2564//2564
f 2576//2576 2565//2565 2571//2571
f 2576//2576 2570//2570 2565//2565
f 2577//2577 2571//2571 2568//2568
f 2577//2577 2568//2568 2574//2574
f 2578//2578 2579//2579 2573//2573
f 2578//2578 2573//2573 2572//2572
f 2578//2578 2572//2572 2569//2569
f 2578//2578 2569//2569 2575//2575
f 2580//2580 1854//1854 1853//1853
f 2580//2580 1853//1853 1872//1872
f 2580//2580 2574//2574 1854//1854
f 2581//2581 2575//2575 2570//2570
f 2581//2581 2570//2570 2576//2576
f 2582//2582 2571//2571 2577//2577
f 2582//2582 2576//2576 2571//2571
f 2583//2583 2577//2577 2574//2574
f 2583//2583 2574//2574 2580//2580
f 2584//2584 2585//2585 2579//2579
f 2584//2584 2579//2579 2578//2578
f 2584//2584 2578//2578 2575//2575
f 2584//2584 2575//2575 2581//2581
f 2586//2586 1872//1872 1870//1870
f 2586//2586 2580//2580 1872//1872
f 2587//2587 2581//2581 2576//2576
f 2587//2587 2576//2576 2582//2582
f 2588//2588 2582//2582 2577//2577
f 2588//2588 2577//2577 2583//2583
f 2589//2589 2583//2583 2580//2580
f 2589//2589 2580//2580 2586//2586
f 2590//2590 2581//2581 2587//2587
f 2590//2590 2591//2591 2585//2585
f 2590//2590 2585//2585 2584//2584
f 2590//2590 2584//2584 2581//2581
f 2592//2592 1870//1870 1868//1868
f 2592//2592 2586//2586 1870//1870
f 2593//2593 2587//2587 2582//2582
f 2593//2593 2582//2582 2588//2588
f 2594//2594 2583//2583 2589//2589
f 2594//2594 2588//2588 2583//2583
f 2595//2595 2589//2589 2586//2586
f 2595//2595 2586//2586 2592//2592
f 2596//2596 2587//2587 2593//2593
f 2596//2596 2591//2591 2590//2590
f 2596//2596 2597//2597 2591//2591
f 2596//2596 2590//2590 2587//2587
f 2598//2598 2592//2592 1868//1868
f 2598//2598 1868//1868 1866//1866
f 2599//2599 2588//2588 2594//2594
f 2599//2599 2593//2593 2588//2588
f 2600//2600 2589//2589 2595//2595
f 2600//2600 2594//2594 2589//2589
f 2601//2601 2595//2595 2592//2592
f 2601//2601 2592//2592 2598//2598
f 2602//2602 2597//2597 2596//2596
f 2602//2602 2593//2593 2599//2599
f 2602//2602 2603//2603 2597//2597
f 2602//2602 2596//2596 2593//2593
f 2604//2604 1866//1866 1864//1864
f 2604//2604 2598//2598 1866//1866
f 2605//2605 2599//2599 2594//2594
f 2605//2605 2594//2594 2600//2600
f 2461//2461 2595//2595 2601//2601
f 2461//2461 2600//2600 2595//2595
f 2606//2606 2601//2601 2598//2598
f 2606//2606 2598//2598 2604//2604
f 2607//2607 2602//2602 2599//2599
f 2607//2607 2599//2599 2605//2605
f 2607//2607 2603//2603 2602//2602
f 2607//2607 2608//2608 2603//2603
f 2466//2466 1864//1864 1860//1860
f 2466//2466 2606//2606 2604//2604
f 2466//2466 2604//2604 1864//1864
f 2460//2460 2605//2605 2600//2600
f 2460//2460 2600//2600 2461//2461
f 2462//2462 2461//2461 2601//2601
f 2462//2462 2601//2601 2606//2606
f 2464//2464 2606//2606 2466//2466
f 2464//2464 2462//2462 2606//2606
f 2471//2471 2607//2607 2605//2605
f 2471//2471 2470//2470 2608//2608
f 2471//2471 2605//2605 2460//2460
f 2471//2471 2608//2608 2607//2607
f 2467//2467 1860//1860 1856//1856
f 2467//2467 2466//2466 1860//1860
f 2609//2609 2610//2610 2611//2611
f 2609//2609 2611//2611 2612//2612
f 2613//2613 2612//2612 2614//2614
f 2613//2613 2609//2609 2612//2612
f 2615//2615 2614//2614 2616//2616
f 2615//2615 2616//2616 2617//2617
f 2618//2618 2619//2619 2620//2620
f 2618//2618 2610//2610 2609//2609
f 2618//2618 2620//2620 2621//2621
f 2618//2618 2621//2621 2610//2610
f 2622//2622 1881//1881 1878//1878
f 2622//2622 2617//2617 1881//1881
f 2623//2623 2609//2609 2613//2613
f 2623//2623 2618//2618 2609//2609
f 2624//2624 2614//2614 2615//2615
f 2624//2624 2613//2613 2614//2614
f 2625//2625 2615//2615 2617//2617
f 2625//2625 2617//2617 2622//2622
f 2626//2626 2627//2627 2619//2619
f 2626//2626 2618//2618 2623//2623
f 2626//2626 2619//2619 2618//2618
f 2628//2628 1878//1878 1877//1877
f 2628//2628 2622//2622 1878//1878
f 2629//2629 2623//2623 2613//2613
f 2629//2629 2613//2613 2624//2624
f 2630//2630 2624//2624 2615//2615
f 2630//2630 2615//2615 2625//2625
f 2631//2631 2622//2622 2628//2628
f 2631//2631 2625//2625 2622//2622
f 2632//2632 2626//2626 2623//2623
f 2632//2632 2633//2633 2627//2627
f 2632//2632 2627//2627 2626//2626
f 2632//2632 2623//2623 2629//2629
f 2634//2634 1877//1877 1879//1879
f 2634//2634 2628//2628 1877//1877
f 2635//2635 2629//2629 2624//2624
f 2635//2635 2624//2624 2630//2630
f 2636//2636 2625//2625 2631//2631
f 2636//2636 2630//2630 2625//2625
f 2637//2637 2631//2631 2628//2628
f 2637//2637 2628//2628 2634//2634
f 2638//2638 2629//2629 2635//2635
f 2638//2638 2633//2633 2632//2632
f 2638//2638 2632//2632 2629//2629
f 2638//2638 2639//2639 2633//2633
f 2640//2640 2634//2634 1879//1879
f 2640//2640 1879//1879 1884//1884
f 2641//2641 2635//2635 2630//2630
f 2641//2641 2630//2630 2636//2636
f 2642//2642 2636//2636 2631//2631
f 2642//2642 2631//2631 2637//2637
f 2643//2643 2637//2637 2634//2634
f 2643//2643 2634//2634 2640//2640
f 2644//2644 2638//2638 2635//2635
f 2644//2644 2635//2635 2641//2641
f 2644//2644 2639//2639 2638//2638
f 2644//2644 2645//2645 2639//2639
f 2646//2646 2640//2640 1884//1884
f 2646//2646 1884//1884 2647//2647
f 2646//2646 2647//2647 2648//2648
f 2649//2649 2641//2641 2636//2636
f 2649//2649 2636//2636 2642//2642
f 2650//2650 2637//2637 2643//2643
f 2650//2650 2642//2642 2637//2637
f 2651//2651 2640//2640 2646//2646
f 2651//2651 2643//2643 2640//2640
f 2651//2651 2646//2646 2648//2648
f 2652//2652 2641//2641 2649//2649
f 2652//2652 2644//2644 2641//2641
f 2652//2652 2645//2645 2644//2644
f 2652//2652 2653//2653 2645//2645
f 2654//2654 2642//2642 2650//2650
f 2654//2654 2649//2649 2642//2642
f 2655//2655 2643//2643 2651//2651
f 2655//2655 2650//2650 2643//2643
f 2655//2655 2651//2651 2648//2648
f 2655//2655 2648//2648 2656//2656
f 2657//2657 2652//2652 2649//2649
f 2657//2657 2658//2658 2653//2653
f 2657//2657 2653//2653 2652//2652
f 2657//2657 2649//2649 2654//2654
f 2659//2659 2654//2654 2650//2650
f 2659//2659 2650//2650 2655//2655
f 2659//2659 2656//2656 2660//2660
f 2659//2659 2655//2655 2656//2656
f 2661//2661 2662//2662 2658//2658
f 2661//2661 2660//2660 2663//2663
f 2661//2661 2658//2658 2657//2657
f 2661//2661 2654//2654 2659//2659
f 2661//2661 2657//2657 2654//2654
f 2661//2661 2659//2659 2660//2660
f 2661//2661 2663//2663 2662//2662
f 2647//2647 1884//1884 1887//1887
f 2664//2664 2662//2662 2663//2663
f 2665//2665 2647//2647 1887//1887
f 2665//2665 2648//2648 2647//2647
f 2665//2665 1887//1887 1889//1889
f 2666//2666 2656//2656 2648//2648
f 2666//2666 2648//2648 2665//2665
f 2667//2667 1889//1889 1891//1891
f 2667//2667 1891//1891 1893//1893
f 2667//2667 2665//2665 1889//1889
f 2668//2668 2660//2660 2656//2656
f 2668//2668 2656//2656 2666//2666
f 2669//2669 2666//2666 2665//2665
f 2669//2669 2665//2665 2667//2667
f 2670//2670 1893//1893 1895//1895
f 2670//2670 2669//2669 2667//2667
f 2670//2670 2667//2667 1893//1893
f 2671//2671 2663//2663 2660//2660
f 2671//2671 2660//2660 2668//2668
f 2672//2672 2666//2666 2669//2669
f 2672//2672 2668//2668 2666//2666
f 2673//2673 2669//2669 2670//2670
f 2673//2673 2672//2672 2669//2669
f 2674//2674 2664//2664 2663//2663
f 2674//2674 2675//2675 2664//2664
f 2674//2674 2663//2663 2671//2671
f 2676//2676 2670//2670 1895//1895
f 2676//2676 2673//2673 2670//2670
f 2677//2677 2668//2668 2672//2672
f 2677//2677 2671//2671 2668//2668
f 2678//2678 2672//2672 2673//2673
f 2678//2678 2677//2677 2672//2672
f 2679//2679 2673//2673 2676//2676
f 2679//2679 2678//2678 2673//2673
f 2680//2680 2681//2681 2675//2675
f 2680//2680 2675//2675 2674//2674
f 2680//2680 2674//2674 2671//2671
f 2680//2680 2671//2671 2677//2677
f 2682//2682 1895//1895 1897//1897
f 2682//2682 1897//1897 1875//1875
f 2682//2682 2676//2676 1895//1895
f 2683//2683 2680//2680 2677//2677
f 2683//2683 2677//2677 2678//2678
f 2684//2684 2678//2678 2679//2679
f 2684//2684 2683//2683 2678//2678
f 2685//2685 2679//2679 2676//2676
f 2685//2685 2676//2676 2682//2682
f 2686//2686 2687//2687 2681//2681
f 2686//2686 2681//2681 2680//2680
f 2686//2686 2680//2680 2683//2683
f 2688//2688 2685//2685 2682//2682
f 2688//2688 2682//2682 1875//1875
f 2689//2689 2683//2683 2684//2684
f 2689//2689 2686//2686 2683//2683
f 2690//2690 2679//2679 2685//2685
f 2690//2690 2684//2684 2679//2679
f 2691//2691 2690//2690 2685//2685
f 2691//2691 2685//2685 2688//2688
f 2692//2692 2693//2693 2687//2687
f 2692//2692 2687//2687 2686//2686
f 2692//2692 2686//2686 2689//2689
f 2694//2694 1875//1875 1876//1876
f 2694//2694 1876//1876 1882//1882
f 2694//2694 2688//2688 1875//1875
f 2695//2695 2689//2689 2684//2684
f 2695//2695 2684//2684 2690//2690
f 2696//2696 2690//2690 2691//2691
f 2696//2696 2695//2695 2690//2690
f 2697//2697 2691//2691 2688//2688
f 2697//2697 2688//2688 2694//2694
f 2698//2698 2693//2693 2692//2692
f 2698//2698 2699//2699 2693//2693
f 2698//2698 2689//2689 2695//2695
f 2698//2698 2692//2692 2689//2689
f 2700//2700 2694//2694 1882//1882
f 2700//2700 1882//1882 1883//1883
f 2701//2701 2698//2698 2695//2695
f 2701//2701 2695//2695 2696//2696
f 2702//2702 2691//2691 2697//2697
f 2702//2702 2696//2696 2691//2691
f 2703//2703 2697//2697 2694//2694
f 2703//2703 2694//2694 2700//2700
f 2704//2704 2698//2698 2701//2701
f 2704//2704 2699//2699 2698//2698
f 2704//2704 2705//2705 2699//2699
f 2706//2706 2703//2703 2700//2700
f 2706//2706 1883//1883 1885//1885
f 2706//2706 2700//2700 1883//1883
f 2707//2707 2696//2696 2702//2702
f 2707//2707 2701//2701 2696//2696
f 2708//2708 2697//2697 2703//2703
f 2708//2708 2702//2702 2697//2697
f 2709//2709 2703//2703 2706//2706
f 2709//2709 2708//2708 2703//2703
f 2710//2710 2704//2704 2701//2701
f 2710//2710 2701//2701 2707//2707
f 2710//2710 2705//2705 2704//2704
f 2710//2710 2711//2711 2705//2705
f 2712//2712 1885//1885 1880//1880
f 2712//2712 2706//2706 1885//1885
f 2713//2713 2707//2707 2702//2702
f 2713//2713 2702//2702 2708//2708
f 2714//2714 2713//2713 2708//2708
f 2714//2714 2708//2708 2709//2709
f 2715//2715 2709//2709 2706//2706
f 2715//2715 2706//2706 2712//2712
f 2716//2716 2707//2707 2713//2713
f 2716//2716 2710//2710 2707//2707
f 2716//2716 2711//2711 2710//2710
f 2716//2716 2717//2717 2711//2711
f 2718//2718 1880//1880 1874//1874
f 2718//2718 2712//2712 1880//1880
f 2719//2719 2713//2713 2714//2714
f 2719//2719 2716//2716 2713//2713
f 2720//2720 2714//2714 2709//2709
f 2720//2720 2709//2709 2715//2715
f 2721//2721 2715//2715 2712//2712
f 2721//2721 2712//2712 2718//2718
f 2722//2722 2723//2723 2717//2717
f 2722//2722 2717//2717 2716//2716
f 2722//2722 2716//2716 2719//2719
f 2724//2724 2718//2718 1874//1874
f 2725//2725 2714//2714 2720//2720
f 2725//2725 2719//2719 2714//2714
f 2726//2726 2715//2715 2721//2721
f 2726//2726 2720//2720 2715//2715
f 2727//2727 2721//2721 2718//2718
f 2727//2727 2718//2718 2724//2724
f 2728//2728 2729//2729 2723//2723
f 2728//2728 2723//2723 2722//2722
f 2728//2728 2722//2722 2719//2719
f 2728//2728 2719//2719 2725//2725
f 2730//2730 1874//1874 1873//1873
f 2730//2730 1873//1873 1896//1896
f 2730//2730 2724//2724 1874//1874
f 2731//2731 2725//2725 2720//2720
f 2731//2731 2720//2720 2726//2726
f 2732//2732 2721//2721 2727//2727
f 2732//2732 2726//2726 2721//2721
f 2733//2733 2727//2727 2724//2724
f 2733//2733 2724//2724 2730//2730
f 2734//2734 2735//2735 2729//2729
f 2734//2734 2729//2729 2728//2728
f 2734//2734 2728//2728 2725//2725
f 2734//2734 2725//2725 2731//2731
f 2736//2736 1896//1896 1894//1894
f 2736//2736 2730//2730 1896//1896
f 2737//2737 2731//2731 2726//2726
f 2737//2737 2726//2726 2732//2732
f 2738//2738 2732//2732 2727//2727
f 2738//2738 2727//2727 2733//2733
f 2739//2739 2733//2733 2730//2730
f 2739//2739 2730//2730 2736//2736
f 2740//2740 2731//2731 2737//2737
f 2740//2740 2741//2741 2735//2735
f 2740//2740 2735//2735 2734//2734
f 2740//2740 2734//2734 2731//2731
f 2742//2742 1894//1894 1892//1892
f 2742//2742 2736//2736 1894//1894
f 2743//2743 2737//2737 2732//2732
f 2743//2743 2732//2732 2738//2738
f 2744//2744 2733//2733 2739//2739
f 2744//2744 2738//2738 2733//2733
f 2745//2745 2739//2739 2736//2736
f 2745//2745 2736//2736 2742//2742
f 2746//2746 2737//2737 2743//2743
f 2746//2746 2741//2741 2740//2740
f 2746//2746 2747//2747 2741//2741
f 2746//2746 2740//2740 2737//2737
f 2748//2748 2742//2742 1892//1892
f 2748//2748 1892//1892 1890//1890
f 2749//2749 2738//2738 2744//2744
f 2749//2749 2743//2743 2738//2738
f 2750//2750 2739//2739 2745//2745
f 2750//2750 2744//2744 2739//2739
f 2751//2751 2745//2745 2742//2742
f 2751//2751 2742//2742 2748//2748
f 2752//2752 2747//2747 2746//2746
f 2752//2752 2743//2743 2749//2749
f 2752//2752 2753//2753 2747//2747
f 2752//2752 2746//2746 2743//2743
f 2754//2754 1890//1890 1888//1888
f 2754//2754 2748//2748 1890//1890
f 2755//2755 2749//2749 2744//2744
f 2755//2755 2744//2744 2750//2750
f 2611//2611 2745//2745 2751//2751
f 2611//2611 2750//2750 2745//2745
f 2756//2756 2751//2751 2748//2748
f 2756//2756 2748//2748 2754//2754
f 2757//2757 2752//2752 2749//2749
f 2757//2757 2749//2749 2755//2755
f 2757//2757 2753//2753 2752//2752
f 2757//2757 2758//2758 2753//2753
f 2616//2616 1888//1888 1886//1886
f 2616//2616 2756//2756 2754//2754
f 2616//2616 2754//2754 1888//1888
f 2610//2610 2755//2755 2750//2750
f 2610//2610 2750//2750 2611//2611
f 2612//2612 2611//2611 2751//2751
f 2612//2612 2751//2751 2756//2756
f 2614//2614 2756//2756 2616//2616
f 2614//2614 2612//2612 2756//2756
f 2621//2621 2757//2757 2755//2755
f 2621//2621 2620//2620 2758//2758
f 2621//2621 2755//2755 2610//2610
f 2621//2621 2758//2758 2757//2757
f 2617//2617 1886//1886 1881//1881
f 2617//2617 2616//2616 1886//1886
f 2759//2759 2760//2760 2761//2761
f 2759//2759 2761//2761 2762//2762
f 2763//2763 2762//2762 2764//2764
f 2763//2763 2759//2759 2762//2762
f 2765//2765 2764//2764 2766//2766
f 2765//2765 2766//2766 2767//2767
f 2768//2768 2769//2769 2770//2770
f 2768//2768 2760//2760 2759//2759
f 2768//2768 2770//2770 2771//2771
f 2768//2768 2771//2771 2760//2760
f 2772//2772 1906//1906 1902//1902
f 2772//2772 2767//2767 1906//1906
f 2773//2773 2759//2759 2763//2763
f 2773//2773 2768//2768 2759//2759
f 2774//2774 2764//2764 2765//2765
f 2774//2774 2763//2763 2764//2764
f 2775//2775 2765//2765 2767//2767
f 2775//2775 2767//2767 2772//2772
f 2776//2776 2777//2777 2769//2769
f 2776//2776 2768//2768 2773//2773
f 2776//2776 2769//2769 2768//2768
f 2778//2778 1902//1902 1900//1900
f 2778//2778 2772//2772 1902//1902
f 2779//2779 2773//2773 2763//2763
f 2779//2779 2763//2763 2774//2774
f 2780//2780 2774//2774 2765//2765
f 2780//2780 2765//2765 2775//2775
f 2781//2781 2772//2772 2778//2778
f 2781//2781 2775//2775 2772//2772
f 2782//2782 2776//2776 2773//2773
f 2782//2782 2783//2783 2777//2777
f 2782//2782 2777//2777 2776//2776
f 2782//2782 2773//2773 2779//2779
f 2784//2784 1900//1900 1905//1905
f 2784//2784 2778//2778 1900//1900
f 2785//2785 2779//2779 2774//2774
f 2785//2785 2774//2774 2780//2780
f 2786//2786 2775//2775 2781//2781
f 2786//2786 2780//2780 2775//2775
f 2787//2787 2781//2781 2778//2778
f 2787//2787 2778//2778 2784//2784
f 2788//2788 2779//2779 2785//2785
f 2788//2788 2783//2783 2782//2782
f 2788//2788 2782//2782 2779//2779
f 2788//2788 2789//2789 2783//2783
f 2790//2790 2784//2784 1905//1905
f 2790//2790 1905//1905 1908//1908
f 2791//2791 2785//2785 2780//2780
f 2791//2791 2780//2780 2786//2786
f 2792//2792 2786//2786 2781//2781
f 2792//2792 2781//2781 2787//2787
f 2793//2793 2787//2787 2784//2784
f 2793//2793 2784//2784 2790//2790
f 2794//2794 2788//2788 2785//2785
f 2794//2794 2785//2785 2791//2791
f 2794//2794 2789//2789 2788//2788
f 2794//2794 2795//2795 2789//2789
f 2796//2796 2790//2790 1908//1908
f 2796//2796 1908//1908 2797//2797
f 2796//2796 2797//2797 2798//2798
f 2799//2799 2791//2791 2786//2786
f 2799//2799 2786//2786 2792//2792
f 2800//2800 2787//2787 2793//2793
f 2800//2800 2792//2792 2787//2787
f 2801//2801 2790//2790 2796//2796
f 2801//2801 2793//2793 2790//2790
f 2801//2801 2796//2796 2798//2798
f 2802//2802 2791//2791 2799//2799
f 2802//2802 2794//2794 2791//2791
f 2802//2802 2795//2795 2794//2794
f 2802//2802 2803//2803 2795//2795
f 2804//2804 2792//2792 2800//2800
f 2804//2804 2799//2799 2792//2792
f 2805//2805 2793//2793 2801//2801
f 2805//2805 2800//2800 2793//2793
f 2805//2805 2801//2801 2798//2798
f 2805//2805 2798//2798 2806//2806
f 2807//2807 2802//2802 2799//2799
f 2807//2807 2808//2808 2803//2803
f 2807//2807 2803//2803 2802//2802
f 2807//2807 2799//2799 2804//2804
f 2809//2809 2804//2804 2800//2800
f 2809//2809 2800//2800 2805//2805
f 2809//2809 2806//2806 2810//2810
f 2809//2809 2805//2805 2806//2806
f 2811//2811 2812//2812 2808//2808
f 2811//2811 2810//2810 2813//2813
f 2811//2811 2808//2808 2807//2807
f 2811//2811 2804//2804 2809//2809
f 2811//2811 2807//2807 2804//2804
f 2811//2811 2809//2809 2810//2810
f 2811//2811 2813//2813 2812//2812
f 2797//2797 1908//1908 1913//1913
f 2814//2814 2812//2812 2813//2813
f 2815//2815 2797//2797 1913//1913
f 2815//2815 2798//2798 2797//2797
f 2815//2815 1913//1913 1915//1915
f 2816//2816 2806//2806 2798//2798
f 2816//2816 2798//2798 2815//2815
f 2817//2817 1915//1915 1917//1917
f 2817//2817 1917//1917 1919//1919
f 2817//2817 2815//2815 1915//1915
f 2818//2818 2810//2810 2806//2806
f 2818//2818 2806//2806 2816//2816
f 2819//2819 2816//2816 2815//2815
f 2819//2819 2815//2815 2817//2817
f 2820//2820 1919//1919 1921//1921
f 2820//2820 2819//2819 2817//2817
f 2820//2820 2817//2817 1919//1919
f 2821//2821 2813//2813 2810//2810
f 2821//2821 2810//2810 2818//2818
f 2822//2822 2816//2816 2819//2819
f 2822//2822 2818//2818 2816//2816
f 2823//2823 2819//2819 2820//2820
f 2823//2823 2822//2822 2819//2819
f 2824//2824 2814//2814 2813//2813
f 2824//2824 2825//2825 2814//2814
f 2824//2824 2813//2813 2821//2821
f 2826//2826 2820//2820 1921//1921
f 2826//2826 2823//2823 2820//2820
f 2827//2827 2818//2818 2822//2822
f 2827//2827 2821//2821 2818//2818
f 2828//2828 2822//2822 2823//2823
f 2828//2828 2827//2827 2822//2822
f 2829//2829 2823//2823 2826//2826
f 2829//2829 2828//2828 2823//2823
f 2830//2830 2831//2831 2825//2825
f 2830//2830 2825//2825 2824//2824
f 2830//2830 2824//2824 2821//2821
f 2830//2830 2821//2821 2827//2827
f 2832//2832 1921//1921 1898//1898
f 2832//2832 1898//1898 1899//1899
f 2832//2832 2826//2826 1921//1921
f 2833//2833 2830//2830 2827//2827
f 2833//2833 2827//2827 2828//2828
f 2834//2834 2828//2828 2829//2829
f 2834//2834 2833//2833 2828//2828
f 2835//2835 2829//2829 2826//2826
f 2835//2835 2826//2826 2832//2832
f 2836//2836 2837//2837 2831//2831
f 2836//2836 2831//2831 2830//2830
f 2836//2836 2830//2830 2833//2833
f 2838//2838 2835//2835 2832//2832
f 2838//2838 2832//2832 1899//1899
f 2839//2839 2833//2833 2834//2834
f 2839//2839 2836//2836 2833//2833
f 2840//2840 2829//2829 2835//2835
f 2840//2840 2834//2834 2829//2829
f 2841//2841 2840//2840 2835//2835
f 2841//2841 2835//2835 2838//2838
f 2842//2842 2843//2843 2837//2837
f 2842//2842 2837//2837 2836//2836
f 2842//2842 2836//2836 2839//2839
f 2844//2844 1899//1899 1901//1901
f 2844//2844 1901//1901 1907//1907
f 2844//2844 2838//2838 1899//1899
f 2845//2845 2839//2839 2834//2834
f 2845//2845 2834//2834 2840//2840
f 2846//2846 2840//2840 2841//2841
f 2846//2846 2845//2845 2840//2840
f 2847//2847 2841//2841 2838//2838
f 2847//2847 2838//2838 2844//2844
f 2848//2848 2843//2843 2842//2842
f 2848//2848 2849//2849 2843//2843
f 2848//2848 2839//2839 2845//2845
f 2848//2848 2842//2842 2839//2839
f 2850//2850 2844//2844 1907//1907
f 2850//2850 1907//1907 1911//1911
f 2851//2851 2848//2848 2845//2845
f 2851//2851 2845//2845 2846//2846
f 2852//2852 2841//2841 2847//2847
f 2852//2852 2846//2846 2841//2841
f 2853//2853 2847//2847 2844//2844
f 2853//2853 2844//2844 2850//2850
f 2854//2854 2848//2848 2851//2851
f 2854//2854 2849//2849 2848//2848
f 2854//2854 2855//2855 2849//2849
f 2856//2856 2853//2853 2850//2850
f 2856//2856 1911//1911 1912//1912
f 2856//2856 2850//2850 1911//1911
f 2857//2857 2846//2846 2852//2852
f 2857//2857 2851//2851 2846//2846
f 2858//2858 2847//2847 2853//2853
f 2858//2858 2852//2852 2847//2847
f 2859//2859 2853//2853 2856//2856
f 2859//2859 2858//2858 2853//2853
f 2860//2860 2854//2854 2851//2851
f 2860//2860 2851//2851 2857//2857
f 2860//2860 2855//2855 2854//2854
f 2860//2860 2861//2861 2855//2855
f 2862//2862 1912//1912 1909//1909
f 2862//2862 2856//2856 1912//1912
f 2863//2863 2857//2857 2852//2852
f 2863//2863 2852//2852 2858//2858
f 2864//2864 2863//2863 2858//2858
f 2864//2864 2858//2858 2859//2859
f 2865//2865 2859//2859 2856//2856
f 2865//2865 2856//2856 2862//2862
f 2866//2866 2857//2857 2863//2863
f 2866//2866 2860//2860 2857//2857
f 2866//2866 2861//2861 2860//2860
f 2866//2866 2867//2867 2861//2861
f 2868//2868 1909//1909 1904//1904
f 2868//2868 2862//2862 1909//1909
f 2869//2869 2863//2863 2864//2864
f 2869//2869 2866//2866 2863//2863
f 2870//2870 2864//2864 2859//2859
f 2870//2870 2859//2859 2865//2865
f 2871//2871 2865//2865 2862//2862
f 2871//2871 2862//2862 2868//2868
f 2872//2872 2873//2873 2867//2867
f 2872//2872 2867//2867 2866//2866
f 2872//2872 2866//2866 2869//2869
f 2874//2874 2868//2868 1904//1904
f 2875//2875 2864//2864 2870//2870
f 2875//2875 2869//2869 2864//2864
f 2876//2876 2865//2865 2871//2871
f 2876//2876 2870//2870 2865//2865
f 2877//2877 2871//2871 2868//2868
f 2877//2877 2868//2868 2874//2874
f 2878//2878 2879//2879 2873//2873
f 2878//2878 2873//2873 2872//2872
f 2878//2878 2872//2872 2869//2869
f 2878//2878 2869//2869 2875//2875
f 2880//2880 1904//1904 1903//1903
f 2880//2880 1903//1903 1922//1922
f 2880//2880 2874//2874 1904//1904
f 2881//2881 2875//2875 2870//2870
f 2881//2881 2870//2870 2876//2876
f 2882//2882 2871//2871 2877//2877
f 2882//2882 2876//2876 2871//2871
f 2883//2883 2877//2877 2874//2874
f 2883//2883 2874//2874 2880//2880
f 2884//2884 2885//2885 2879//2879
f 2884//2884 2879//2879 2878//2878
f 2884//2884 2878//2878 2875//2875
f 2884//2884 2875//2875 2881//2881
f 2886//2886 1922//1922 1920//1920
f 2886//2886 2880//2880 1922//1922
f 2887//2887 2881//2881 2876//2876
f 2887//2887 2876//2876 2882//2882
f 2888//2888 2882//2882 2877//2877
f 2888//2888 2877//2877 2883//2883
f 2889//2889 2883//2883 2880//2880
f 2889//2889 2880//2880 2886//2886
f 2890//2890 2881//2881 2887//2887
f 2890//2890 2891//2891 2885//2885
f 2890//2890 2885//2885 2884//2884
f 2890//2890 2884//2884 2881//2881
f 2892//2892 1920//1920 1918//1918
f 2892//2892 2886//2886 1920//1920
f 2893//2893 2887//2887 2882//2882
f 2893//2893 2882//2882 2888//2888
f 2894//2894 2883//2883 2889//2889
f 2894//2894 2888//2888 2883//2883
f 2895//2895 2889//2889 2886//2886
f 2895//2895 2886//2886 2892//2892
f 2896//2896 2887//2887 2893//2893
f 2896//2896 2891//2891 2890//2890
f 2896//2896 2897//2897 2891//2891
f 2896//2896 2890//2890 2887//2887
f 2898//2898 2892//2892 1918//1918
f 2898//2898 1918//1918 1916//1916
f 2899//2899 2888//2888 2894//2894
f 2899//2899 2893//2893 2888//2888
f 2900//2900 2889//2889 2895//2895
f 2900//2900 2894//2894 2889//2889
f 2901//2901 2895//2895 2892//2892
f 2901//2901 2892//2892 2898//2898
f 2902//2902 2897//2897 2896//2896
f 2902//2902 2893//2893 2899//2899
f 2902//2902 2903//2903 2897//2897
f 2902//2902 2896//2896 2893//2893
f 2904//2904 1916//1916 1914//1914
f 2904//2904 2898//2898 1916//1916
f 2905//2905 2899//2899 2894//2894
f 2905//2905 2894//2894 2900//2900
f 2761//2761 2895//2895 2901//2901
f 2761//2761 2900//2900 2895//2895
f 2906//2906 2901//2901 2898//2898
f 2906//2906 2898//2898 2904//2904
f 2907//2907 2902//2902 2899//2899
f 2907//2907 2899//2899 2905//2905
f 2907//2907 2903//2903 2902//2902
f 2907//2907 2908//2908 2903//2903
f 2766//2766 1914//1914 1910//1910
f 2766//2766 2906//2906 2904//2904
f 2766//2766 2904//2904 1914//1914
f 2760//2760 2905//2905 2900//2900
f 2760//2760 2900//2900 2761//2761
f 2762//2762 2761//2761 2901//2901
f 2762//2762 2901//2901 2906//2906
f 2764//2764 2906//2906 2766//2766
f 2764//2764 2762//2762 2906//2906
f 2771//2771 2907//2907 2905//2905
f 2771//2771 2770//2770 2908//2908
f 2771//2771 2905//2905 2760//2760
f 2771//2771 2908//2908 2907//2907
f 2767//2767 1910//1910 1906//1906
f 2767//2767 2766//2766 1910//1910
f 2909//2909 2910//2910 2911//2911
f 2909//2909 2911//2911 2912//2912
f 2913//2913 2912//2912 2914//2914
f 2913//2913 2909//2909 2912//2912
f 2915//2915 2914//2914 2916//2916
f 2915//2915 2916//2916 2917//2917
f 2918//2918 2919//2919 2920//2920
f 2918//2918 2910//2910 2909//2909
f 2918//2918 2920//2920 2921//2921
f 2918//2918 2921//2921 2910//2910
f 2922//2922 1931//1931 1928//1928
f 2922//2922 2917//2917 1931//1931
f 2923//2923 2909//2909 2913//2913
f 2923//2923 2918//2918 2909//2909
f 2924//2924 2914//2914 2915//2915
f 2924//2924 2913//2913 2914//2914
f 2925//2925 2915//2915 2917//2917
f 2925//2925 2917//2917 2922//2922
f 2926//2926 2927//2927 2919//2919
f 2926//2926 2918//2918 2923//2923
f 2926//2926 2919//2919 2918//2918
f 2928//2928 1928//1928 1927//1927
f 2928//2928 2922//2922 1928//1928
f 2929//2929 2923//2923 2913//2913
f 2929//2929 2913//2913 2924//2924
f 2930//2930 2924//2924 2915//2915
f 2930//2930 2915//2915 2925//2925
f 2931//2931 2922//2922 2928//2928
f 2931//2931 2925//2925 2922//2922
f 2932//2932 2926//2926 2923//2923
f 2932//2932 2933//2933 2927//2927
f 2932//2932 2927//2927 2926//2926
f 2932//2932 2923//2923 2929//2929
f 2934//2934 1927//1927 1930//1930
f 2934//2934 2928//2928 1927//1927
f 2935//2935 2929//2929 2924//2924
f 2935//2935 2924//2924 2930//2930
f 2936//2936 2925//2925 2931//2931
f 2936//2936 2930//2930 2925//2925
f 2937//2937 2931//2931 2928//2928
f 2937//2937 2928//2928 2934//2934
f 2938//2938 2929//2929 2935//2935
f 2938//2938 2933//2933 2932//2932
f 2938//2938 2932//2932 2929//2929
f 2938//2938 2939//2939 2933//2933
f 2940//2940 2934//2934 1930//1930
f 2940//2940 1930//1930 1932//1932
f 2941//2941 2935//2935 2930//2930
f 2941//2941 2930//2930 2936//2936
f 2942//2942 2936//2936 2931//2931
f 2942//2942 2931//2931 2937//2937
f 2943//2943 2937//2937 2934//2934
f 2943//2943 2934//2934 2940//2940
f 2944//2944 2938//2938 2935//2935
f 2944//2944 2935//2935 2941//2941
f 2944//2944 2939//2939 2938//2938
f 2944//2944 2945//2945 2939//2939
f 2946//2946 2940//2940 1932//1932
f 2946//2946 1932//1932 2947//2947
f 2946//2946 2947//2947 2948//2948
f 2949//2949 2941//2941 2936//2936
f 2949//2949 2936//2936 2942//2942
f 2950//2950 2937//2937 2943//2943
f 2950//2950 2942//2942 2937//2937
f 2951//2951 2940//2940 2946//2946
f 2951//2951 2943//2943 2940//2940
f 2951//2951 2946//2946 2948//2948
f 2952//2952 2941//2941 2949//2949
f 2952//2952 2944//2944 2941//2941
f 2952//2952 2945//2945 2944//2944
f 2952//2952 2953//2953 2945//2945
f 2954//2954 2942//2942 2950//2950
f 2954//2954 2949//2949 2942//2942
f 2955//2955 2943//2943 2951//2951
f 2955//2955 2950//2950 2943//2943
f 2955//2955 2951//2951 2948//2948
f 2955//2955 2948//2948 2956//2956
f 2957//2957 2952//2952 2949//2949
f 2957//2957 2958//2958 2953//2953
f 2957//2957 2953//2953 2952//2952
f 2957//2957 2949//2949 2954//2954
f 2959//2959 2954//2954 2950//2950
f 2959//2959 2950//2950 2955//2955
f 2959//2959 2956//2956 2960//2960
f 2959//2959 2955//2955 2956//2956
f 2961//2961 2962//2962 2958//2958
f 2961//2961 2960//2960 2963//2963
f 2961//2961 2958//2958 2957//2957
f 2961//2961 2954//2954 2959//2959
f 2961//2961 2957//2957 2954//2954
f 2961//2961 2959//2959 2960//2960
f 2961//2961 2963//2963 2962//2962
f 2947//2947 1932//1932 1937//1937
f 2964//2964 2962//2962 2963//2963
f 2965//2965 2947//2947 1937//1937
f 2965//2965 2948//2948 2947//2947
f 2965//2965 1937//1937 1939//1939
f 2966//2966 2956//2956 2948//2948
f 2966//2966 2948//2948 2965//2965
f 2967//2967 1939//1939 1941//1941
f 2967//2967 1941//1941 1943//1943
f 2967//2967 2965//2965 1939//1939
f 2968//2968 2960//2960 2956//2956
f 2968//2968 2956//2956 2966//2966
f 2969//2969 2966//2966 2965//2965
f 2969//2969 2965//2965 2967//2967
f 2970//2970 1943//1943 1945//1945
f 2970//2970 2969//2969 2967//2967
f 2970//2970 2967//2967 1943//1943
f 2971//2971 2963//2963 2960//2960
f 2971//2971 2960//2960 2968//2968
f 2972//2972 2966//2966 2969//2969
f 2972//2972 2968//2968 2966//2966
f 2973//2973 2969//2969 2970//2970
f 2973//2973 2972//2972 2969//2969
f 2974//2974 2964//2964 2963//2963
f 2974//2974 2975//2975 2964//2964
f 2974//2974 2963//2963 2971//2971
f 2976//2976 2970//2970 1945//1945
f 2976//2976 2973//2973 2970//2970
f 2977//2977 2968//2968 2972//2972
f 2977//2977 2971//2971 2968//2968
f 2978//2978 2972//2972 2973//2973
f 2978//2978 2977//2977 2972//2972
f 2979//2979 2973//2973 2976//2976
f 2979//2979 2978//2978 2973//2973
f 2980//2980 2981//2981 2975//2975
f 2980//2980 2975//2975 2974//2974
f 2980//2980 2974//2974 2971//2971
f 2980//2980 2971//2971 2977//2977
f 2982//2982 1945//1945 1947//1947
f 2982//2982 1947//1947 1925//1925
f 2982//2982 2976//2976 1945//1945
f 2983//2983 2980//2980 2977//2977
f 2983//2983 2977//2977 2978//2978
f 2984//2984 2978//2978 2979//2979
f 2984//2984 2983//2983 2978//2978
f 2985//2985 2979//2979 2976//2976
f 2985//2985 2976//2976 2982//2982
f 2986//2986 2987//2987 2981//2981
f 2986//2986 2981//2981 2980//2980
f 2986//2986 2980//2980 2983//2983
f 2988//2988 2985//2985 2982//2982
f 2988//2988 2982//2982 1925//1925
f 2989//2989 2983//2983 2984//2984
f 2989//2989 2986//2986 2983//2983
f 2990//2990 2979//2979 2985//2985
f 2990//2990 2984//2984 2979//2979
f 2991//2991 2990//2990 2985//2985
f 2991//2991 2985//2985 2988//2988
f 2992//2992 2993//2993 2987//2987
f 2992//2992 2987//2987 2986//2986
f 2992//2992 2986//2986 2989//2989
f 2994//2994 1925//1925 1926//1926
f 2994//2994 1926//1926 1933//1933
f 2994//2994 2988//2988 1925//1925
f 2995//2995 2989//2989 2984//2984
f 2995//2995 2984//2984 2990//2990
f 2996//2996 2990//2990 2991//2991
f 2996//2996 2995//2995 2990//2990
f 2997//2997 2991//2991 2988//2988
f 2997//2997 2988//2988 2994//2994
f 2998//2998 2993//2993 2992//2992
f 2998//2998 2999//2999 2993//2993
f 2998//2998 2989//2989 2995//2995
f 2998//2998 2992//2992 2989//2989
f 3000//3000 2994//2994 1933//1933
f 3000//3000 1933//1933 1935//1935
f 3001//3001 2998//2998 2995//2995
f 3001//3001 2995//2995 2996//2996
f 3002//3002 2991//2991 2997//2997
f 3002//3002 2996//2996 2991//2991
f 3003//3003 2997//2997 2994//2994
f 3003//3003 2994//2994 3000//3000
f 3004//3004 2998//2998 3001//3001
f 3004//3004 2999//2999 2998//2998
f 3004//3004 3005//3005 2999//2999
f 3006//3006 3003//3003 3000//3000
f 3006//3006 1935//1935 1934//1934
f 3006//3006 3000//3000 1935//1935
f 3007//3007 2996//2996 3002//3002
f 3007//3007 3001//3001 2996//2996
f 3008//3008 2997//2997 3003//3003
f 3008//3008 3002//3002 2997//2997
f 3009//3009 3003//3003 3006//3006
f 3009//3009 3008//3008 3003//3003
f 3010//3010 3004//3004 3001//3001
f 3010//3010 3001//3001 3007//3007
f 3010//3010 3005//3005 3004//3004
f 3010//3010 3011//3011 3005//3005
f 3012//3012 1934//1934 1929//1929
f 3012//3012 3006//3006 1934//1934
f 3013//3013 3007//3007 3002//3002
f 3013//3013 3002//3002 3008//3008
f 3014//3014 3013//3013 3008//3008
f 3014//3014 3008//3008 3009//3009
f 3015//3015 3009//3009 3006//3006
f 3015//3015 3006//3006 3012//3012
f 3016//3016 3007//3007 3013//3013
f 3016//3016 3010//3010 3007//3007
f 3016//3016 3011//3011 3010//3010
f 3016//3016 3017//3017 3011//3011
f 3018//3018 1929//1929 1924//1924
f 3018//3018 3012//3012 1929//1929
f 3019//3019 3013//3013 3014//3014
f 3019//3019 3016//3016 3013//3013
f 3020//3020 3014//3014 3009//3009
f 3020//3020 3009//3009 3015//3015
f 3021//3021 3015//3015 3012//3012
f 3021//3021 3012//3012 3018//3018
f 3022//3022 3023//3023 3017//3017
f 3022//3022 3017//3017 3016//3016
f 3022//3022 3016//3016 3019//3019
f 3024//3024 3018//3018 1924//1924
f 3025//3025 3014//3014 3020//3020
f 3025//3025 3019//3019 3014//3014
f 3026//3026 3015//3015 3021//3021
f 3026//3026 3020//3020 3015//3015
f 3027//3027 3021//3021 3018//3018
f 3027//3027 3018//3018 3024//3024
f 3028//3028 3029//3029 3023//3023
f 3028//3028 3023//3023 3022//3022
f 3028//3028 3022//3022 3019//3019
f 3028//3028 3019//3019 3025//3025
f 3030//3030 1924//1924 1923//1923
f 3030//3030 1923//1923 1946//1946
f 3030//3030 3024//3024 1924//1924
f 3031//3031 3025//3025 3020//3020
f 3031//3031 3020//3020 3026//3026
f 3032//3032 3021//3021 3027//3027
f 3032//3032 3026//3026 3021//3021
f 3033//3033 3027//3027 3024//3024
f 3033//3033 3024//3024 3030//3030
f 3034//3034 3035//3035 3029//3029
f 3034//3034 3029//3029 3028//3028
f 3034//3034 3028//3028 3025//3025
f 3034//3034 3025//3025 3031//3031
f 3036//3036 1946//1946 1944//1944
f 3036//3036 3030//3030 1946//1946
f 3037//3037 3031//3031 3026//3026
f 3037//3037 3026//3026 3032//3032
f 3038//3038 3032//3032 3027//3027
f 3038//3038 3027//3027 3033//3033
f 3039//3039 3033//3033 3030//3030
f 3039//3039 3030//3030 3036//3036
f 3040//3040 3031//3031 3037//3037
f 3040//3040 3041//3041 3035//3035
f 3040//3040 3035//3035 3034//3034
f 3040//3040 3034//3034 3031//3031
f 3042//3042 1944//1944 1942//1942
f 3042//3042 3036//3036 1944//1944
f 3043//3043 3037//3037 3032//3032
f 3043//3043 3032//3032 3038//3038
f 3044//3044 3033//3033 3039//3039
f 3044//3044 3038//3038 3033//3033
f 3045//3045 3039//3039 3036//3036
f 3045//3045 3036//3036 3042//3042
f 3046//3046 3037//3037 3043//3043
f 3046//3046 3041//3041 3040//3040
f 3046//3046 3047//3047 3041//3041
f 3046//3046 3040//3040 3037//3037
f 3048//3048 3042//3042 1942//1942
f 3048//3048 1942//1942 1940//1940
f 3049//3049 3038//3038 3044//3044
f 3049//3049 3043//3043 3038//3038
f 3050//3050 3039//3039 3045//3045
f 3050//3050 3044//3044 3039//3039
f 3051//3051 3045//3045 3042//3042
f 3051//3051 3042//3042 3048//3048
f 3052//3052 3047//3047 3046//3046
f 3052//3052 3043//3043 3049//3049
f 3052//3052 3053//3053 3047//3047
f 3052//3052 3046//3046 3043//3043
f 3054//3054 1940//1940 1938//1938
f 3054//3054 3048//3048 1940//1940
f 3055//3055 3049//3049 3044//3044
f 3055//3055 3044//3044 3050//3050
f 2911//2911 3045//3045 3051//3051
f 2911//2911 3050//3050 3045//3045
f 3056//3056 3051//3051 3048//3048
f 3056//3056 3048//3048 3054//3054
f 3057//3057 3052//3052 3049//3049
f 3057//3057 3049//3049 3055//3055
f 3057//3057 3053//3053 3052//3052
f 3057//3057 3058//3058 3053//3053
f 2916//2916 1938//1938 1936//1936
f 2916//2916 3056//3056 3054//3054
f 2916//2916 3054//3054 1938//1938
f 2910//2910 3055//3055 3050//3050
f 2910//2910 3050//3050 2911//2911
f 2912//2912 2911//2911 3051//3051
f 2912//2912 3051//3051 3056//3056
f 2914//2914 3056//3056 2916//2916
f 2914//2914 2912//2912 3056//3056
f 2921//2921 3057//3057 3055//3055
f 2921//2921 2920//2920 3058//3058
f 2921//2921 3055//3055 2910//2910
f 2921//2921 3058//3058 3057//3057
f 2917//2917 1936//1936 1931//1931
f 2917//2917 2916//2916 1936//1936
f 3059//3059 3060//3060 3061//3061
f 3059//3059 3061//3061 3062//3062
f 3063//3063 3062//3062 3064//3064
f 3063//3063 3059//3059 3062//3062
f 3065//3065 3064//3064 3066//3066
f 3065//3065 3066//3066 3067//3067
f 3068//3068 3069//3069 3070//3070
f 3068//3068 3060//3060 3059//3059
f 3068//3068 3070//3070 3071//3071
f 3068//3068 3071//3071 3060//3060
f 3072//3072 1954//1954 1952//1952
f 3072//3072 3067//3067 1954//1954
f 3073//3073 3059//3059 3063//3063
f 3073//3073 3068//3068 3059//3059
f 3074//3074 3064//3064 3065//3065
f 3074//3074 3063//3063 3064//3064
f 3075//3075 3065//3065 3067//3067
f 3075//3075 3067//3067 3072//3072
f 3076//3076 3077//3077 3069//3069
f 3076//3076 3068//3068 3073//3073
f 3076//3076 3069//3069 3068//3068
f 3078//3078 1952//1952 1951//1951
f 3078//3078 3072//3072 1952//1952
f 3079//3079 3073//3073 3063//3063
f 3079//3079 3063//3063 3074//3074
f 3080//3080 3074//3074 3065//3065
f 3080//3080 3065//3065 3075//3075
f 3081//3081 3072//3072 3078//3078
f 3081//3081 3075//3075 3072//3072
f 3082//3082 3076//3076 3073//3073
f 3082//3082 3083//3083 3077//3077
f 3082//3082 3077//3077 3076//3076
f 3082//3082 3073//3073 3079//3079
f 3084//3084 1951//1951 1953//1953
f 3084//3084 3078//3078 1951//1951
f 3085//3085 3079//3079 3074//3074
f 3085//3085 3074//3074 3080//3080
f 3086//3086 3075//3075 3081//3081
f 3086//3086 3080//3080 3075//3075
f 3087//3087 3081//3081 3078//3078
f 3087//3087 3078//3078 3084//3084
f 3088//3088 3079//3079 3085//3085
f 3088//3088 3083//3083 3082//3082
f 3088//3088 3082//3082 3079//3079
f 3088//3088 3089//3089 3083//3083
f 3090//3090 3084//3084 1953//1953
f 3090//3090 1953//1953 1957//1957
f 3091//3091 3085//3085 3080//3080
f 3091//3091 3080//3080 3086//3086
f 3092//3092 3086//3086 3081//3081
f 3092//3092 3081//3081 3087//3087
f 3093//3093 3087//3087 3084//3084
f 3093//3093 3084//3084 3090//3090
f 3094//3094 3088//3088 3085//3085
f 3094//3094 3085//3085 3091//3091
f 3094//3094 3089//3089 3088//3088
f 3094//3094 3095//3095 3089//3089
f 3096//3096 3090//3090 1957//1957
f 3096//3096 1957//1957 3097//3097
f 3096//3096 3097//3097 3098//3098
f 3099//3099 3091//3091 3086//3086
f 3099//3099 3086//3086 3092//3092
f 3100//3100 3087//3087 3093//3093
f 3100//3100 3092//3092 3087//3087
f 3101//3101 3090//3090 3096//3096
f 3101//3101 3093//3093 3090//3090
f 3101//3101 3096//3096 3098//3098
f 3102//3102 3091//3091 3099//3099
f 3102//3102 3094//3094 3091//3091
f 3102//3102 3095//3095 3094//3094
f 3102//3102 3103//3103 3095//3095
f 3104//3104 3092//3092 3100//3100
f 3104//3104 3099//3099 3092//3092
f 3105//3105 3093//3093 3101//3101
f 3105//3105 3100//3100 3093//3093
f 3105//3105 3101//3101 3098//3098
f 3105//3105 3098//3098 3106//3106
f 3107//3107 3102//3102 3099//3099
f 3107//3107 3108//3108 3103//3103
f 3107//3107 3103//3103 3102//3102
f 3107//3107 3099//3099 3104//3104
f 3109//3109 3104//3104 3100//3100
f 3109//3109 3100//3100 3105//3105
f 3109//3109 3106//3106 3110//3110
f 3109//3109 3105//3105 3106//3106
f 3111//3111 3112//3112 3108//3108
f 3111//3111 3110//3110 3113//3113
f 3111//3111 3108//3108 3107//3107
f 3111//3111 3104//3104 3109//3109
f 3111//3111 3107//3107 3104//3104
f 3111//3111 3109//3109 3110//3110
f 3111//3111 3113//3113 3112//3112
f 3097//3097 1957//1957 1961//1961
f 3114//3114 3112//3112 3113//3113
f 3115//3115 3097//3097 1961//1961
f 3115//3115 3098//3098 3097//3097
f 3115//3115 1961//1961 1963//1963
f 3116//3116 3106//3106 3098//3098
f 3116//3116 3098//3098 3115//3115
f 3117//3117 1963//1963 1965//1965
f 3117//3117 1965//1965 1967//1967
f 3117//3117 3115//3115 1963//1963
f 3118//3118 3110//3110 3106//3106
f 3118//3118 3106//3106 3116//3116
f 3119//3119 3116//3116 3115//3115
f 3119//3119 3115//3115 3117//3117
f 3120//3120 1967//1967 1969//1969
f 3120//3120 3119//3119 3117//3117
f 3120//3120 3117//3117 1967//1967
f 3121//3121 3113//3113 3110//3110
f 3121//3121 3110//3110 3118//3118
f 3122//3122 3116//3116 3119//3119
f 3122//3122 3118//3118 3116//3116
f 3123//3123 3119//3119 3120//3120
f 3123//3123 3122//3122 3119//3119
f 3124//3124 3114//3114 3113//3113
f 3124//3124 3125//3125 3114//3114
f 3124//3124 3113//3113 3121//3121
f 3126//3126 3120//3120 1969//1969
f 3126//3126 3123//3123 3120//3120
f 3127//3127 3118//3118 3122//3122
f 3127//3127 3121//3121 3118//3118
f 3128//3128 3122//3122 3123//3123
f 3128//3128 3127//3127 3122//3122
f 3129//3129 3123//3123 3126//3126
f 3129//3129 3128//3128 3123//3123
f 3130//3130 3131//3131 3125//3125
f 3130//3130 3125//3125 3124//3124
f 3130//3130 3124//3124 3121//3121
f 3130//3130 3121//3121 3127//3127
f 3132//3132 1969//1969 1971//1971
f 3132//3132 1971//1971 1950//1950
f 3132//3132 3126//3126 1969//1969
f 3133//3133 3130//3130 3127//3127
f 3133//3133 3127//3127 3128//3128
f 3134//3134 3128//3128 3129//3129
f 3134//3134 3133//3133 3128//3128
f 3135//3135 3129//3129 3126//3126
f 3135//3135 3126//3126 3132//3132
f 3136//3136 3137//3137 3131//3131
f 3136//3136 3131//3131 3130//3130
f 3136//3136 3130//3130 3133//3133
f 3138//3138 3135//3135 3132//3132
f 3138//3138 3132//3132 1950//1950
f 3139//3139 3133//3133 3134//3134
f 3139//3139 3136//3136 3133//3133
f 3140//3140 3129//3129 3135//3135
f 3140//3140 3134//3134 3129//3129
f 3141//3141 3140//3140 3135//3135
f 3141//3141 3135//3135 3138//3138
f 3142//3142 3143//3143 3137//3137
f 3142//3142 3137//3137 3136//3136
f 3142//3142 3136//3136 3139//3139
f 3144//3144 1950//1950 1949//1949
f 3144//3144 1949//1949 1956//1956
f 3144//3144 3138//3138 1950//1950
f 3145//3145 3139//3139 3134//3134
f 3145//3145 3134//3134 3140//3140
f 3146//3146 3140//3140 3141//3141
f 3146//3146 3145//3145 3140//3140
f 3147//3147 3141//3141 3138//3138
f 3147//3147 3138//3138 3144//3144
f 3148//3148 3143//3143 3142//3142
f 3148//3148 3149//3149 3143//3143
f 3148//3148 3139//3139 3145//3145
f 3148//3148 3142//3142 3139//3139
f 3150//3150 3144//3144 1956//1956
f 3150//3150 1956//1956 1959//1959
f 3151//3151 3148//3148 3145//3145
f 3151//3151 3145//3145 3146//3146
f 3152//3152 3141//3141 3147//3147
f 3152//3152 3146//3146 3141//3141
f 3153//3153 3147//3147 3144//3144
f 3153//3153 3144//3144 3150//3150
f 3154//3154 3148//3148 3151//3151
f 3154//3154 3149//3149 3148//3148
f 3154//3154 3155//3155 3149//3149
f 3156//3156 3153//3153 3150//3150
f 3156//3156 1959//1959 1958//1958
f 3156//3156 3150//3150 1959//1959
f 3157//3157 3146//3146 3152//3152
f 3157//3157 3151//3151 3146//3146
f 3158//3158 3147//3147 3153//3153
f 3158//3158 3152//3152 3147//3147
f 3159//3159 3153//3153 3156//3156
f 3159//3159 3158//3158 3153//3153
f 3160//3160 3154//3154 3151//3151
f 3160//3160 3151//3151 3157//3157
f 3160//3160 3155//3155 3154//3154
f 3160//3160 3161//3161 3155//3155
f 3162//3162 1958//1958 1955//1955
f 3162//3162 3156//3156 1958//1958
f 3163//3163 3157//3157 3152//3152
f 3163//3163 3152//3152 3158//3158
f 3164//3164 3163//3163 3158//3158
f 3164//3164 3158//3158 3159//3159
f 3165//3165 3159//3159 3156//3156
f 3165//3165 3156//3156 3162//3162
f 3166//3166 3157//3157 3163//3163
f 3166//3166 3160//3160 3157//3157
f 3166//3166 3161//3161 3160//3160
f 3166//3166 3167//3167 3161//3161
f 3168//3168 1955//1955 1948//1948
f 3168//3168 3162//3162 1955//1955
f 3169//3169 3163//3163 3164//3164
f 3169//3169 3166//3166 3163//3163
f 3170//3170 3164//3164 3159//3159
f 3170//3170 3159//3159 3165//3165
f 3171//3171 3165//3165 3162//3162
f 3171//3171 3162//3162 3168//3168
f 3172//3172 3173//3173 3167//3167
f 3172//3172 3167//3167 3166//3166
f 3172//3172 3166//3166 3169//3169
f 3174//3174 3168//3168 1948//1948
f 3175//3175 3164//3164 3170//3170
f 3175//3175 3169//3169 3164//3164
f 3176//3176 3165//3165 3171//3171
f 3176//3176 3170//3170 3165//3165
f 3177//3177 3171//3171 3168//3168
f 3177//3177 3168//3168 3174//3174
f 3178//3178 3179//3179 3173//3173
f 3178//3178 3173//3173 3172//3172
f 3178//3178 3172//3172 3169//3169
f 3178//3178 3169//3169 3175//3175
f 3180//3180 1948//1948 1972//1972
f 3180//3180 1972//1972 1970//1970
f 3180//3180 3174//3174 1948//1948
f 3181//3181 3175//3175 3170//3170
f 3181//3181 3170//3170 3176//3176
f 3182//3182 3171//3171 3177//3177
f 3182//3182 3176//3176 3171//3171
f 3183//3183 3177//3177 3174//3174
f 3183//3183 3174//3174 3180//3180
f 3184//3184 3185//3185 3179//3179
f 3184//3184 3179//3179 3178//3178
f 3184//3184 3178//3178 3175//3175
f 3184//3184 3175//3175 3181//3181
f 3186//3186 1970//1970 1968//1968
f 3186//3186 3180//3180 1970//1970
f 3187//3187 3181//3181 3176//3176
f 3187//3187 3176//3176 3182//3182
f 3188//3188 3182//3182 3177//3177
f 3188//3188 3177//3177 3183//3183
f 3189//3189 3183//3183 3180//3180
f 3189//3189 3180//3180 3186//3186
f 3190//3190 3181//3181 3187//3187
f 3190//3190 3191//3191 3185//3185
f 3190//3190 3185//3185 3184//3184
f 3190//3190 3184//3184 3181//3181
f 3192//3192 1968//1968 1966//1966
f 3192//3192 3186//3186 1968//1968
f 3193//3193 3187//3187 3182//3182
f 3193//3193 3182//3182 3188//3188
f 3194//3194 3183//3183 3189//3189
f 3194//3194 3188//3188 3183//3183
f 3195//3195 3189//3189 3186//3186
f 3195//3195 3186//3186 3192//3192
f 3196//3196 3187//3187 3193//3193
f 3196//3196 3191//3191 3190//3190
f 3196//3196 3197//3197 3191//3191
f 3196//3196 3190//3190 3187//3187
f 3198//3198 3192//3192 1966//1966
f 3198//3198 1966//1966 1964//1964
f 3199//3199 3188//3188 3194//3194
f 3199//3199 3193//3193 3188//3188
f 3200//3200 3189//3189 3195//3195
f 3200//3200 3194//3194 3189//3189
f 3201//3201 3195//3195 3192//3192
f 3201//3201 3192//3192 3198//3198
f 3202//3202 3197//3197 3196//3196
f 3202//3202 3193//3193 3199//3199
f 3202//3202 3203//3203 3197//3197
f 3202//3202 3196//3196 3193//3193
f 3204//3204 1964//1964 1962//1962
f 3204//3204 3198//3198 1964//1964
f 3205//3205 3199//3199 3194//3194
f 3205//3205 3194//3194 3200//3200
f 3061//3061 3195//3195 3201//3201
f 3061//3061 3200//3200 3195//3195
f 3206//3206 3201//3201 3198//3198
f 3206//3206 3198//3198 3204//3204
f 3207//3207 3202//3202 3199//3199
f 3207//3207 3199//3199 3205//3205
f 3207//3207 3203//3203 3202//3202
f 3207//3207 3208//3208 3203//3203
f 3066//3066 1962//1962 1960//1960
f 3066//3066 3206//3206 3204//3204
f 3066//3066 3204//3204 1962//1962
f 3060//3060 3205//3205 3200//3200
f 3060//3060 3200//3200 3061//3061
f 3062//3062 3061//3061 3201//3201
f 3062//3062 3201//3201 3206//3206
f 3064//3064 3206//3206 3066//3066
f 3064//3064 3062//3062 3206//3206
f 3071//3071 3207//3207 3205//3205
f 3071//3071 3070//3070 3208//3208
f 3071//3071 3205//3205 3060//3060
f 3071//3071 3208//3208 3207//3207
f 3067//3067 1960//1960 1954//1954
f 3067//3067 3066//3066 1960//1960
f 3209//3209 1769//1769 3210//3210
f 3210//3210 1769//1769 1758//1758
f 3211//3211 3210//3210 1758//1758
f 1978//1978 3211//3211 1758//1758
f 3212//3212 3211//3211 1978//1978
f 3213//3213 3212//3212 3214//3214
f 3215//3215 3213//3213 3216//3216
f 3215//3215 3211//3211 3212//3212
f 3215//3215 3212//3212 3213//3213
f 3217//3217 1713//1713 3218//3218
f 3219//3219 3217//3217 3220//3220
f 3221//3221 3219//3219 3220//3220
f 3222//3222 3219//3219 3221//3221
f 3223//3223 3221//3221 3220//3220
f 1992//1992 3217//3217 3219//3219
f 1992//1992 1713//1713 3217//3217
f 3216//3216 3223//3223 3220//3220
f 3216//3216 3220//3220 3215//3215
f 3212//3212 1978//1978 1977//1977
f 3224//3224 3212//3212 1977//1977
f 1977//1977 1976//1976 3224//3224
f 1976//1976 3225//3225 3224//3224
f 3226//3226 3224//3224 3227//3227
f 3228//3228 3227//3227 3229//3229
f 3227//3227 3225//3225 3229//3229
f 3224//3224 3225//3225 3227//3227
f 3230//3230 3225//3225 1976//1976
f 3231//3231 3230//3230 1976//1976
f 3232//3232 3231//3231 1973//1973
f 3231//3231 1976//1976 1973//1973
f 3233//3233 1973//1973 1975//1975
f 3233//3233 3232//3232 1973//1973
f 3234//3234 3233//3233 3235//3235
f 3236//3236 3234//3234 3237//3237
f 3236//3236 3232//3232 3234//3234
f 3234//3234 3232//3232 3233//3233
f 3238//3238 3233//3233 1974//1974
f 3233//3233 1975//1975 1974//1974
f 1757//1757 3239//3239 3240//3240
f 1757//1757 3240//3240 1974//1974
f 1974//1974 3240//3240 3238//3238
f 3241//3241 3238//3238 3242//3242
f 3243//3243 3242//3242 3244//3244
f 3238//3238 3240//3240 3244//3244
f 3242//3242 3238//3238 3244//3244
f 3245//3245 1716//1716 3246//3246
f 3247//3247 3246//3246 3248//3248
f 3247//3247 3248//3248 3249//3249
f 3249//3249 3248//3248 3250//3250
f 3247//3247 3249//3249 3251//3251
f 3248//3248 3246//3246 1996//1996
f 3246//3246 1716//1716 1996//1996
f 3247//3247 3251//3251 3243//3243
f 3244//3244 3247//3247 3243//3243
f 3239//3239 1757//1757 3252//3252
f 3252//3252 1757//1757 1725//1725
f 3253//3253 3252//3252 1725//1725
f 1980//1980 3253//3253 1725//1725
f 3254//3254 3253//3253 1980//1980
f 3255//3255 3254//3254 3256//3256
f 3257//3257 3255//3255 3258//3258
f 3257//3257 3253//3253 3254//3254
f 3257//3257 3254//3254 3255//3255
f 3259//3259 1754//1754 3260//3260
f 3261//3261 3259//3259 3262//3262
f 3263//3263 3261//3261 3262//3262
f 3264//3264 3261//3261 3263//3263
f 3265//3265 3263//3263 3262//3262
f 1989//1989 3259//3259 3261//3261
f 1989//1989 1754//1754 3259//3259
f 3258//3258 3265//3265 3262//3262
f 3258//3258 3262//3262 3257//3257
f 3266//3266 3254//3254 3267//3267
f 3254//3254 1980//1980 3267//3267
f 3268//3268 3267//3267 1979//1979
f 3267//3267 1980//1980 1979//1979
f 1724//1724 3269//3269 3270//3270
f 1724//1724 3270//3270 1979//1979
f 3270//3270 3271//3271 1979//1979
f 3271//3271 3270//3270 3272//3272
f 1979//1979 3271//3271 3268//3268
f 3269//3269 1724//1724 3273//3273
f 3273//3273 1724//1724 1768//1768
f 3274//3274 3273//3273 1768//1768
f 1982//1982 3275//3275 3274//3274
f 1982//1982 3274//3274 1768//1768
f 3276//3276 3275//3275 1982//1982
f 1982//1982 1983//1983 3276//3276
f 1982//1982 1981//1981 1983//1983
f 3277//3277 1762//1762 3278//3278
f 1983//1983 3275//3275 3276//3276
f 1983//1983 3277//3277 3275//3275
f 1983//1983 1762//1762 3277//3277
f 1752//1752 3279//3279 1762//1762
f 3279//3279 3278//3278 1762//1762
f 3279//3279 1752//1752 3280//3280
f 3272//3272 3280//3280 3281//3281
f 3282//3282 3281//3281 1985//1985
f 3281//3281 3280//3280 1985//1985
f 3280//3280 1752//1752 1985//1985
f 1985//1985 1984//1984 3283//3283
f 3282//3282 1985//1985 3283//3283
f 3284//3284 1753//1753 3285//3285
f 3286//3286 3284//3284 3287//3287
f 1984//1984 3286//3286 3283//3283
f 1984//1984 3284//3284 3286//3286
f 1984//1984 1753//1753 3284//3284
f 1733//1733 3288//3288 1753//1753
f 3288//3288 3285//3285 1753//1753
f 3288//3288 1733//1733 3289//3289
f 3290//3290 3291//3291 1987//1987
f 3291//3291 3289//3289 1987//1987
f 3289//3289 1733//1733 1987//1987
f 3290//3290 1986//1986 1988//1988
f 3290//3290 1987//1987 1986//1986
f 3292//3292 1739//1739 3293//3293
f 1988//1988 3292//3292 3291//3291
f 1988//1988 3291//3291 3290//3290
f 1988//1988 1739//1739 3292//3292
f 1755//1755 3294//3294 3293//3293
f 1739//1739 1755//1755 3293//3293
f 3294//3294 1755//1755 3295//3295
f 3287//3287 3295//3295 3296//3296
f 3297//3297 3296//3296 1990//1990
f 3296//3296 3295//3295 1990//1990
f 3295//3295 1755//1755 1990//1990
f 1989//1989 3261//3261 3298//3298
f 1989//1989 3298//3298 1990//1990
f 3298//3298 3261//3261 3299//3299
f 1990//1990 3298//3298 3297//3297
f 1716//1716 3245//3245 3260//3260
f 1754//1754 1716//1716 3260//3260
f 1996//1996 1995//1995 3248//3248
f 1995//1995 3300//3300 3248//3248
f 3300//3300 1994//1994 3301//3301
f 3302//3302 3300//3300 3301//3301
f 3303//3303 3302//3302 3301//3301
f 3304//3304 3300//3300 3302//3302
f 3305//3305 3302//3302 3303//3303
f 1995//1995 1994//1994 3300//3300
f 1991//1991 3306//3306 3307//3307
f 1994//1994 1991//1991 3307//3307
f 1994//1994 3307//3307 3308//3308
f 1994//1994 3308//3308 3301//3301
f 3306//3306 1991//1991 3309//3309
f 3306//3306 3309//3309 3310//3310
f 3306//3306 3310//3310 3311//3311
f 3310//3310 3309//3309 3312//3312
f 3311//3311 3310//3310 3313//3313
f 3309//3309 1991//1991 1993//1993
f 1993//1993 1992//1992 3309//3309
f 1992//1992 3219//3219 3309//3309
f 1737//1737 3314//3314 3218//3218
f 1713//1713 1737//1737 3218//3218
f 1769//1769 3209//3209 3315//3315
f 1769//1769 3315//3315 2007//2007
f 2007//2007 3315//3315 3316//3316
f 3317//3317 3316//3316 3318//3318
f 3319//3319 3318//3318 3320//3320
f 3316//3316 3315//3315 3320//3320
f 3318//3318 3316//3316 3320//3320
f 3314//3314 1737//1737 3321//3321
f 3322//3322 3321//3321 3323//3323
f 3322//3322 3323//3323 3324//3324
f 3324//3324 3323//3323 3325//3325
f 3322//3322 3324//3324 3326//3326
f 3323//3323 3321//3321 1998//1998
f 3321//3321 1737//1737 1998//1998
f 3322//3322 3326//3326 3319//3319
f 3320//3320 3322//3322 3319//3319
f 1997//1997 3327//3327 3328//3328
f 1997//1997 3328//3328 1998//1998
f 3328//3328 3329//3329 3323//3323
f 1998//1998 3328//3328 3323//3323
f 3330//3330 1736//1736 3331//3331
f 3332//3332 3330//3330 3333//3333
f 1997//1997 3332//3332 3327//3327
f 1997//1997 3330//3330 3332//3332
f 1997//1997 1736//1736 3330//3330
f 1751//1751 3334//3334 3331//3331
f 1736//1736 1751//1751 3331//3331
f 3334//3334 1751//1751 3335//3335
f 3336//3336 3337//3337 2000//2000
f 3337//3337 3335//3335 2000//2000
f 3335//3335 1751//1751 2000//2000
f 1999//1999 2001//2001 3336//3336
f 2000//2000 1999//1999 3336//3336
f 1760//1760 3338//3338 3339//3339
f 3339//3339 3337//3337 2001//2001
f 1760//1760 3339//3339 2001//2001
f 2001//2001 3337//3337 3336//3336
f 3338//3338 1760//1760 3340//3340
f 1760//1760 1771//1771 3340//3340
f 3341//3341 3340//3340 1771//1771
f 2003//2003 3341//3341 1771//1771
f 2003//2003 3342//3342 3341//3341
f 3333//3333 3341//3341 3342//3342
f 3343//3343 3342//3342 2003//2003
f 3343//3343 2003//2003 3344//3344
f 2003//2003 2002//2002 3344//3344
f 1772//1772 3345//3345 3346//3346
f 1772//1772 3346//3346 2002//2002
f 3346//3346 3347//3347 2002//2002
f 3347//3347 3346//3346 3348//3348
f 2002//2002 3347//3347 3344//3344
f 3345//3345 1772//1772 3349//3349
f 1772//1772 1718//1718 3349//3349
f 3350//3350 3349//3349 1718//1718
f 2005//2005 3351//3351 3350//3350
f 2005//2005 3350//3350 1718//1718
f 3352//3352 3351//3351 2005//2005
f 3352//3352 2005//2005 2004//2004
f 3352//3352 2004//2004 2006//2006
f 1721//1721 3353//3353 3354//3354
f 3354//3354 3351//3351 2006//2006
f 1721//1721 3354//3354 2006//2006
f 2006//2006 3351//3351 3352//3352
f 3353//3353 1721//1721 3355//3355
f 3355//3355 1721//1721 1770//1770
f 3356//3356 3355//3355 1770//1770
f 2008//2008 3356//3356 1770//1770
f 2008//2008 3357//3357 3356//3356
f 3348//3348 3356//3356 3357//3357
f 3358//3358 3357//3357 2008//2008
f 3358//3358 2008//2008 3359//3359
f 3360//3360 3359//3359 3316//3316
f 3316//3316 3359//3359 2007//2007
f 3359//3359 2008//2008 2007//2007
f 3361//3361 2033//2033 2039//2039
f 3361//3361 2039//2039 2045//2045
f 3361//3361 3362//3362 2033//2033
f 3363//3363 3361//3361 2045//2045
f 3364//3364 2045//2045 2053//2053
f 3364//3364 3363//3363 2045//2045
f 3365//3365 2064//2064 2075//2075
f 3365//3365 3366//3366 2064//2064
f 3367//3367 2053//2053 2058//2058
f 3367//3367 2058//2058 2062//2062
f 3367//3367 3364//3364 2053//2053
f 3368//3368 2075//2075 2081//2081
f 3368//3368 2081//2081 2087//2087
f 3368//3368 3365//3365 2075//2075
f 3369//3369 3367//3367 2062//2062
f 3366//3366 2062//2062 2064//2064
f 3370//3370 3368//3368 2087//2087
f 3366//3366 3369//3369 2062//2062
f 3371//3371 2087//2087 2093//2093
f 3371//3371 2093//2093 2099//2099
f 3371//3371 3370//3370 2087//2087
f 3372//3372 2099//2099 2105//2105
f 3372//3372 3371//3371 2099//2099
f 3373//3373 2105//2105 2111//2111
f 3373//3373 3372//3372 2105//2105
f 3374//3374 3373//3373 2111//2111
f 3375//3375 2111//2111 2117//2117
f 3375//3375 3374//3374 2111//2111
f 3376//3376 2117//2117 2123//2123
f 3376//3376 2123//2123 2129//2129
f 3376//3376 3375//3375 2117//2117
f 3377//3377 2129//2129 2135//2135
f 3377//3377 3376//3376 2129//2129
f 3378//3378 3377//3377 2135//2135
f 3379//3379 3378//3378 2135//2135
f 3379//3379 2135//2135 2141//2141
f 3379//3379 2141//2141 2147//2147
f 3380//3380 3379//3379 2147//2147
f 3380//3380 2147//2147 2153//2153
f 3381//3381 3380//3380 2153//2153
f 3382//3382 3381//3381 2153//2153
f 3382//3382 2153//2153 2158//2158
f 3383//3383 3382//3382 2158//2158
f 3383//3383 2158//2158 2020//2020
f 3383//3383 2020//2020 2019//2019
f 3384//3384 3383//3383 2019//2019
f 3385//3385 2019//2019 2027//2027
f 3385//3385 3384//3384 2019//2019
f 3362//3362 2027//2027 2033//2033
f 3362//3362 3385//3385 2027//2027
f 3386//3386 2183//2183 2189//2189
f 3386//3386 2189//2189 2195//2195
f 3386//3386 3387//3387 2183//2183
f 3388//3388 3386//3386 2195//2195
f 3389//3389 2195//2195 2203//2203
f 3389//3389 3388//3388 2195//2195
f 3390//3390 2214//2214 2225//2225
f 3390//3390 3391//3391 2214//2214
f 3392//3392 2203//2203 2208//2208
f 3392//3392 2208//2208 2212//2212
f 3392//3392 3389//3389 2203//2203
f 3393//3393 2225//2225 2231//2231
f 3393//3393 2231//2231 2237//2237
f 3393//3393 3390//3390 2225//2225
f 3394//3394 3392//3392 2212//2212
f 3391//3391 2212//2212 2214//2214
f 3395//3395 3393//3393 2237//2237
f 3391//3391 3394//3394 2212//2212
f 3396//3396 2237//2237 2243//2243
f 3396//3396 2243//2243 2249//2249
f 3396//3396 3395//3395 2237//2237
f 3397//3397 2249//2249 2255//2255
f 3397//3397 3396//3396 2249//2249
f 3398//3398 2255//2255 2261//2261
f 3398//3398 3397//3397 2255//2255
f 3399//3399 3398//3398 2261//2261
f 3400//3400 2261//2261 2267//2267
f 3400//3400 3399//3399 2261//2261
f 3401//3401 2267//2267 2273//2273
f 3401//3401 2273//2273 2279//2279
f 3401//3401 3400//3400 2267//2267
f 3402//3402 2279//2279 2285//2285
f 3402//3402 3401//3401 2279//2279
f 3403//3403 3402//3402 2285//2285
f 3404//3404 3403//3403 2285//2285
f 3404//3404 2285//2285 2291//2291
f 3404//3404 2291//2291 2297//2297
f 3405//3405 3404//3404 2297//2297
f 3405//3405 2297//2297 2303//2303
f 3406//3406 3405//3405 2303//2303
f 3407//3407 3406//3406 2303//2303
f 3407//3407 2303//2303 2308//2308
f 3408//3408 3407//3407 2308//2308
f 3408//3408 2308//2308 2170//2170
f 3408//3408 2170//2170 2169//2169
f 3409//3409 3408//3408 2169//2169
f 3410//3410 2169//2169 2177//2177
f 3410//3410 3409//3409 2169//2169
f 3387//3387 2177//2177 2183//2183
f 3387//3387 3410//3410 2177//2177
f 3411//3411 2333//2333 2339//2339
f 3411//3411 2339//2339 2345//2345
f 3411//3411 3412//3412 2333//2333
f 3413//3413 3411//3411 2345//2345
f 3414//3414 2345//2345 2353//2353
f 3414//3414 3413//3413 2345//2345
f 3415//3415 2364//2364 2375//2375
f 3415//3415 3416//3416 2364//2364
f 3417//3417 2353//2353 2358//2358
f 3417//3417 2358//2358 2362//2362
f 3417//3417 3414//3414 2353//2353
f 3418//3418 2375//2375 2381//2381
f 3418//3418 2381//2381 2387//2387
f 3418//3418 3415//3415 2375//2375
f 3419//3419 3417//3417 2362//2362
f 3416//3416 2362//2362 2364//2364
f 3420//3420 3418//3418 2387//2387
f 3416//3416 3419//3419 2362//2362
f 3421//3421 2387//2387 2393//2393
f 3421//3421 2393//2393 2399//2399
f 3421//3421 3420//3420 2387//2387
f 3422//3422 2399//2399 2405//2405
f 3422//3422 3421//3421 2399//2399
f 3423//3423 2405//2405 2411//2411
f 3423//3423 3422//3422 2405//2405
f 3424//3424 3423//3423 2411//2411
f 3425//3425 2411//2411 2417//2417
f 3425//3425 3424//3424 2411//2411
f 3426//3426 2417//2417 2423//2423
f 3426//3426 2423//2423 2429//2429
f 3426//3426 3425//3425 2417//2417
f 3427//3427 2429//2429 2435//2435
f 3427//3427 3426//3426 2429//2429
f 3428//3428 3427//3427 2435//2435
f 3429//3429 3428//3428 2435//2435
f 3429//3429 2435//2435 2441//2441
f 3429//3429 2441//2441 2447//2447
f 3430//3430 3429//3429 2447//2447
f 3430//3430 2447//2447 2453//2453
f 3431//3431 3430//3430 2453//2453
f 3432//3432 3431//3431 2453//2453
f 3432//3432 2453//2453 2458//2458
f 3433//3433 3432//3432 2458//2458
f 3433//3433 2458//2458 2320//2320
f 3433//3433 2320//2320 2319//2319
f 3434//3434 3433//3433 2319//2319
f 3435//3435 2319//2319 2327//2327
f 3435//3435 3434//3434 2319//2319
f 3412//3412 2327//2327 2333//2333
f 3412//3412 3435//3435 2327//2327
f 3436//3436 2483//2483 2489//2489
f 3436//3436 2489//2489 2495//2495
f 3436//3436 3437//3437 2483//2483
f 3438//3438 3436//3436 2495//2495
f 3439//3439 2495//2495 2503//2503
f 3439//3439 3438//3438 2495//2495
f 3440//3440 2514//2514 2525//2525
f 3440//3440 3441//3441 2514//2514
f 3442//3442 2503//2503 2508//2508
f 3442//3442 2508//2508 2512//2512
f 3442//3442 3439//3439 2503//2503
f 3443//3443 2525//2525 2531//2531
f 3443//3443 2531//2531 2537//2537
f 3443//3443 3440//3440 2525//2525
f 3444//3444 3442//3442 2512//2512
f 3441//3441 2512//2512 2514//2514
f 3445//3445 3443//3443 2537//2537
f 3441//3441 3444//3444 2512//2512
f 3446//3446 2537//2537 2543//2543
f 3446//3446 2543//2543 2549//2549
f 3446//3446 3445//3445 2537//2537
f 3447//3447 2549//2549 2555//2555
f 3447//3447 3446//3446 2549//2549
f 3448//3448 2555//2555 2561//2561
f 3448//3448 3447//3447 2555//2555
f 3449//3449 3448//3448 2561//2561
f 3450//3450 2561//2561 2567//2567
f 3450//3450 3449//3449 2561//2561
f 3451//3451 2567//2567 2573//2573
f 3451//3451 2573//2573 2579//2579
f 3451//3451 3450//3450 2567//2567
f 3452//3452 2579//2579 2585//2585
f 3452//3452 3451//3451 2579//2579
f 3453//3453 3452//3452 2585//2585
f 3454//3454 3453//3453 2585//2585
f 3454//3454 2585//2585 2591//2591
f 3454//3454 2591//2591 2597//2597
f 3455//3455 3454//3454 2597//2597
f 3455//3455 2597//2597 2603//2603
f 3456//3456 3455//3455 2603//2603
f 3457//3457 3456//3456 2603//2603
f 3457//3457 2603//2603 2608//2608
f 3458//3458 3457//3457 2608//2608
f 3458//3458 2608//2608 2470//2470
f 3458//3458 2470//2470 2469//2469
f 3459//3459 3458//3458 2469//2469
f 3460//3460 2469//2469 2477//2477
f 3460//3460 3459//3459 2469//2469
f 3437//3437 2477//2477 2483//2483
f 3437//3437 3460//3460 2477//2477
f 3461//3461 2633//2633 2639//2639
f 3461//3461 2639//2639 2645//2645
f 3461//3461 3462//3462 2633//2633
f 3463//3463 3461//3461 2645//2645
f 3464//3464 2645//2645 2653//2653
f 3464//3464 3463//3463 2645//2645
f 3465//3465 2664//2664 2675//2675
f 3465//3465 3466//3466 2664//2664
f 3467//3467 2653//2653 2658//2658
f 3467//3467 2658//2658 2662//2662
f 3467//3467 3464//3464 2653//2653
f 3468//3468 2675//2675 2681//2681
f 3468//3468 2681//2681 2687//2687
f 3468//3468 3465//3465 2675//2675
f 3469//3469 3467//3467 2662//2662
f 3466//3466 2662//2662 2664//2664
f 3470//3470 3468//3468 2687//2687
f 3466//3466 3469//3469 2662//2662
f 3471//3471 2687//2687 2693//2693
f 3471//3471 2693//2693 2699//2699
f 3471//3471 3470//3470 2687//2687
f 3472//3472 2699//2699 2705//2705
f 3472//3472 3471//3471 2699//2699
f 3473//3473 2705//2705 2711//2711
f 3473//3473 3472//3472 2705//2705
f 3474//3474 3473//3473 2711//2711
f 3475//3475 2711//2711 2717//2717
f 3475//3475 3474//3474 2711//2711
f 3476//3476 2717//2717 2723//2723
f 3476//3476 2723//2723 2729//2729
f 3476//3476 3475//3475 2717//2717
f 3477//3477 2729//2729 2735//2735
f 3477//3477 3476//3476 2729//2729
f 3478//3478 3477//3477 2735//2735
f 3479//3479 3478//3478 2735//2735
f 3479//3479 2735//2735 2741//2741
f 3479//3479 2741//2741 2747//2747
f 3480//3480 3479//3479 2747//2747
f 3480//3480 2747//2747 2753//2753
f 3481//3481 3480//3480 2753//2753
f 3482//3482 3481//3481 2753//2753
f 3482//3482 2753//2753 2758//2758
f 3483//3483 3482//3482 2758//2758
f 3483//3483 2758//2758 2620//2620
f 3483//3483 2620//2620 2619//2619
f 3484//3484 3483//3483 2619//2619
f 3485//3485 2619//2619 2627//2627
f 3485//3485 3484//3484 2619//2619
f 3462//3462 2627//2627 2633//2633
f 3462//3462 3485//3485 2627//2627
f 3486//3486 2783//2783 2789//2789
f 3486//3486 2789//2789 2795//2795
f 3486//3486 3487//3487 2783//2783
f 3488//3488 3486//3486 2795//2795
f 3489//3489 2795//2795 2803//2803
f 3489//3489 3488//3488 2795//2795
f 3490//3490 2814//2814 2825//2825
f 3490//3490 3491//3491 2814//2814
f 3492//3492 2803//2803 2808//2808
f 3492//3492 2808//2808 2812//2812
f 3492//3492 3489//3489 2803//2803
f 3493//3493 2825//2825 2831//2831
f 3493//3493 2831//2831 2837//2837
f 3493//3493 3490//3490 2825//2825
f 3494//3494 3492//3492 2812//2812
f 3491//3491 2812//2812 2814//2814
f 3495//3495 3493//3493 2837//2837
f 3491//3491 3494//3494 2812//2812
f 3496//3496 2837//2837 2843//2843
f 3496//3496 2843//2843 2849//2849
f 3496//3496 3495//3495 2837//2837
f 3497//3497 2849//2849 2855//2855
f 3497//3497 3496//3496 2849//2849
f 3498//3498 2855//2855 2861//2861
f 3498//3498 3497//3497 2855//2855
f 3499//3499 3498//3498 2861//2861
f 3500//3500 2861//2861 2867//2867
f 3500//3500 3499//3499 2861//2861
f 3501//3501 2867//2867 2873//2873
f 3501//3501 2873//2873 2879//2879
f 3501//3501 3500//3500 2867//2867
f 3502//3502 2879//2879 2885//2885
f 3502//3502 3501//3501 2879//2879
f 3503//3503 3502//3502 2885//2885
f 3504//3504 3503//3503 2885//2885
f 3504//3504 2885//2885 2891//2891
f 3504//3504 2891//2891 2897//2897
f 3505//3505 3504//3504 2897//2897
f 3505//3505 2897//2897 2903//2903
f 3506//3506 3505//3505 2903//2903
f 3507//3507 3506//3506 2903//2903
f 3507//3507 2903//2903 2908//2908
f 3508//3508 3507//3507 2908//2908
f 3508//3508 2908//2908 2770//2770
f 3508//3508 2770//2770 2769//2769
f 3509//3509 3508//3508 2769//2769
f 3510//3510 2769//2769 2777//2777
f 3510//3510 3509//3509 2769//2769
f 3487//3487 2777//2777 2783//2783
f 3487//3487 3510//3510 2777//2777
f 3511//3511 2933//2933 2939//2939
f 3511//3511 2939//2939 2945//2945
f 3511//3511 3512//3512 2933//2933
f 3513//3513 3511//3511 2945//2945
f 3514//3514 2945//2945 2953//2953
f 3514//3514 3513//3513 2945//2945
f 3515//3515 2964//2964 2975//2975
f 3515//3515 3516//3516 2964//2964
f 3517//3517 2953//2953 2958//2958
f 3517//3517 2958//2958 2962//2962
f 3517//3517 3514//3514 2953//2953
f 3518//3518 2975//2975 2981//2981
f 3518//3518 2981//2981 2987//2987
f 3518//3518 3515//3515 2975//2975
f 3519//3519 3517//3517 2962//2962
f 3516//3516 2962//2962 2964//2964
f 3520//3520 3518//3518 2987//2987
f 3516//3516 3519//3519 2962//2962
f 3521//3521 2987//2987 2993//2993
f 3521//3521 2993//2993 2999//2999
f 3521//3521 3520//3520 2987//2987
f 3522//3522 2999//2999 3005//3005
f 3522//3522 3521//3521 2999//2999
f 3523//3523 3005//3005 3011//3011
f 3523//3523 3522//3522 3005//3005
f 3524//3524 3523//3523 3011//3011
f 3525//3525 3011//3011 3017//3017
f 3525//3525 3524//3524 3011//3011
f 3526//3526 3017//3017 3023//3023
f 3526//3526 3023//3023 3029//3029
f 3526//3526 3525//3525 3017//3017
f 3527//3527 3029//3029 3035//3035
f 3527//3527 3526//3526 3029//3029
f 3528//3528 3527//3527 3035//3035
f 3529//3529 3528//3528 3035//3035
f 3529//3529 3035//3035 3041//3041
f 3529//3529 3041//3041 3047//3047
f 3530//3530 3529//3529 3047//3047
f 3530//3530 3047//3047 3053//3053
f 3531//3531 3530//3530 3053//3053
f 3532//3532 3531//3531 3053//3053
f 3532//3532 3053//3053 3058//3058
f 3533//3533 3532//3532 3058//3058
f 3533//3533 3058//3058 2920//2920
f 3533//3533 2920//2920 2919//2919
f 3534//3534 3533//3533 2919//2919
f 3535//3535 2919//2919 2927//2927
f 3535//3535 3534//3534 2919//2919
f 3512//3512 2927//2927 2933//2933
f 3512//3512 3535//3535 2927//2927
f 3536//3536 3083//3083 3089//3089
f 3536//3536 3089//3089 3095//3095
f 3536//3536 3537//3537 3083//3083
f 3538//3538 3536//3536 3095//3095
f 3539//3539 3095//3095 3103//3103
f 3539//3539 3538//3538 3095//3095
f 3540//3540 3114//3114 3125//3125
f 3540//3540 3541//3541 3114//3114
f 3542//3542 3103//3103 3108//3108
f 3542//3542 3108//3108 3112//3112
f 3542//3542 3539//3539 3103//3103
f 3543//3543 3125//3125 3131//3131
f 3543//3543 3131//3131 3137//3137
f 3543//3543 3540//3540 3125//3125
f 3544//3544 3542//3542 3112//3112
f 3541//3541 3112//3112 3114//3114
f 3545//3545 3543//3543 3137//3137
f 3541//3541 3544//3544 3112//3112
f 3546//3546 3137//3137 3143//3143
f 3546//3546 3143//3143 3149//3149
f 3546//3546 3545//3545 3137//3137
f 3547//3547 3149//3149 3155//3155
f 3547//3547 3546//3546 3149//3149
f 3548//3548 3155//3155 3161//3161
f 3548//3548 3547//3547 3155//3155
f 3549//3549 3548//3548 3161//3161
f 3550//3550 3161//3161 3167//3167
f 3550//3550 3549//3549 3161//3161
f 3551//3551 3167//3167 3173//3173
f 3551//3551 3173//3173 3179//3179
f 3551//3551 3550//3550 3167//3167
f 3552//3552 3179//3179 3185//3185
f 3552//3552 3551//3551 3179//3179
f 3553//3553 3552//3552 3185//3185
f 3554//3554 3553//3553 3185//3185
f 3554//3554 3185//3185 3191//3191
f 3554//3554 3191//3191 3197//3197
f 3555//3555 3554//3554 3197//3197
f 3555//3555 3197//3197 3203//3203
f 3556//3556 3555//3555 3203//3203
f 3557//3557 3556//3556 3203//3203
f 3557//3557 3203//3203 3208//3208
f 3558//3558 3557//3557 3208//3208
f 3558//3558 3208//3208 3070//3070
f 3558//3558 3070//3070 3069//3069
f 3559//3559 3558//3558 3069//3069
f 3560//3560 3069//3069 3077//3077
f 3560//3560 3559//3559 3069//3069
f 3537//3537 3077//3077 3083//3083
f 3537//3537 3560//3560 3077//3077
f 3315//3315 3209//3209 3211//3211
f 3209//3209 3210//3210 3211//3211
f 3215//3215 3320//3320 3315//3315
f 3215//3215 3315//3315 3211//3211
f 3322//3322 3320//3320 3215//3215
f 3220//3220 3322//3322 3215//3215
f 3217//3217 3321//3321 3322//3322
f 3217//3217 3322//3322 3220//3220
f 3217//3217 3314//3314 3321//3321
f 3217//3217 3218//3218 3314//3314
f 3312//3312 3309//3309 3219//3219
f 3312//3312 3219//3219 3222//3222
f 3222//3222 3221//3221 3312//3312
f 3312//3312 3221//3221 3310//3310
f 3313//3313 3310//3310 3221//3221
f 3313//3313 3221//3221 3223//3223
f 3561//3561 3311//3311 3313//3313
f 3562//3562 3561//3561 3313//3313
f 3223//3223 3563//3563 3562//3562
f 3223//3223 3564//3564 3563//3563
f 3223//3223 3562//3562 3313//3313
f 3565//3565 3564//3564 3223//3223
f 3566//3566 3565//3565 3223//3223
f 3567//3567 3566//3566 3223//3223
f 3568//3568 3567//3567 3223//3223
f 3569//3569 3568//3568 3223//3223
f 3570//3570 3569//3569 3223//3223
f 3571//3571 3228//3228 3229//3229
f 3572//3572 3228//3228 3571//3571
f 3216//3216 3573//3573 3574//3574
f 3216//3216 3575//3575 3573//3573
f 3216//3216 3576//3576 3575//3575
f 3216//3216 3577//3577 3576//3576
f 3216//3216 3578//3578 3577//3577
f 3216//3216 3579//3579 3578//3578
f 3216//3216 3580//3580 3579//3579
f 3216//3216 3572//3572 3580//3580
f 3216//3216 3228//3228 3572//3572
f 3223//3223 3216//3216 3581//3581
f 3223//3223 3581//3581 3570//3570
f 3581//3581 3216//3216 3574//3574
f 3213//3213 3227//3227 3228//3228
f 3216//3216 3213//3213 3228//3228
f 3213//3213 3214//3214 3227//3227
f 3227//3227 3214//3214 3226//3226
f 3212//3212 3224//3224 3226//3226
f 3214//3214 3212//3212 3226//3226
f 3582//3582 3583//3583 3584//3584
f 3582//3582 3584//3584 3585//3585
f 3586//3586 3582//3582 3585//3585
f 3586//3586 3585//3585 3587//3587
f 3588//3588 3586//3586 3587//3587
f 3588//3588 3587//3587 3589//3589
f 3590//3590 3588//3588 3589//3589
f 3590//3590 3589//3589 3591//3591
f 3592//3592 3590//3590 3591//3591
f 3592//3592 3591//3591 3593//3593
f 3594//3594 3592//3592 3593//3593
f 3594//3594 3593//3593 3595//3595
f 3596//3596 3594//3594 3595//3595
f 3596//3596 3595//3595 3597//3597
f 3598//3598 3597//3597 3599//3599
f 3598//3598 3596//3596 3597//3597
f 3600//3600 3598//3598 3599//3599
f 3601//3601 3599//3599 3602//3602
f 3601//3601 3600//3600 3599//3599
f 3301//3301 3602//3602 3303//3303
f 3301//3301 3601//3601 3602//3602
f 3603//3603 3601//3601 3301//3301
f 3604//3604 3603//3603 3301//3301
f 3604//3604 3301//3301 3308//3308
f 3306//3306 3311//3311 3561//3561
f 3605//3605 3604//3604 3308//3308
f 3605//3605 3308//3308 3307//3307
f 3605//3605 3307//3307 3306//3306
f 3606//3606 3605//3605 3306//3306
f 3607//3607 3306//3306 3561//3561
f 3607//3607 3561//3561 3562//3562
f 3607//3607 3606//3606 3306//3306
f 3608//3608 3562//3562 3563//3563
f 3608//3608 3607//3607 3562//3562
f 3609//3609 3563//3563 3564//3564
f 3609//3609 3608//3608 3563//3563
f 3610//3610 3564//3564 3565//3565
f 3610//3610 3609//3609 3564//3564
f 3611//3611 3565//3565 3566//3566
f 3611//3611 3610//3610 3565//3565
f 3612//3612 3566//3566 3567//3567
f 3612//3612 3611//3611 3566//3566
f 3613//3613 3567//3567 3568//3568
f 3613//3613 3612//3612 3567//3567
f 3614//3614 3568//3568 3569//3569
f 3614//3614 3613//3613 3568//3568
f 3615//3615 3614//3614 3569//3569
f 3615//3615 3569//3569 3570//3570
f 3616//3616 3615//3615 3570//3570
f 3616//3616 3570//3570 3581//3581
f 3617//3617 3616//3616 3581//3581
f 3618//3618 3617//3617 3581//3581
f 3618//3618 3581//3581 3574//3574
f 3619//3619 3618//3618 3574//3574
f 3619//3619 3574//3574 3573//3573
f 3620//3620 3619//3619 3573//3573
f 3620//3620 3573//3573 3575//3575
f 3621//3621 3620//3620 3575//3575
f 3621//3621 3575//3575 3576//3576
f 3622//3622 3621//3621 3576//3576
f 3622//3622 3576//3576 3577//3577
f 3623//3623 3622//3622 3577//3577
f 3623//3623 3577//3577 3578//3578
f 3624//3624 3623//3623 3578//3578
f 3624//3624 3578//3578 3579//3579
f 3625//3625 3624//3624 3579//3579
f 3625//3625 3579//3579 3580//3580
f 3626//3626 3625//3625 3580//3580
f 3626//3626 3580//3580 3572//3572
f 3627//3627 3626//3626 3572//3572
f 3627//3627 3572//3572 3571//3571
f 3225//3225 3627//3627 3571//3571
f 3225//3225 3571//3571 3229//3229
f 3628//3628 3627//3627 3225//3225
f 3629//3629 3628//3628 3225//3225
f 3629//3629 3225//3225 3230//3230
f 3231//3231 3629//3629 3230//3230
f 3232//3232 3236//3236 3630//3630
f 3631//3631 3231//3231 3232//3232
f 3631//3631 3629//3629 3231//3231
f 3632//3632 3631//3631 3232//3232
f 3633//3633 3630//3630 3634//3634
f 3633//3633 3232//3232 3630//3630
f 3633//3633 3632//3632 3232//3232
f 3635//3635 3633//3633 3634//3634
f 3636//3636 3634//3634 3637//3637
f 3636//3636 3635//3635 3634//3634
f 3638//3638 3637//3637 3639//3639
f 3638//3638 3636//3636 3637//3637
f 3640//3640 3639//3639 3641//3641
f 3640//3640 3638//3638 3639//3639
f 3642//3642 3641//3641 3643//3643
f 3642//3642 3640//3640 3641//3641
f 3644//3644 3643//3643 3645//3645
f 3644//3644 3642//3642 3643//3643
f 3646//3646 3644//3644 3645//3645
f 3646//3646 3645//3645 3647//3647
f 3648//3648 3646//3646 3647//3647
f 3648//3648 3647//3647 3649//3649
f 3650//3650 3648//3648 3649//3649
f 3650//3650 3649//3649 3584//3584
f 3583//3583 3650//3650 3584//3584
f 3593//3593 3251//3251 3595//3595
f 3597//3597 3595//3595 3251//3251
f 3591//3591 3251//3251 3593//3593
f 3599//3599 3597//3597 3251//3251
f 3589//3589 3251//3251 3591//3591
f 3587//3587 3251//3251 3589//3589
f 3305//3305 3602//3602 3599//3599
f 3305//3305 3599//3599 3251//3251
f 3303//3303 3602//3602 3305//3305
f 3585//3585 3251//3251 3587//3587
f 3243//3243 3643//3643 3641//3641
f 3243//3243 3645//3645 3643//3643
f 3243//3243 3647//3647 3645//3645
f 3243//3243 3649//3649 3647//3647
f 3639//3639 3243//3243 3641//3641
f 3637//3637 3243//3243 3639//3639
f 3634//3634 3243//3243 3637//3637
f 3237//3237 3630//3630 3236//3236
f 3237//3237 3634//3634 3630//3630
f 3237//3237 3243//3243 3634//3634
f 3243//3243 3251//3251 3584//3584
f 3243//3243 3584//3584 3649//3649
f 3584//3584 3251//3251 3585//3585
f 3237//3237 3234//3234 3242//3242
f 3237//3237 3242//3242 3243//3243
f 3242//3242 3234//3234 3241//3241
f 3234//3234 3235//3235 3241//3241
f 3233//3233 3238//3238 3241//3241
f 3235//3235 3233//3233 3241//3241
f 3240//3240 3239//3239 3253//3253
f 3239//3239 3252//3252 3253//3253
f 3257//3257 3244//3244 3240//3240
f 3257//3257 3240//3240 3253//3253
f 3247//3247 3244//3244 3257//3257
f 3262//3262 3247//3247 3257//3257
f 3259//3259 3246//3246 3247//3247
f 3259//3259 3247//3247 3262//3262
f 3259//3259 3245//3245 3246//3246
f 3259//3259 3260//3260 3245//3245
f 3250//3250 3248//3248 3300//3300
f 3250//3250 3300//3300 3304//3304
f 3250//3250 3304//3304 3249//3249
f 3304//3304 3302//3302 3249//3249
f 3249//3249 3302//3302 3305//3305
f 3251//3251 3249//3249 3305//3305
f 3651//3651 3261//3261 3264//3264
f 3299//3299 3261//3261 3651//3651
f 3651//3651 3264//3264 3652//3652
f 3264//3264 3263//3263 3652//3652
f 3652//3652 3263//3263 3265//3265
f 3653//3653 3287//3287 3652//3652
f 3265//3265 3653//3653 3652//3652
f 3654//3654 3655//3655 3656//3656
f 3655//3655 3653//3653 3657//3657
f 3258//3258 3654//3654 3658//3658
f 3659//3659 3654//3654 3660//3660
f 3258//3258 3658//3658 3661//3661
f 3258//3258 3661//3661 3662//3662
f 3658//3658 3654//3654 3663//3663
f 3664//3664 3665//3665 3653//3653
f 3666//3666 3653//3653 3665//3665
f 3667//3667 3668//3668 3265//3265
f 3669//3669 3664//3664 3653//3653
f 3670//3670 3653//3653 3666//3666
f 3671//3671 3654//3654 3659//3659
f 3672//3672 3669//3669 3653//3653
f 3673//3673 3667//3667 3265//3265
f 3674//3674 3653//3653 3670//3670
f 3675//3675 3672//3672 3653//3653
f 3676//3676 3654//3654 3671//3671
f 3677//3677 3653//3653 3674//3674
f 3678//3678 3673//3673 3265//3265
f 3679//3679 3675//3675 3653//3653
f 3680//3680 3654//3654 3676//3676
f 3657//3657 3653//3653 3677//3677
f 3681//3681 3678//3678 3265//3265
f 3682//3682 3679//3679 3653//3653
f 3663//3663 3654//3654 3680//3680
f 3683//3683 3681//3681 3265//3265
f 3258//3258 3684//3684 3685//3685
f 3258//3258 3686//3686 3684//3684
f 3654//3654 3687//3687 3660//3660
f 3258//3258 3688//3688 3686//3686
f 3654//3654 3689//3689 3687//3687
f 3258//3258 3690//3690 3688//3688
f 3654//3654 3691//3691 3689//3689
f 3258//3258 3692//3692 3690//3690
f 3654//3654 3693//3693 3691//3691
f 3258//3258 3694//3694 3692//3692
f 3654//3654 3656//3656 3693//3693
f 3258//3258 3695//3695 3694//3694
f 3258//3258 3696//3696 3695//3695
f 3258//3258 3697//3697 3696//3696
f 3265//3265 3698//3698 3699//3699
f 3258//3258 3662//3662 3697//3697
f 3265//3265 3700//3700 3698//3698
f 3265//3265 3701//3701 3700//3700
f 3265//3265 3702//3702 3701//3701
f 3265//3265 3703//3703 3702//3702
f 3653//3653 3265//3265 3699//3699
f 3653//3653 3699//3699 3682//3682
f 3265//3265 3258//3258 3704//3704
f 3265//3265 3704//3704 3683//3683
f 3704//3704 3258//3258 3685//3685
f 3654//3654 3653//3653 3655//3655
f 3668//3668 3703//3703 3265//3265
f 3258//3258 3255//3255 3705//3705
f 3705//3705 3272//3272 3654//3654
f 3705//3705 3654//3654 3258//3258
f 3705//3705 3255//3255 3706//3706
f 3255//3255 3256//3256 3706//3706
f 3256//3256 3254//3254 3706//3706
f 3254//3254 3266//3266 3706//3706
f 3268//3268 3271//3271 3267//3267
f 3271//3271 3272//3272 3266//3266
f 3266//3266 3272//3272 3705//3705
f 3266//3266 3705//3705 3706//3706
f 3271//3271 3266//3266 3267//3267
f 3270//3270 3269//3269 3274//3274
f 3269//3269 3273//3273 3274//3274
f 3275//3275 3270//3270 3274//3274
f 3272//3272 3270//3270 3275//3275
f 3277//3277 3280//3280 3275//3275
f 3275//3275 3280//3280 3272//3272
f 3277//3277 3278//3278 3280//3280
f 3278//3278 3279//3279 3280//3280
f 3707//3707 3281//3281 3282//3282
f 3283//3283 3286//3286 3708//3708
f 3282//3282 3283//3283 3708//3708
f 3282//3282 3708//3708 3707//3707
f 3709//3709 3272//3272 3281//3281
f 3707//3707 3709//3709 3281//3281
f 3286//3286 3287//3287 3708//3708
f 3287//3287 3710//3710 3708//3708
f 3284//3284 3289//3289 3291//3291
f 3284//3284 3291//3291 3287//3287
f 3285//3285 3288//3288 3284//3284
f 3284//3284 3288//3288 3289//3289
f 3292//3292 3295//3295 3291//3291
f 3291//3291 3295//3295 3287//3287
f 3292//3292 3294//3294 3295//3295
f 3292//3292 3293//3293 3294//3294
f 3298//3298 3296//3296 3297//3297
f 3287//3287 3296//3296 3299//3299
f 3296//3296 3298//3298 3299//3299
f 3299//3299 3651//3651 3652//3652
f 3287//3287 3299//3299 3652//3652
f 3323//3323 3329//3329 3711//3711
f 3325//3325 3323//3323 3711//3711
f 3711//3711 3712//3712 3325//3325
f 3325//3325 3712//3712 3324//3324
f 3712//3712 3333//3333 3713//3713
f 3326//3326 3324//3324 3712//3712
f 3713//3713 3326//3326 3712//3712
f 3714//3714 3319//3319 3715//3715
f 3716//3716 3717//3717 3713//3713
f 3718//3718 3319//3319 3714//3714
f 3719//3719 3720//3720 3326//3326
f 3721//3721 3716//3716 3713//3713
f 3722//3722 3326//3326 3720//3720
f 3723//3723 3319//3319 3718//3718
f 3724//3724 3719//3719 3326//3326
f 3725//3725 3721//3721 3713//3713
f 3726//3726 3326//3326 3722//3722
f 3727//3727 3724//3724 3326//3326
f 3728//3728 3326//3326 3726//3726
f 3729//3729 3727//3727 3326//3326
f 3730//3730 3326//3326 3728//3728
f 3731//3731 3729//3729 3326//3326
f 3732//3732 3326//3326 3730//3730
f 3733//3733 3731//3731 3326//3326
f 3734//3734 3735//3735 3736//3736
f 3734//3734 3737//3737 3735//3735
f 3734//3734 3738//3738 3737//3737
f 3734//3734 3739//3739 3738//3738
f 3734//3734 3740//3740 3739//3739
f 3734//3734 3741//3741 3740//3740
f 3734//3734 3742//3742 3741//3741
f 3734//3734 3743//3743 3742//3742
f 3734//3734 3744//3744 3743//3743
f 3734//3734 3745//3745 3744//3744
f 3326//3326 3713//3713 3746//3746
f 3326//3326 3746//3746 3733//3733
f 3713//3713 3734//3734 3747//3747
f 3713//3713 3747//3747 3725//3725
f 3747//3747 3734//3734 3736//3736
f 3319//3319 3326//3326 3748//3748
f 3319//3319 3748//3748 3749//3749
f 3748//3748 3326//3326 3732//3732
f 3734//3734 3319//3319 3750//3750
f 3734//3734 3750//3750 3751//3751
f 3734//3734 3751//3751 3745//3745
f 3750//3750 3319//3319 3723//3723
f 3319//3319 3752//3752 3753//3753
f 3319//3319 3754//3754 3752//3752
f 3319//3319 3755//3755 3754//3754
f 3319//3319 3756//3756 3755//3755
f 3319//3319 3749//3749 3756//3756
f 3713//3713 3757//3757 3746//3746
f 3713//3713 3758//3758 3757//3757
f 3713//3713 3759//3759 3758//3758
f 3713//3713 3760//3760 3759//3759
f 3713//3713 3761//3761 3760//3760
f 3762//3762 3761//3761 3713//3713
f 3763//3763 3319//3319 3753//3753
f 3764//3764 3762//3762 3713//3713
f 3715//3715 3319//3319 3763//3763
f 3717//3717 3764//3764 3713//3713
f 3734//3734 3348//3348 3765//3765
f 3765//3765 3318//3318 3319//3319
f 3765//3765 3319//3319 3734//3734
f 3765//3765 3766//3766 3318//3318
f 3318//3318 3766//3766 3317//3317
f 3766//3766 3360//3360 3316//3316
f 3766//3766 3316//3316 3317//3317
f 3327//3327 3332//3332 3328//3328
f 3329//3329 3332//3332 3333//3333
f 3329//3329 3328//3328 3332//3332
f 3712//3712 3711//3711 3329//3329
f 3712//3712 3329//3329 3333//3333
f 3330//3330 3335//3335 3337//3337
f 3330//3330 3337//3337 3333//3333
f 3330//3330 3334//3334 3335//3335
f 3330//3330 3331//3331 3334//3334
f 3341//3341 3338//3338 3340//3340
f 3339//3339 3338//3338 3341//3341
f 3337//3337 3339//3339 3341//3341
f 3333//3333 3337//3337 3341//3341
f 3333//3333 3342//3342 3767//3767
f 3333//3333 3767//3767 3768//3768
f 3344//3344 3347//3347 3769//3769
f 3767//3767 3342//3342 3343//3343
f 3767//3767 3343//3343 3344//3344
f 3769//3769 3767//3767 3344//3344
f 3346//3346 3349//3349 3350//3350
f 3346//3346 3345//3345 3349//3349
f 3351//3351 3346//3346 3350//3350
f 3348//3348 3346//3346 3351//3351
f 3770//3770 3769//3769 3347//3347
f 3770//3770 3347//3347 3348//3348
f 3354//3354 3353//3353 3356//3356
f 3353//3353 3355//3355 3356//3356
f 3351//3351 3354//3354 3356//3356
f 3348//3348 3351//3351 3356//3356
f 3360//3360 3348//3348 3357//3357
f 3765//3765 3348//3348 3360//3360
f 3766//3766 3765//3765 3360//3360
f 3359//3359 3360//3360 3357//3357
f 3359//3359 3357//3357 3358//3358
f 3363//3363 3364//3364 3361//3361
f 3364//3364 3367//3367 3361//3361
f 3362//3362 3361//3361 3385//3385
f 3369//3369 3366//3366 3365//3365
f 3384//3384 3385//3385 3383//3383
f 3361//3361 3367//3367 3383//3383
f 3385//3385 3361//3361 3383//3383
f 3365//3365 3368//3368 3370//3370
f 3383//3383 3367//3367 3382//3382
f 3365//3365 3370//3370 3371//3371
f 3371//3371 3372//3372 3373//3373
f 3380//3380 3381//3381 3379//3379
f 3381//3381 3382//3382 3379//3379
f 3367//3367 3369//3369 3379//3379
f 3369//3369 3365//3365 3379//3379
f 3382//3382 3367//3367 3379//3379
f 3365//3365 3371//3371 3379//3379
f 3373//3373 3374//3374 3376//3376
f 3374//3374 3375//3375 3376//3376
f 3377//3377 3378//3378 3376//3376
f 3378//3378 3379//3379 3376//3376
f 3371//3371 3373//3373 3376//3376
f 3379//3379 3371//3371 3376//3376
f 3388//3388 3389//3389 3386//3386
f 3389//3389 3392//3392 3386//3386
f 3387//3387 3386//3386 3410//3410
f 3394//3394 3391//3391 3390//3390
f 3409//3409 3410//3410 3408//3408
f 3386//3386 3392//3392 3408//3408
f 3410//3410 3386//3386 3408//3408
f 3390//3390 3393//3393 3395//3395
f 3408//3408 3392//3392 3407//3407
f 3390//3390 3395//3395 3396//3396
f 3396//3396 3397//3397 3398//3398
f 3405//3405 3406//3406 3404//3404
f 3406//3406 3407//3407 3404//3404
f 3392//3392 3394//3394 3404//3404
f 3394//3394 3390//3390 3404//3404
f 3407//3407 3392//3392 3404//3404
f 3390//3390 3396//3396 3404//3404
f 3398//3398 3399//3399 3401//3401
f 3399//3399 3400//3400 3401//3401
f 3402//3402 3403//3403 3401//3401
f 3403//3403 3404//3404 3401//3401
f 3396//3396 3398//3398 3401//3401
f 3404//3404 3396//3396 3401//3401
f 3413//3413 3414//3414 3417//3417
f 3412//3412 3411//3411 3435//3435
f 3416//3416 3415//3415 3418//3418
f 3434//3434 3435//3435 3433//3433
f 3435//3435 3411//3411 3433//3433
f 3418//3418 3420//3420 3421//3421
f 3432//3432 3433//3433 3431//3431
f 3411//3411 3413//3413 3431//3431
f 3417//3417 3419//3419 3431//3431
f 3413//3413 3417//3417 3431//3431
f 3433//3433 3411//3411 3431//3431
f 3419//3419 3416//3416 3430//3430
f 3416//3416 3418//3418 3430//3430
f 3431//3431 3419//3419 3430//3430
f 3421//3421 3422//3422 3423//3423
f 3429//3429 3430//3430 3428//3428
f 3418//3418 3421//3421 3428//3428
f 3430//3430 3418//3418 3428//3428
f 3423//3423 3424//3424 3425//3425
f 3427//3427 3428//3428 3426//3426
f 3421//3421 3423//3423 3426//3426
f 3423//3423 3425//3425 3426//3426
f 3428//3428 3421//3421 3426//3426
f 3438//3438 3439//3439 3436//3436
f 3439//3439 3442//3442 3440//3440
f 3442//3442 3444//3444 3440//3440
f 3444//3444 3441//3441 3440//3440
f 3436//3436 3439//3439 3440//3440
f 3460//3460 3437//3437 3459//3459
f 3437//3437 3436//3436 3459//3459
f 3440//3440 3443//3443 3445//3445
f 3458//3458 3459//3459 3457//3457
f 3440//3440 3445//3445 3446//3446
f 3446//3446 3447//3447 3448//3448
f 3436//3436 3440//3440 3448//3448
f 3459//3459 3436//3436 3448//3448
f 3440//3440 3446//3446 3448//3448
f 3455//3455 3456//3456 3454//3454
f 3456//3456 3457//3457 3454//3454
f 3457//3457 3459//3459 3454//3454
f 3448//3448 3449//3449 3451//3451
f 3449//3449 3450//3450 3451//3451
f 3452//3452 3453//3453 3451//3451
f 3453//3453 3454//3454 3451//3451
f 3459//3459 3448//3448 3451//3451
f 3454//3454 3459//3459 3451//3451
f 3463//3463 3464//3464 3461//3461
f 3464//3464 3467//3467 3461//3461
f 3462//3462 3461//3461 3485//3485
f 3466//3466 3465//3465 3468//3468
f 3467//3467 3469//3469 3468//3468
f 3469//3469 3466//3466 3468//3468
f 3461//3461 3467//3467 3468//3468
f 3468//3468 3470//3470 3471//3471
f 3482//3482 3483//3483 3481//3481
f 3483//3483 3484//3484 3481//3481
f 3471//3471 3472//3472 3473//3473
f 3480//3480 3481//3481 3473//3473
f 3484//3484 3485//3485 3473//3473
f 3485//3485 3461//3461 3473//3473
f 3461//3461 3468//3468 3473//3473
f 3481//3481 3484//3484 3473//3473
f 3468//3468 3471//3471 3473//3473
f 3479//3479 3480//3480 3478//3478
f 3473//3473 3474//3474 3475//3475
f 3480//3480 3473//3473 3475//3475
f 3478//3478 3480//3480 3475//3475
f 3478//3478 3475//3475 3477//3477
f 3477//3477 3475//3475 3476//3476
f 3488//3488 3489//3489 3486//3486
f 3489//3489 3492//3492 3490//3490
f 3492//3492 3494//3494 3490//3490
f 3494//3494 3491//3491 3490//3490
f 3486//3486 3489//3489 3490//3490
f 3510//3510 3487//3487 3509//3509
f 3487//3487 3486//3486 3509//3509
f 3490//3490 3493//3493 3495//3495
f 3508//3508 3509//3509 3507//3507
f 3490//3490 3495//3495 3496//3496
f 3496//3496 3497//3497 3498//3498
f 3486//3486 3490//3490 3498//3498
f 3509//3509 3486//3486 3498//3498
f 3490//3490 3496//3496 3498//3498
f 3505//3505 3506//3506 3504//3504
f 3506//3506 3507//3507 3504//3504
f 3507//3507 3509//3509 3504//3504
f 3498//3498 3499//3499 3501//3501
f 3499//3499 3500//3500 3501//3501
f 3502//3502 3503//3503 3501//3501
f 3503//3503 3504//3504 3501//3501
f 3509//3509 3498//3498 3501//3501
f 3504//3504 3509//3509 3501//3501
f 3513//3513 3514//3514 3517//3517
f 3517//3517 3519//3519 3516//3516
f 3512//3512 3511//3511 3535//3535
f 3516//3516 3515//3515 3518//3518
f 3533//3533 3534//3534 3532//3532
f 3534//3534 3535//3535 3532//3532
f 3535//3535 3511//3511 3532//3532
f 3518//3518 3520//3520 3521//3521
f 3511//3511 3513//3513 3531//3531
f 3513//3513 3517//3517 3531//3531
f 3517//3517 3516//3516 3531//3531
f 3532//3532 3511//3511 3531//3531
f 3531//3531 3516//3516 3530//3530
f 3521//3521 3522//3522 3523//3523
f 3518//3518 3521//3521 3523//3523
f 3516//3516 3518//3518 3529//3529
f 3530//3530 3516//3516 3529//3529
f 3523//3523 3524//3524 3525//3525
f 3518//3518 3523//3523 3525//3525
f 3529//3529 3518//3518 3525//3525
f 3528//3528 3529//3529 3527//3527
f 3529//3529 3525//3525 3527//3527
f 3527//3527 3525//3525 3526//3526
f 3538//3538 3539//3539 3542//3542
f 3542//3542 3544//3544 3541//3541
f 3537//3537 3536//3536 3560//3560
f 3536//3536 3538//3538 3560//3560
f 3541//3541 3540//3540 3543//3543
f 3538//3538 3542//3542 3543//3543
f 3542//3542 3541//3541 3543//3543
f 3559//3559 3560//3560 3558//3558
f 3543//3543 3545//3545 3546//3546
f 3538//3538 3543//3543 3546//3546
f 3557//3557 3558//3558 3556//3556
f 3546//3546 3547//3547 3548//3548
f 3560//3560 3538//3538 3548//3548
f 3538//3538 3546//3546 3548//3548
f 3555//3555 3556//3556 3554//3554
f 3560//3560 3548//3548 3549//3549
f 3553//3553 3554//3554 3552//3552
f 3549//3549 3550//3550 3551//3551
f 3558//3558 3560//3560 3551//3551
f 3556//3556 3558//3558 3551//3551
f 3554//3554 3556//3556 3551//3551
f 3560//3560 3549//3549 3551//3551
f 3552//3552 3554//3554 3551//3551
f 3610//3610 3611//3611 3771//3771
f 3611//3611 3612//3612 3772//3772
f 3612//3612 3613//3613 3772//3772
f 3608//3608 3609//3609 3773//3773
f 3613//3613 3614//3614 3774//3774
f 3771//3771 3611//3611 3775//3775
f 3607//3607 3608//3608 3776//3776
f 3614//3614 3615//3615 3777//3777
f 3778//3778 3775//3775 3779//3779
f 3607//3607 3776//3776 3606//3606
f 3611//3611 3772//3772 3780//3780
f 3772//3772 3781//3781 3780//3780
f 3775//3775 3611//3611 3780//3780
f 3779//3779 3775//3775 3780//3780
f 3780//3780 3781//3781 3782//3782
f 3777//3777 3615//3615 3616//3616
f 3778//3778 3779//3779 3783//3783
f 3780//3780 3782//3782 3784//3784
f 3784//3784 3782//3782 3785//3785
f 3605//3605 3606//3606 3786//3786
f 3787//3787 3616//3616 3617//3617
f 3788//3788 3783//3783 3789//3789
f 3787//3787 3617//3617 3790//3790
f 3605//3605 3786//3786 3604//3604
f 3786//3786 3791//3791 3604//3604
f 3785//3785 3790//3790 3792//3792
f 3784//3784 3785//3785 3792//3792
f 3604//3604 3793//3793 3603//3603
f 3791//3791 3789//3789 3794//3794
f 3604//3604 3791//3791 3794//3794
f 3793//3793 3604//3604 3794//3794
f 3792//3792 3790//3790 3795//3795
f 3790//3790 3617//3617 3795//3795
f 3617//3617 3618//3618 3795//3795
f 3618//3618 3796//3796 3795//3795
f 3796//3796 3618//3618 3619//3619
f 3793//3793 3794//3794 3797//3797
f 3795//3795 3796//3796 3798//3798
f 3799//3799 3619//3619 3620//3620
f 3797//3797 3794//3794 3800//3800
f 3797//3797 3800//3800 3801//3801
f 3601//3601 3802//3802 3600//3600
f 3795//3795 3798//3798 3803//3803
f 3798//3798 3804//3804 3803//3803
f 3600//3600 3805//3805 3598//3598
f 3803//3803 3804//3804 3806//3806
f 3807//3807 3801//3801 3808//3808
f 3801//3801 3800//3800 3808//3808
f 3809//3809 3621//3621 3622//3622
f 3803//3803 3806//3806 3810//3810
f 3807//3807 3808//3808 3811//3811
f 3812//3812 3622//3622 3623//3623
f 3811//3811 3808//3808 3813//3813
f 3814//3814 3811//3811 3594//3594
f 3811//3811 3813//3813 3594//3594
f 3596//3596 3814//3814 3594//3594
f 3810//3810 3815//3815 3816//3816
f 3815//3815 3812//3812 3624//3624
f 3812//3812 3623//3623 3624//3624
f 3816//3816 3815//3815 3624//3624
f 3592//3592 3594//3594 3817//3817
f 3594//3594 3813//3813 3817//3817
f 3817//3817 3813//3813 3818//3818
f 3816//3816 3624//3624 3819//3819
f 3820//3820 3816//3816 3819//3819
f 3819//3819 3624//3624 3625//3625
f 3818//3818 3813//3813 3821//3821
f 3592//3592 3817//3817 3590//3590
f 3816//3816 3820//3820 3822//3822
f 3822//3822 3820//3820 3823//3823
f 3824//3824 3625//3625 3626//3626
f 3590//3590 3825//3825 3588//3588
f 3826//3826 3821//3821 3827//3827
f 3826//3826 3827//3827 3828//3828
f 3822//3822 3823//3823 3829//3829
f 3824//3824 3626//3626 3627//3627
f 3822//3822 3829//3829 3830//3830
f 3588//3588 3831//3831 3586//3586
f 3832//3832 3627//3627 3628//3628
f 3828//3828 3827//3827 3833//3833
f 3830//3830 3829//3829 3834//3834
f 3833//3833 3827//3827 3835//3835
f 3586//3586 3831//3831 3582//3582
f 3830//3830 3834//3834 3836//3836
f 3837//3837 3628//3628 3629//3629
f 3833//3833 3835//3835 3583//3583
f 3582//3582 3838//3838 3583//3583
f 3838//3838 3833//3833 3583//3583
f 3835//3835 3839//3839 3840//3840
f 3836//3836 3841//3841 3842//3842
f 3834//3834 3837//3837 3631//3631
f 3836//3836 3834//3834 3631//3631
f 3837//3837 3629//3629 3631//3631
f 3842//3842 3841//3841 3843//3843
f 3836//3836 3631//3631 3844//3844
f 3841//3841 3836//3836 3844//3844
f 3835//3835 3840//3840 3845//3845
f 3583//3583 3835//3835 3650//3650
f 3835//3835 3845//3845 3650//3650
f 3846//3846 3839//3839 3847//3847
f 3844//3844 3631//3631 3632//3632
f 3848//3848 3842//3842 3849//3849
f 3842//3842 3843//3843 3849//3849
f 3847//3847 3850//3850 3851//3851
f 3846//3846 3847//3847 3851//3851
f 3650//3650 3845//3845 3648//3648
f 3848//3848 3849//3849 3852//3852
f 3850//3850 3848//3848 3852//3852
f 3851//3851 3850//3850 3853//3853
f 3854//3854 3632//3632 3633//3633
f 3648//3648 3855//3855 3646//3646
f 3854//3854 3633//3633 3635//3635
f 3856//3856 3854//3854 3635//3635
f 3856//3856 3635//3635 3636//3636
f 3644//3644 3857//3857 3642//3642
f 3850//3850 3852//3852 3638//3638
f 3853//3853 3850//3850 3638//3638
f 3858//3858 3853//3853 3638//3638
f 3852//3852 3859//3859 3638//3638
f 3859//3859 3636//3636 3638//3638
f 3858//3858 3638//3638 3640//3640
f 3642//3642 3858//3858 3640//3640
f 3616//3616 3787//3787 3777//3777
f 3614//3614 3777//3777 3774//3774
f 3613//3613 3774//3774 3772//3772
f 3628//3628 3837//3837 3832//3832
f 3627//3627 3832//3832 3824//3824
f 3625//3625 3824//3824 3819//3819
f 3622//3622 3812//3812 3809//3809
f 3620//3620 3809//3809 3799//3799
f 3621//3621 3809//3809 3620//3620
f 3619//3619 3799//3799 3796//3796
f 3810//3810 3806//3806 3815//3815
f 3610//3610 3771//3771 3773//3773
f 3609//3609 3610//3610 3773//3773
f 3608//3608 3773//3773 3776//3776
f 3606//3606 3776//3776 3786//3786
f 3783//3783 3788//3788 3778//3778
f 3789//3789 3791//3791 3788//3788
f 3590//3590 3817//3817 3825//3825
f 3588//3588 3825//3825 3831//3831
f 3582//3582 3831//3831 3838//3838
f 3821//3821 3826//3826 3818//3818
f 3648//3648 3845//3845 3855//3855
f 3646//3646 3855//3855 3857//3857
f 3644//3644 3646//3646 3857//3857
f 3642//3642 3857//3857 3858//3858
f 3839//3839 3846//3846 3840//3840
f 3636//3636 3859//3859 3856//3856
f 3632//3632 3854//3854 3844//3844
f 3603//3603 3793//3793 3802//3802
f 3601//3601 3603//3603 3802//3802
f 3600//3600 3802//3802 3805//3805
f 3598//3598 3805//3805 3814//3814
f 3596//3596 3598//3598 3814//3814
f 3654//3654 3272//3272 3709//3709
f 3710//3710 3287//3287 3653//3653
f 3710//3710 3653//3653 3654//3654
f 3709//3709 3710//3710 3654//3654
f 3860//3860 3861//3861 3655//3655
f 3860//3860 3655//3655 3657//3657
f 3862//3862 3860//3860 3657//3657
f 3862//3862 3657//3657 3677//3677
f 3863//3863 3862//3862 3677//3677
f 3863//3863 3677//3677 3674//3674
f 3863//3863 3674//3674 3670//3670
f 3864//3864 3863//3863 3670//3670
f 3864//3864 3670//3670 3666//3666
f 3865//3865 3864//3864 3666//3666
f 3865//3865 3666//3666 3665//3665
f 3866//3866 3865//3865 3665//3665
f 3866//3866 3665//3665 3664//3664
f 3867//3867 3866//3866 3664//3664
f 3867//3867 3664//3664 3669//3669
f 3868//3868 3867//3867 3669//3669
f 3868//3868 3669//3669 3672//3672
f 3869//3869 3868//3868 3672//3672
f 3869//3869 3672//3672 3675//3675
f 3870//3870 3869//3869 3675//3675
f 3870//3870 3675//3675 3679//3679
f 3871//3871 3870//3870 3679//3679
f 3871//3871 3679//3679 3682//3682
f 3872//3872 3871//3871 3682//3682
f 3872//3872 3682//3682 3699//3699
f 3873//3873 3872//3872 3699//3699
f 3873//3873 3699//3699 3698//3698
f 3874//3874 3873//3873 3698//3698
f 3874//3874 3698//3698 3700//3700
f 3875//3875 3700//3700 3701//3701
f 3875//3875 3874//3874 3700//3700
f 3876//3876 3701//3701 3702//3702
f 3876//3876 3875//3875 3701//3701
f 3877//3877 3702//3702 3703//3703
f 3877//3877 3876//3876 3702//3702
f 3878//3878 3877//3877 3703//3703
f 3879//3879 3703//3703 3668//3668
f 3879//3879 3878//3878 3703//3703
f 3880//3880 3668//3668 3667//3667
f 3880//3880 3667//3667 3673//3673
f 3880//3880 3879//3879 3668//3668
f 3881//3881 3673//3673 3678//3678
f 3881//3881 3880//3880 3673//3673
f 3882//3882 3881//3881 3678//3678
f 3883//3883 3678//3678 3681//3681
f 3883//3883 3681//3681 3683//3683
f 3883//3883 3882//3882 3678//3678
f 3884//3884 3883//3883 3683//3683
f 3885//3885 3884//3884 3683//3683
f 3885//3885 3683//3683 3704//3704
f 3885//3885 3704//3704 3685//3685
f 3886//3886 3885//3885 3685//3685
f 3887//3887 3886//3886 3685//3685
f 3887//3887 3685//3685 3684//3684
f 3888//3888 3887//3887 3684//3684
f 3888//3888 3684//3684 3686//3686
f 3888//3888 3686//3686 3688//3688
f 3889//3889 3888//3888 3688//3688
f 3889//3889 3688//3688 3690//3690
f 3890//3890 3889//3889 3690//3690
f 3891//3891 3890//3890 3690//3690
f 3891//3891 3690//3690 3692//3692
f 3891//3891 3692//3692 3694//3694
f 3892//3892 3891//3891 3694//3694
f 3892//3892 3694//3694 3695//3695
f 3893//3893 3892//3892 3695//3695
f 3893//3893 3695//3695 3696//3696
f 3894//3894 3893//3893 3696//3696
f 3894//3894 3696//3696 3697//3697
f 3895//3895 3894//3894 3697//3697
f 3895//3895 3697//3697 3662//3662
f 3896//3896 3895//3895 3662//3662
f 3897//3897 3896//3896 3662//3662
f 3897//3897 3662//3662 3661//3661
f 3897//3897 3661//3661 3658//3658
f 3898//3898 3897//3897 3658//3658
f 3898//3898 3658//3658 3663//3663
f 3899//3899 3898//3898 3663//3663
f 3899//3899 3663//3663 3680//3680
f 3900//3900 3899//3899 3680//3680
f 3900//3900 3680//3680 3676//3676
f 3901//3901 3900//3900 3676//3676
f 3902//3902 3901//3901 3676//3676
f 3902//3902 3676//3676 3671//3671
f 3902//3902 3671//3671 3659//3659
f 3903//3903 3902//3902 3659//3659
f 3903//3903 3659//3659 3660//3660
f 3904//3904 3903//3903 3660//3660
f 3904//3904 3660//3660 3687//3687
f 3905//3905 3904//3904 3687//3687
f 3905//3905 3687//3687 3689//3689
f 3906//3906 3905//3905 3689//3689
f 3906//3906 3689//3689 3691//3691
f 3907//3907 3906//3906 3691//3691
f 3908//3908 3907//3907 3691//3691
f 3908//3908 3691//3691 3693//3693
f 3909//3909 3656//3656 3655//3655
f 3909//3909 3908//3908 3693//3693
f 3909//3909 3693//3693 3656//3656
f 3861//3861 3909//3909 3655//3655
f 3710//3710 3709//3709 3707//3707
f 3708//3708 3710//3710 3707//3707
f 3770//3770 3348//3348 3734//3734
f 3713//3713 3333//3333 3768//3768
f 3734//3734 3713//3713 3768//3768
f 3734//3734 3768//3768 3770//3770
f 3910//3910 3911//3911 3748//3748
f 3910//3910 3748//3748 3732//3732
f 3912//3912 3910//3910 3732//3732
f 3912//3912 3732//3732 3730//3730
f 3913//3913 3912//3912 3730//3730
f 3913//3913 3730//3730 3728//3728
f 3913//3913 3728//3728 3726//3726
f 3914//3914 3913//3913 3726//3726
f 3914//3914 3726//3726 3722//3722
f 3915//3915 3914//3914 3722//3722
f 3915//3915 3722//3722 3720//3720
f 3916//3916 3915//3915 3720//3720
f 3916//3916 3720//3720 3719//3719
f 3917//3917 3916//3916 3719//3719
f 3917//3917 3719//3719 3724//3724
f 3918//3918 3917//3917 3724//3724
f 3918//3918 3724//3724 3727//3727
f 3919//3919 3918//3918 3727//3727
f 3919//3919 3727//3727 3729//3729
f 3920//3920 3919//3919 3729//3729
f 3920//3920 3729//3729 3731//3731
f 3921//3921 3920//3920 3731//3731
f 3921//3921 3731//3731 3733//3733
f 3922//3922 3921//3921 3733//3733
f 3922//3922 3733//3733 3746//3746
f 3923//3923 3922//3922 3746//3746
f 3923//3923 3746//3746 3757//3757
f 3924//3924 3923//3923 3757//3757
f 3924//3924 3757//3757 3758//3758
f 3925//3925 3758//3758 3759//3759
f 3925//3925 3924//3924 3758//3758
f 3926//3926 3759//3759 3760//3760
f 3926//3926 3925//3925 3759//3759
f 3927//3927 3760//3760 3761//3761
f 3927//3927 3926//3926 3760//3760
f 3928//3928 3927//3927 3761//3761
f 3929//3929 3761//3761 3762//3762
f 3929//3929 3928//3928 3761//3761
f 3930//3930 3762//3762 3764//3764
f 3930//3930 3764//3764 3717//3717
f 3930//3930 3929//3929 3762//3762
f 3931//3931 3717//3717 3716//3716
f 3931//3931 3930//3930 3717//3717
f 3932//3932 3931//3931 3716//3716
f 3933//3933 3716//3716 3721//3721
f 3933//3933 3721//3721 3725//3725
f 3933//3933 3932//3932 3716//3716
f 3934//3934 3933//3933 3725//3725
f 3935//3935 3934//3934 3725//3725
f 3935//3935 3725//3725 3747//3747
f 3935//3935 3747//3747 3736//3736
f 3936//3936 3935//3935 3736//3736
f 3937//3937 3936//3936 3736//3736
f 3937//3937 3736//3736 3735//3735
f 3938//3938 3937//3937 3735//3735
f 3938//3938 3735//3735 3737//3737
f 3938//3938 3737//3737 3738//3738
f 3939//3939 3938//3938 3738//3738
f 3939//3939 3738//3738 3739//3739
f 3940//3940 3939//3939 3739//3739
f 3941//3941 3940//3940 3739//3739
f 3941//3941 3739//3739 3740//3740
f 3941//3941 3740//3740 3741//3741
f 3942//3942 3941//3941 3741//3741
f 3942//3942 3741//3741 3742//3742
f 3943//3943 3942//3942 3742//3742
f 3943//3943 3742//3742 3743//3743
f 3944//3944 3943//3943 3743//3743
f 3944//3944 3743//3743 3744//3744
f 3945//3945 3944//3944 3744//3744
f 3945//3945 3744//3744 3745//3745
f 3946//3946 3945//3945 3745//3745
f 3947//3947 3946//3946 3745//3745
f 3947//3947 3745//3745 3751//3751
f 3947//3947 3751//3751 3750//3750
f 3948//3948 3947//3947 3750//3750
f 3948//3948 3750//3750 3723//3723
f 3949//3949 3948//3948 3723//3723
f 3949//3949 3723//3723 3718//3718
f 3950//3950 3949//3949 3718//3718
f 3950//3950 3718//3718 3714//3714
f 3951//3951 3950//3950 3714//3714
f 3952//3952 3951//3951 3714//3714
f 3952//3952 3714//3714 3715//3715
f 3952//3952 3715//3715 3763//3763
f 3953//3953 3952//3952 3763//3763
f 3953//3953 3763//3763 3753//3753
f 3954//3954 3953//3953 3753//3753
f 3954//3954 3753//3753 3752//3752
f 3955//3955 3954//3954 3752//3752
f 3955//3955 3752//3752 3754//3754
f 3956//3956 3955//3955 3754//3754
f 3956//3956 3754//3754 3755//3755
f 3957//3957 3956//3956 3755//3755
f 3958//3958 3957//3957 3755//3755
f 3958//3958 3755//3755 3756//3756
f 3959//3959 3749//3749 3748//3748
f 3959//3959 3958//3958 3756//3756
f 3959//3959 3756//3756 3749//3749
f 3911//3911 3959//3959 3748//3748
f 3767//3767 3769//3769 3770//3770
f 3768//3768 3767//3767 3770//3770
f 3960//3960 3961//3961 3962//3962
f 3960//3960 3962//3962 3963//3963
f 3964//3964 3960//3960 3963//3963
f 3965//3965 3964//3964 3963//3963
f 3965//3965 3963//3963 3966//3966
f 3855//3855 3845//3845 3965//3965
f 3855//3855 3965//3965 3966//3966
f 3855//3855 3966//3966 3967//3967
f 3855//3855 3967//3967 3968//3968
f 3857//3857 3855//3855 3968//3968
f 3857//3857 3968//3968 3969//3969
f 3970//3970 3857//3857 3969//3969
f 3970//3970 3969//3969 3971//3971
f 3858//3858 3857//3857 3970//3970
f 3972//3972 3970//3970 3971//3971
f 3972//3972 3971//3971 3973//3973
f 3974//3974 3972//3972 3973//3973
f 3975//3975 3974//3974 3973//3973
f 3975//3975 3973//3973 3976//3976
f 3975//3975 3976//3976 3977//3977
f 3856//3856 3859//3859 3975//3975
f 3856//3856 3975//3975 3977//3977
f 3854//3854 3856//3856 3977//3977
f 3854//3854 3977//3977 3978//3978
f 3979//3979 3854//3854 3978//3978
f 3979//3979 3978//3978 3980//3980
f 3979//3979 3980//3980 3981//3981
f 3844//3844 3854//3854 3979//3979
f 3982//3982 3979//3979 3981//3981
f 3983//3983 3981//3981 3984//3984
f 3983//3983 3982//3982 3981//3981
f 3985//3985 3984//3984 3986//3986
f 3985//3985 3983//3983 3984//3984
f 3832//3832 3837//3837 3985//3985
f 3832//3832 3986//3986 3987//3987
f 3832//3832 3985//3985 3986//3986
f 3824//3824 3987//3987 3988//3988
f 3824//3824 3832//3832 3987//3987
f 3989//3989 3824//3824 3988//3988
f 3989//3989 3988//3988 3990//3990
f 3989//3989 3990//3990 3991//3991
f 3819//3819 3824//3824 3989//3989
f 3992//3992 3989//3989 3991//3991
f 3993//3993 3992//3992 3991//3991
f 3993//3993 3991//3991 3994//3994
f 3995//3995 3993//3993 3994//3994
f 3995//3995 3994//3994 3996//3996
f 3809//3809 3995//3995 3996//3996
f 3809//3809 3812//3812 3995//3995
f 3809//3809 3996//3996 3997//3997
f 3799//3799 3809//3809 3997//3997
f 3799//3799 3997//3997 3998//3998
f 3799//3799 3998//3998 3999//3999
f 4000//4000 3799//3799 3999//3999
f 4000//4000 3999//3999 4001//4001
f 3796//3796 3799//3799 4000//4000
f 4002//4002 4000//4000 4001//4001
f 4002//4002 4001//4001 4003//4003
f 4004//4004 4002//4002 4003//4003
f 4005//4005 4004//4004 4003//4003
f 4005//4005 4003//4003 4006//4006
f 4005//4005 4006//4006 4007//4007
f 3777//3777 3787//3787 4005//4005
f 3777//3777 4005//4005 4007//4007
f 3777//3777 4007//4007 4008//4008
f 3774//3774 3777//3777 4008//4008
f 3774//3774 4008//4008 4009//4009
f 4010//4010 3774//3774 4009//4009
f 4010//4010 4009//4009 4011//4011
f 3772//3772 3774//3774 4010//4010
f 4012//4012 4010//4010 4011//4011
f 4012//4012 4011//4011 4013//4013
f 4014//4014 4012//4012 4013//4013
f 4015//4015 4014//4014 4013//4013
f 4015//4015 4013//4013 4016//4016
f 4015//4015 4016//4016 4017//4017
f 3773//3773 3771//3771 4015//4015
f 3773//3773 4015//4015 4017//4017
f 3773//3773 4017//4017 4018//4018
f 3776//3776 3773//3773 4018//4018
f 3776//3776 4018//4018 4019//4019
f 3776//3776 4019//4019 4020//4020
f 4021//4021 4020//4020 4022//4022
f 4021//4021 3776//3776 4020//4020
f 3786//3786 3776//3776 4021//4021
f 4023//4023 4022//4022 4024//4024
f 4023//4023 4021//4021 4022//4022
f 4025//4025 4023//4023 4024//4024
f 4026//4026 4024//4024 4027//4027
f 4026//4026 4027//4027 4028//4028
f 4026//4026 4025//4025 4024//4024
f 3802//3802 4028//4028 4029//4029
f 3802//3802 4026//4026 4028//4028
f 3802//3802 3793//3793 4026//4026
f 3805//3805 4029//4029 4030//4030
f 3805//3805 3802//3802 4029//4029
f 4031//4031 4030//4030 4032//4032
f 4031//4031 4032//4032 4033//4033
f 4031//4031 3805//3805 4030//4030
f 3814//3814 3805//3805 4031//4031
f 4034//4034 4031//4031 4033//4033
f 4035//4035 4033//4033 4036//4036
f 4035//4035 4034//4034 4033//4033
f 4037//4037 4036//4036 4038//4038
f 4037//4037 4035//4035 4036//4036
f 3825//3825 4038//4038 4039//4039
f 3825//3825 4037//4037 4038//4038
f 3825//3825 3817//3817 4037//4037
f 3831//3831 4039//4039 4040//4040
f 3831//3831 3825//3825 4039//4039
f 4041//4041 4040//4040 4042//4042
f 4041//4041 3831//3831 4040//4040
f 4043//4043 4042//4042 3962//3962
f 4043//4043 4041//4041 4042//4042
f 3838//3838 3831//3831 4041//4041
f 4044//4044 4043//4043 3962//3962
f 3961//3961 4044//4044 3962//3962
f 4010//4010 4045//4045 3781//3781
f 3772//3772 4010//4010 3781//3781
f 4046//4046 3801//3801 3807//3807
f 4046//4046 3807//3807 4047//4047
f 4048//4048 4046//4046 4047//4047
f 4049//4049 3815//3815 3806//3806
f 4050//4050 4051//4051 4052//4052
f 4047//4047 3807//3807 3811//3811
f 4053//4053 4049//4049 3806//3806
f 4054//4054 4053//4053 3806//3806
f 4048//4048 4047//4047 4055//4055
f 4054//4054 3806//3806 3804//3804
f 4056//4056 4050//4050 4057//4057
f 4050//4050 4052//4052 4057//4057
f 4058//4058 4054//4054 4059//4059
f 4048//4048 4055//4055 4060//4060
f 4054//4054 3804//3804 4059//4059
f 4056//4056 4057//4057 4061//4061
f 4062//4062 4048//4048 4060//4060
f 4059//4059 3804//3804 3798//3798
f 4062//4062 4060//4060 4063//4063
f 4058//4058 4059//4059 4064//4064
f 4061//4061 3840//3840 3846//3846
f 4065//4065 4058//4058 4066//4066
f 4056//4056 4061//4061 3846//3846
f 4067//4067 4056//4056 3846//3846
f 4058//4058 4064//4064 4066//4066
f 4063//4063 3818//3818 3826//3826
f 4062//4062 4063//4063 3826//3826
f 4065//4065 4066//4066 4068//4068
f 4069//4069 4062//4062 3826//3826
f 4067//4067 3846//3846 3851//3851
f 4069//4069 3826//3826 3828//3828
f 4067//4067 3851//3851 4070//4070
f 4071//4071 4067//4067 4070//4070
f 4069//4069 3828//3828 4072//4072
f 4050//4050 4069//4069 4072//4072
f 4070//4070 3851//3851 3853//3853
f 4068//4068 3790//3790 3785//3785
f 4073//4073 4065//4065 3785//3785
f 4050//4050 4072//4072 4074//4074
f 4065//4065 4068//4068 3785//3785
f 4071//4071 4070//4070 4075//4075
f 4072//4072 3828//3828 3833//3833
f 4073//4073 3785//3785 3782//3782
f 4050//4050 4074//4074 4076//4076
f 4071//4071 4075//4075 4077//4077
f 4050//4050 4076//4076 4051//4051
f 4073//4073 3782//3782 4045//4045
f 4078//4078 4071//4071 4077//4077
f 4079//4079 4073//4073 4045//4045
f 4078//4078 4077//4077 4080//4080
f 4045//4045 3782//3782 3781//3781
f 4081//4081 4078//4078 4080//4080
f 4079//4079 4045//4045 4082//4082
f 4080//4080 3852//3852 3849//3849
f 4079//4079 4082//4082 4083//4083
f 4081//4081 4080//4080 3849//3849
f 4084//4084 4079//4079 4083//4083
f 4081//4081 3849//3849 3843//3843
f 4084//4084 4083//4083 4085//4085
f 4081//4081 3843//3843 4086//4086
f 4087//4087 4081//4081 4086//4086
f 4086//4086 3843//3843 3841//3841
f 4087//4087 4086//4086 4088//4088
f 4084//4084 4085//4085 3778//3778
f 4085//4085 3775//3775 3778//3778
f 4089//4089 4084//4084 3778//3778
f 4087//4087 4088//4088 4090//4090
f 4089//4089 3778//3778 3788//3788
f 4091//4091 4089//4089 3788//3788
f 4087//4087 4090//4090 4092//4092
f 4093//4093 4087//4087 4092//4092
f 4091//4091 3788//3788 4094//4094
f 4095//4095 4091//4091 4094//4094
f 4094//4094 3788//3788 3791//3791
f 4092//4092 3834//3834 3829//3829
f 4093//4093 4092//4092 3829//3829
f 4096//4096 4093//4093 3829//3829
f 4095//4095 4094//4094 4097//4097
f 4096//4096 3829//3829 3823//3823
f 4095//4095 4097//4097 4098//4098
f 4096//4096 3823//3823 4099//4099
f 4100//4100 4096//4096 4099//4099
f 4099//4099 3823//3823 3820//3820
f 4095//4095 4098//4098 4101//4101
f 4102//4102 4095//4095 4101//4101
f 4100//4100 4099//4099 4103//4103
f 4100//4100 4103//4103 4104//4104
f 4102//4102 4101//4101 3801//3801
f 4101//4101 3797//3797 3801//3801
f 4046//4046 4102//4102 3801//3801
f 4100//4100 4104//4104 4049//4049
f 4053//4053 4100//4100 4049//4049
f 3790//3790 4068//4068 4005//4005
f 3790//3790 4005//4005 3787//3787
f 3989//3989 4099//4099 3820//3820
f 3819//3819 3989//3989 3820//3820
f 3834//3834 3985//3985 3837//3837
f 3834//3834 4092//4092 3985//3985
f 4000//4000 4059//4059 3798//3798
f 3796//3796 4000//4000 3798//3798
f 3815//3815 4049//4049 3995//3995
f 3815//3815 3995//3995 3812//3812
f 4021//4021 4094//4094 3791//3791
f 3786//3786 4021//4021 3791//3791
f 3775//3775 4085//4085 4015//4015
f 3775//3775 4015//4015 3771//3771
f 4041//4041 4072//4072 3833//3833
f 3838//3838 4041//4041 3833//3833
f 3818//3818 4063//4063 4037//4037
f 3818//3818 4037//4037 3817//3817
f 4105//4105 3803//3803 3810//3810
f 4106//4106 4107//4107 3816//3816
f 4107//4107 3810//3810 3816//3816
f 4108//4108 4109//4109 3835//3835
f 4106//4106 3816//3816 3822//3822
f 4110//4110 4106//4106 3822//3822
f 4111//4111 4110//4110 4112//4112
f 4110//4110 3822//3822 4112//4112
f 4113//4113 4108//4108 3827//3827
f 4114//4114 4113//4113 3827//3827
f 4108//4108 3835//3835 3827//3827
f 4112//4112 3822//3822 3830//3830
f 4112//4112 3830//3830 4115//4115
f 4116//4116 4114//4114 3821//3821
f 4117//4117 4116//4116 3821//3821
f 4114//4114 3827//3827 3821//3821
f 4118//4118 4119//4119 4120//4120
f 4120//4120 4121//4121 3836//3836
f 4121//4121 4115//4115 3836//3836
f 4122//4122 4117//4117 3813//3813
f 4115//4115 3830//3830 3836//3836
f 4117//4117 3821//3821 3813//3813
f 4123//4123 4122//4122 3808//3808
f 4124//4124 4123//4123 3808//3808
f 4125//4125 4118//4118 3842//3842
f 4122//4122 3813//3813 3808//3808
f 4118//4118 4120//4120 3842//3842
f 4120//4120 3836//3836 3842//3842
f 4126//4126 4124//4124 3800//3800
f 4124//4124 3808//3808 3800//3800
f 4127//4127 4125//4125 3848//3848
f 4126//4126 3800//3800 4128//4128
f 4129//4129 4127//4127 3848//3848
f 4130//4130 4126//4126 4128//4128
f 4125//4125 3842//3842 3848//3848
f 4131//4131 4129//4129 3850//3850
f 4129//4129 3848//3848 3850//3850
f 4132//4132 4128//4128 3794//3794
f 4133//4133 4132//4132 3794//3794
f 4128//4128 3800//3800 3794//3794
f 4134//4134 4131//4131 3847//3847
f 4135//4135 4134//4134 3847//3847
f 4131//4131 3850//3850 3847//3847
f 4136//4136 4137//4137 4138//4138
f 4133//4133 3794//3794 3789//3789
f 4138//4138 4133//4133 3789//3789
f 4139//4139 4135//4135 3839//3839
f 4140//4140 4139//4139 3839//3839
f 4135//4135 3847//3847 3839//3839
f 4140//4140 3839//3839 3835//3835
f 4109//4109 4140//4140 3835//3835
f 4136//4136 4138//4138 3783//3783
f 4138//4138 3789//3789 3783//3783
f 4141//4141 4136//4136 3783//3783
f 4141//4141 3783//3783 3779//3779
f 4142//4142 4141//4141 3779//3779
f 4142//4142 3779//3779 3780//3780
f 4143//4143 4142//4142 3780//3780
f 4143//4143 3780//3780 3784//3784
f 4144//4144 4143//4143 3784//3784
f 4144//4144 3784//3784 3792//3792
f 4144//4144 3792//3792 3795//3795
f 4145//4145 4144//4144 3795//3795
f 4145//4145 3795//3795 3803//3803
f 4105//4105 4145//4145 3803//3803
f 4107//4107 4105//4105 3810//3810
f 3970//3970 4070//4070 3853//3853
f 3858//3858 3970//3970 3853//3853
f 3840//3840 4061//4061 3965//3965
f 3840//3840 3965//3965 3845//3845
f 3844//3844 3979//3979 3841//3841
f 3979//3979 4086//4086 3841//3841
f 3852//3852 4080//4080 3975//3975
f 3852//3852 3975//3975 3859//3859
f 4031//4031 4047//4047 3811//3811
f 3814//3814 4031//4031 3811//3811
f 3797//3797 4101//4101 4026//4026
f 3797//3797 4026//4026 3793//3793
f 3878//3878 3879//3879 4146//4146
f 3879//3879 3880//3880 4147//4147
f 3880//3880 3881//3881 4147//4147
f 3876//3876 3877//3877 4148//4148
f 3881//3881 3882//3882 4149//4149
f 4146//4146 3879//3879 4150//4150
f 3875//3875 3876//3876 4151//4151
f 3882//3882 3883//3883 4152//4152
f 4153//4153 4150//4150 4154//4154
f 3875//3875 4151//4151 3874//3874
f 3879//3879 4147//4147 4155//4155
f 4147//4147 4156//4156 4155//4155
f 4150//4150 3879//3879 4155//4155
f 4154//4154 4150//4150 4155//4155
f 4155//4155 4156//4156 4157//4157
f 4152//4152 3883//3883 3884//3884
f 4153//4153 4154//4154 4158//4158
f 4155//4155 4157//4157 4159//4159
f 4159//4159 4157//4157 4160//4160
f 3873//3873 3874//3874 4161//4161
f 4162//4162 3884//3884 3885//3885
f 4163//4163 4158//4158 4164//4164
f 4162//4162 3885//3885 4165//4165
f 3873//3873 4161//4161 3872//3872
f 4161//4161 4166//4166 3872//3872
f 4160//4160 4165//4165 4167//4167
f 4159//4159 4160//4160 4167//4167
f 3872//3872 4168//4168 3871//3871
f 4166//4166 4164//4164 4169//4169
f 3872//3872 4166//4166 4169//4169
f 4168//4168 3872//3872 4169//4169
f 4167//4167 4165//4165 4170//4170
f 4165//4165 3885//3885 4170//4170
f 3885//3885 3886//3886 4170//4170
f 3886//3886 4171//4171 4170//4170
f 4171//4171 3886//3886 3887//3887
f 4168//4168 4169//4169 4172//4172
f 4170//4170 4171//4171 4173//4173
f 4174//4174 3887//3887 3888//3888
f 4172//4172 4169//4169 4175//4175
f 4172//4172 4175//4175 4176//4176
f 3870//3870 4177//4177 3869//3869
f 4170//4170 4173//4173 4178//4178
f 4173//4173 4179//4179 4178//4178
f 3869//3869 4180//4180 3868//3868
f 4178//4178 4179//4179 4181//4181
f 4182//4182 4176//4176 4183//4183
f 4176//4176 4175//4175 4183//4183
f 4184//4184 3889//3889 3890//3890
f 4178//4178 4181//4181 4185//4185
f 4182//4182 4183//4183 4186//4186
f 4187//4187 3890//3890 3891//3891
f 4186//4186 4183//4183 4188//4188
f 4189//4189 4186//4186 3866//3866
f 4186//4186 4188//4188 3866//3866
f 3867//3867 4189//4189 3866//3866
f 4185//4185 4190//4190 4191//4191
f 4190//4190 4187//4187 3892//3892
f 4187//4187 3891//3891 3892//3892
f 4191//4191 4190//4190 3892//3892
f 3865//3865 3866//3866 4192//4192
f 3866//3866 4188//4188 4192//4192
f 4192//4192 4188//4188 4193//4193
f 4191//4191 3892//3892 4194//4194
f 4195//4195 4191//4191 4194//4194
f 4194//4194 3892//3892 3893//3893
f 4193//4193 4188//4188 4196//4196
f 3865//3865 4192//4192 3864//3864
f 4191//4191 4195//4195 4197//4197
f 4197//4197 4195//4195 4198//4198
f 4199//4199 3893//3893 3894//3894
f 3864//3864 4200//4200 3863//3863
f 4201//4201 4196//4196 4202//4202
f 4201//4201 4202//4202 4203//4203
f 4197//4197 4198//4198 4204//4204
f 4199//4199 3894//3894 3895//3895
f 4197//4197 4204//4204 4205//4205
f 3863//3863 4206//4206 3862//3862
f 4207//4207 3895//3895 3896//3896
f 4203//4203 4202//4202 4208//4208
f 4205//4205 4204//4204 4209//4209
f 4208//4208 4202//4202 4210//4210
f 3862//3862 4206//4206 3860//3860
f 4205//4205 4209//4209 4211//4211
f 4212//4212 3896//3896 3897//3897
f 4208//4208 4210//4210 3861//3861
f 3860//3860 4213//4213 3861//3861
f 4213//4213 4208//4208 3861//3861
f 4210//4210 4214//4214 4215//4215
f 4211//4211 4216//4216 4217//4217
f 4209//4209 4212//4212 3898//3898
f 4211//4211 4209//4209 3898//3898
f 4212//4212 3897//3897 3898//3898
f 4217//4217 4216//4216 4218//4218
f 4211//4211 3898//3898 4219//4219
f 4216//4216 4211//4211 4219//4219
f 4210//4210 4215//4215 4220//4220
f 3861//3861 4210//4210 3909//3909
f 4210//4210 4220//4220 3909//3909
f 4221//4221 4214//4214 4222//4222
f 4219//4219 3898//3898 3899//3899
f 4223//4223 4217//4217 4224//4224
f 4217//4217 4218//4218 4224//4224
f 4222//4222 4225//4225 4226//4226
f 4221//4221 4222//4222 4226//4226
f 3909//3909 4220//4220 3908//3908
f 4223//4223 4224//4224 4227//4227
f 4225//4225 4223//4223 4227//4227
f 4226//4226 4225//4225 4228//4228
f 4229//4229 3899//3899 3900//3900
f 3908//3908 4230//4230 3907//3907
f 4229//4229 3900//3900 3901//3901
f 4231//4231 4229//4229 3901//3901
f 4231//4231 3901//3901 3902//3902
f 3906//3906 4232//4232 3905//3905
f 4225//4225 4227//4227 3903//3903
f 4228//4228 4225//4225 3903//3903
f 4233//4233 4228//4228 3903//3903
f 4227//4227 4234//4234 3903//3903
f 4234//4234 3902//3902 3903//3903
f 4233//4233 3903//3903 3904//3904
f 3905//3905 4233//4233 3904//3904
f 3884//3884 4162//4162 4152//4152
f 3882//3882 4152//4152 4149//4149
f 3881//3881 4149//4149 4147//4147
f 3896//3896 4212//4212 4207//4207
f 3895//3895 4207//4207 4199//4199
f 3893//3893 4199//4199 4194//4194
f 3890//3890 4187//4187 4184//4184
f 3888//3888 4184//4184 4174//4174
f 3889//3889 4184//4184 3888//3888
f 3887//3887 4174//4174 4171//4171
f 4185//4185 4181//4181 4190//4190
f 3878//3878 4146//4146 4148//4148
f 3877//3877 3878//3878 4148//4148
f 3876//3876 4148//4148 4151//4151
f 3874//3874 4151//4151 4161//4161
f 4158//4158 4163//4163 4153//4153
f 4164//4164 4166//4166 4163//4163
f 3864//3864 4192//4192 4200//4200
f 3863//3863 4200//4200 4206//4206
f 3860//3860 4206//4206 4213//4213
f 4196//4196 4201//4201 4193//4193
f 3908//3908 4220//4220 4230//4230
f 3907//3907 4230//4230 4232//4232
f 3906//3906 3907//3907 4232//4232
f 3905//3905 4232//4232 4233//4233
f 4214//4214 4221//4221 4215//4215
f 3902//3902 4234//4234 4231//4231
f 3899//3899 4229//4229 4219//4219
f 3871//3871 4168//4168 4177//4177
f 3870//3870 3871//3871 4177//4177
f 3869//3869 4177//4177 4180//4180
f 3868//3868 4180//4180 4189//4189
f 3867//3867 3868//3868 4189//4189
f 3928//3928 3929//3929 4235//4235
f 3929//3929 3930//3930 4236//4236
f 3930//3930 3931//3931 4236//4236
f 3926//3926 3927//3927 4237//4237
f 3931//3931 3932//3932 4238//4238
f 4235//4235 3929//3929 4239//4239
f 3925//3925 3926//3926 4240//4240
f 3932//3932 3933//3933 4241//4241
f 4242//4242 4239//4239 4243//4243
f 3925//3925 4240//4240 3924//3924
f 3929//3929 4236//4236 4244//4244
f 4236//4236 4245//4245 4244//4244
f 4239//4239 3929//3929 4244//4244
f 4243//4243 4239//4239 4244//4244
f 4244//4244 4245//4245 4246//4246
f 4241//4241 3933//3933 3934//3934
f 4242//4242 4243//4243 4247//4247
f 4244//4244 4246//4246 4248//4248
f 4248//4248 4246//4246 4249//4249
f 3923//3923 3924//3924 4250//4250
f 4251//4251 3934//3934 3935//3935
f 4252//4252 4247//4247 4253//4253
f 4251//4251 3935//3935 4254//4254
f 3923//3923 4250//4250 3922//3922
f 4250//4250 4255//4255 3922//3922
f 4249//4249 4254//4254 4256//4256
f 4248//4248 4249//4249 4256//4256
f 3922//3922 4257//4257 3921//3921
f 4255//4255 4253//4253 4258//4258
f 3922//3922 4255//4255 4258//4258
f 4257//4257 3922//3922 4258//4258
f 4256//4256 4254//4254 4259//4259
f 4254//4254 3935//3935 4259//4259
f 3935//3935 3936//3936 4259//4259
f 3936//3936 4260//4260 4259//4259
f 4260//4260 3936//3936 3937//3937
f 4257//4257 4258//4258 4261//4261
f 4259//4259 4260//4260 4262//4262
f 4263//4263 3937//3937 3938//3938
f 4261//4261 4258//4258 4264//4264
f 4261//4261 4264//4264 4265//4265
f 3920//3920 4266//4266 3919//3919
f 4259//4259 4262//4262 4267//4267
f 4262//4262 4268//4268 4267//4267
f 3919//3919 4269//4269 3918//3918
f 4267//4267 4268//4268 4270//4270
f 4271//4271 4265//4265 4272//4272
f 4265//4265 4264//4264 4272//4272
f 4273//4273 3939//3939 3940//3940
f 4267//4267 4270//4270 4274//4274
f 4271//4271 4272//4272 4275//4275
f 4276//4276 3940//3940 3941//3941
f 4275//4275 4272//4272 4277//4277
f 4278//4278 4275//4275 3916//3916
f 4275//4275 4277//4277 3916//3916
f 3917//3917 4278//4278 3916//3916
f 4274//4274 4279//4279 4280//4280
f 4280//4280 4279//4279 3942//3942
f 4279//4279 4276//4276 3942//3942
f 4276//4276 3941//3941 3942//3942
f 3915//3915 3916//3916 4281//4281
f 3916//3916 4277//4277 4281//4281
f 4281//4281 4277//4277 4282//4282
f 4283//4283 4280//4280 4284//4284
f 4280//4280 3942//3942 4284//4284
f 4284//4284 3942//3942 3943//3943
f 4282//4282 4277//4277 4285//4285
f 3915//3915 4281//4281 3914//3914
f 4280//4280 4283//4283 4286//4286
f 4286//4286 4283//4283 4287//4287
f 4288//4288 3943//3943 3944//3944
f 3914//3914 4289//4289 3913//3913
f 4290//4290 4285//4285 4291//4291
f 4290//4290 4291//4291 4292//4292
f 4286//4286 4287//4287 4293//4293
f 4288//4288 3944//3944 3945//3945
f 4286//4286 4293//4293 4294//4294
f 3913//3913 4295//4295 3912//3912
f 4296//4296 3945//3945 3946//3946
f 4292//4292 4291//4291 4297//4297
f 4294//4294 4293//4293 4298//4298
f 4297//4297 4291//4291 4299//4299
f 3912//3912 4295//4295 3910//3910
f 4294//4294 4298//4298 4300//4300
f 4301//4301 3946//3946 3947//3947
f 4297//4297 4299//4299 3911//3911
f 3910//3910 4302//4302 3911//3911
f 4302//4302 4297//4297 3911//3911
f 4299//4299 4303//4303 4304//4304
f 4300//4300 4305//4305 4306//4306
f 4298//4298 4301//4301 3948//3948
f 4300//4300 4298//4298 3948//3948
f 4301//4301 3947//3947 3948//3948
f 4306//4306 4305//4305 4307//4307
f 4300//4300 3948//3948 4308//4308
f 4305//4305 4300//4300 4308//4308
f 4299//4299 4304//4304 4309//4309
f 3911//3911 4299//4299 3959//3959
f 4299//4299 4309//4309 3959//3959
f 4310//4310 4303//4303 4311//4311
f 4308//4308 3948//3948 3949//3949
f 4312//4312 4306//4306 4313//4313
f 4306//4306 4307//4307 4313//4313
f 4311//4311 4314//4314 4315//4315
f 4310//4310 4311//4311 4315//4315
f 3959//3959 4309//4309 3958//3958
f 4312//4312 4313//4313 4316//4316
f 4314//4314 4312//4312 4316//4316
f 4315//4315 4314//4314 4317//4317
f 4318//4318 3949//3949 3950//3950
f 3958//3958 4319//4319 3957//3957
f 4318//4318 3950//3950 3951//3951
f 4320//4320 4318//4318 3951//3951
f 4320//4320 3951//3951 3952//3952
f 3956//3956 4321//4321 3955//3955
f 4314//4314 4316//4316 3953//3953
f 4317//4317 4314//4314 3953//3953
f 4322//4322 4317//4317 3953//3953
f 4316//4316 4323//4323 3953//3953
f 4323//4323 3952//3952 3953//3953
f 4322//4322 3953//3953 3954//3954
f 3955//3955 4322//4322 3954//3954
f 3934//3934 4251//4251 4241//4241
f 3932//3932 4241//4241 4238//4238
f 3931//3931 4238//4238 4236//4236
f 3946//3946 4301//4301 4296//4296
f 3945//3945 4296//4296 4288//4288
f 3943//3943 4288//4288 4284//4284
f 3940//3940 4276//4276 4273//4273
f 3938//3938 4273//4273 4263//4263
f 3939//3939 4273//4273 3938//3938
f 3937//3937 4263//4263 4260//4260
f 4274//4274 4270//4270 4279//4279
f 3928//3928 4235//4235 4237//4237
f 3927//3927 3928//3928 4237//4237
f 3926//3926 4237//4237 4240//4240
f 3924//3924 4240//4240 4250//4250
f 4247//4247 4252//4252 4242//4242
f 4253//4253 4255//4255 4252//4252
f 3914//3914 4281//4281 4289//4289
f 3913//3913 4289//4289 4295//4295
f 3910//3910 4295//4295 4302//4302
f 4285//4285 4290//4290 4282//4282
f 3958//3958 4309//4309 4319//4319
f 3957//3957 4319//4319 4321//4321
f 3956//3956 3957//3957 4321//4321
f 3955//3955 4321//4321 4322//4322
f 4303//4303 4310//4310 4304//4304
f 3952//3952 4323//4323 4320//4320
f 3949//3949 4318//4318 4308//4308
f 3921//3921 4257//4257 4266//4266
f 3920//3920 3921//3921 4266//4266
f 3919//3919 4266//4266 4269//4269
f 3918//3918 4269//4269 4278//4278
f 3917//3917 3918//3918 4278//4278
f 3970//3970 4075//4075 4070//4070
f 3972//3972 4075//4075 3970//3970
f 3974//3974 4077//4077 4075//4075
f 3974//3974 4075//4075 3972//3972
f 3975//3975 4080//4080 4077//4077
f 3975//3975 4077//4077 3974//3974
f 3985//3985 4092//4092 4090//4090
f 3983//3983 3985//3985 4090//4090
f 3982//3982 4090//4090 4088//4088
f 3982//3982 3983//3983 4090//4090
f 3979//3979 4088//4088 4086//4086
f 3979//3979 3982//3982 4088//4088
f 4104//4104 3995//3995 4049//4049
f 4104//4104 3992//3992 3993//3993
f 4104//4104 3993//3993 3995//3995
f 4103//4103 3989//3989 3992//3992
f 4103//4103 3992//3992 4104//4104
f 4099//4099 3989//3989 4103//4103
f 4066//4066 4005//4005 4068//4068
f 4066//4066 4002//4002 4004//4004
f 4066//4066 4004//4004 4005//4005
f 4064//4064 4000//4000 4002//4002
f 4064//4064 4002//4002 4066//4066
f 4059//4059 4000//4000 4064//4064
f 4083//4083 4015//4015 4085//4085
f 4083//4083 4012//4012 4014//4014
f 4083//4083 4014//4014 4015//4015
f 4082//4082 4010//4010 4012//4012
f 4082//4082 4012//4012 4083//4083
f 4045//4045 4010//4010 4082//4082
f 4097//4097 4094//4094 4021//4021
f 4097//4097 4021//4021 4023//4023
f 4097//4097 4023//4023 4025//4025
f 4098//4098 4025//4025 4026//4026
f 4098//4098 4097//4097 4025//4025
f 4101//4101 4098//4098 4026//4026
f 4031//4031 4055//4055 4047//4047
f 4034//4034 4055//4055 4031//4031
f 4035//4035 4060//4060 4055//4055
f 4035//4035 4055//4055 4034//4034
f 4037//4037 4063//4063 4060//4060
f 4037//4037 4060//4060 4035//4035
f 4041//4041 4074//4074 4072//4072
f 4043//4043 4076//4076 4074//4074
f 4043//4043 4074//4074 4041//4041
f 4044//4044 4051//4051 4076//4076
f 4044//4044 4076//4076 4043//4043
f 3961//3961 4051//4051 4044//4044
f 3960//3960 4052//4052 4051//4051
f 3960//3960 4051//4051 3961//3961
f 3964//3964 4057//4057 4052//4052
f 3964//3964 4052//4052 3960//3960
f 3965//3965 4061//4061 4057//4057
f 3965//3965 4057//4057 3964//3964
f 4071//4071 4078//4078 3973//3973
f 4053//4053 3996//3996 3994//3994
f 3969//3969 4071//4071 3971//3971
f 4071//4071 3973//3973 3971//3971
f 4032//4032 4046//4046 4048//4048
f 4032//4032 4048//4048 4033//4033
f 4053//4053 3994//3994 4100//4100
f 4100//4100 3994//3994 3991//3991
f 4033//4033 4048//4048 4036//4036
f 4036//4036 4048//4048 4062//4062
f 4100//4100 3991//3991 3990//3990
f 4100//4100 3990//3990 4096//4096
f 4036//4036 4062//4062 4038//4038
f 4096//4096 3990//3990 3988//3988
f 4016//4016 4013//4013 4084//4084
f 4017//4017 4016//4016 4084//4084
f 4038//4038 4062//4062 4039//4039
f 4062//4062 4069//4069 4039//4039
f 4093//4093 4096//4096 3987//3987
f 4011//4011 4009//4009 4079//4079
f 4013//4013 4011//4011 4079//4079
f 4096//4096 3988//3988 3987//3987
f 4084//4084 4013//4013 4079//4079
f 4039//4039 4069//4069 4040//4040
f 4018//4018 4017//4017 4089//4089
f 4019//4019 4018//4018 4089//4089
f 4093//4093 3987//3987 3986//3986
f 4017//4017 4084//4084 4089//4089
f 4008//4008 4007//4007 4073//4073
f 4040//4040 4069//4069 4042//4042
f 4009//4009 4008//4008 4073//4073
f 4069//4069 4050//4050 4042//4042
f 4079//4079 4009//4009 4073//4073
f 4087//4087 4093//4093 3984//3984
f 4020//4020 4019//4019 4091//4091
f 4093//4093 3986//3986 3984//3984
f 4022//4022 4020//4020 4091//4091
f 4019//4019 4089//4089 4091//4091
f 4006//4006 4003//4003 4065//4065
f 4007//4007 4006//4006 4065//4065
f 4073//4073 4007//4007 4065//4065
f 4042//4042 4050//4050 3962//3962
f 4022//4022 4091//4091 4095//4095
f 4024//4024 4022//4022 4095//4095
f 4087//4087 3984//3984 3981//3981
f 4027//4027 4024//4024 4095//4095
f 4001//4001 3999//3999 4058//4058
f 4003//4003 4001//4001 4058//4058
f 4065//4065 4003//4003 4058//4058
f 4050//4050 4056//4056 3963//3963
f 3962//3962 4050//4050 3963//3963
f 4087//4087 3981//3981 3980//3980
f 4027//4027 4095//4095 4102//4102
f 4081//4081 4087//4087 3980//3980
f 4028//4028 4027//4027 4102//4102
f 3963//3963 4056//4056 3966//3966
f 4028//4028 4102//4102 4029//4029
f 4081//4081 3980//3980 3978//3978
f 3999//3999 3998//3998 4054//4054
f 3966//3966 4056//4056 3967//3967
f 4056//4056 4067//4067 3967//3967
f 4058//4058 3999//3999 4054//4054
f 4054//4054 3998//3998 3997//3997
f 4081//4081 3978//3978 3977//3977
f 4078//4078 4081//4081 3977//3977
f 3967//3967 4067//4067 3968//3968
f 4029//4029 4102//4102 4046//4046
f 4030//4030 4029//4029 4046//4046
f 4078//4078 3977//3977 3976//3976
f 3968//3968 4067//4067 3969//3969
f 3997//3997 3996//3996 4053//4053
f 4054//4054 3997//3997 4053//4053
f 4067//4067 4071//4071 3969//3969
f 4078//4078 3976//3976 3973//3973
f 4030//4030 4046//4046 4032//4032
f 4123//4123 4117//4117 4122//4122
f 4124//4124 4117//4117 4123//4123
f 4114//4114 4116//4116 4117//4117
f 4108//4108 4113//4113 4114//4114
f 4108//4108 4114//4114 4117//4117
f 4134//4134 4109//4109 4108//4108
f 4134//4134 4135//4135 4139//4139
f 4134//4134 4139//4139 4140//4140
f 4134//4134 4140//4140 4109//4109
f 4134//4134 4117//4117 4124//4124
f 4134//4134 4108//4108 4117//4117
f 4129//4129 4131//4131 4134//4134
f 4127//4127 4129//4129 4134//4134
f 4125//4125 4134//4134 4124//4124
f 4125//4125 4127//4127 4134//4134
f 4118//4118 4124//4124 4126//4126
f 4118//4118 4125//4125 4124//4124
f 4119//4119 4126//4126 4130//4130
f 4119//4119 4118//4118 4126//4126
f 4324//4324 4120//4120 4119//4119
f 4130//4130 4325//4325 4324//4324
f 4130//4130 4128//4128 4325//4325
f 4130//4130 4324//4324 4119//4119
f 4326//4326 4115//4115 4121//4121
f 4326//4326 4112//4112 4115//4115
f 4324//4324 4121//4121 4120//4120
f 4324//4324 4326//4326 4121//4121
f 4111//4111 4112//4112 4326//4326
f 4326//4326 4327//4327 4137//4137
f 4327//4327 4138//4138 4137//4137
f 4111//4111 4326//4326 4137//4137
f 4141//4141 4137//4137 4136//4136
f 4142//4142 4137//4137 4141//4141
f 4143//4143 4137//4137 4142//4142
f 4144//4144 4137//4137 4143//4143
f 4111//4111 4144//4144 4145//4145
f 4111//4111 4137//4137 4144//4144
f 4107//4107 4145//4145 4105//4105
f 4107//4107 4111//4111 4145//4145
f 4106//4106 4110//4110 4111//4111
f 4106//4106 4111//4111 4107//4107
f 4133//4133 4138//4138 4327//4327
f 4128//4128 4132//4132 4325//4325
f 4132//4132 4133//4133 4325//4325
f 4133//4133 4327//4327 4325//4325
f 4328//4328 4329//4329 4330//4330
f 4328//4328 4330//4330 4331//4331
f 4332//4332 4328//4328 4331//4331
f 4333//4333 4332//4332 4331//4331
f 4333//4333 4331//4331 4334//4334
f 4230//4230 4220//4220 4333//4333
f 4230//4230 4333//4333 4334//4334
f 4230//4230 4334//4334 4335//4335
f 4230//4230 4335//4335 4336//4336
f 4232//4232 4230//4230 4336//4336
f 4232//4232 4336//4336 4337//4337
f 4338//4338 4232//4232 4337//4337
f 4338//4338 4337//4337 4339//4339
f 4233//4233 4232//4232 4338//4338
f 4340//4340 4338//4338 4339//4339
f 4340//4340 4339//4339 4341//4341
f 4342//4342 4340//4340 4341//4341
f 4343//4343 4342//4342 4341//4341
f 4343//4343 4341//4341 4344//4344
f 4343//4343 4344//4344 4345//4345
f 4231//4231 4234//4234 4343//4343
f 4231//4231 4343//4343 4345//4345
f 4229//4229 4231//4231 4345//4345
f 4229//4229 4345//4345 4346//4346
f 4347//4347 4229//4229 4346//4346
f 4347//4347 4346//4346 4348//4348
f 4347//4347 4348//4348 4349//4349
f 4219//4219 4229//4229 4347//4347
f 4350//4350 4347//4347 4349//4349
f 4351//4351 4349//4349 4352//4352
f 4351//4351 4350//4350 4349//4349
f 4353//4353 4352//4352 4354//4354
f 4353//4353 4351//4351 4352//4352
f 4207//4207 4212//4212 4353//4353
f 4207//4207 4354//4354 4355//4355
f 4207//4207 4353//4353 4354//4354
f 4199//4199 4355//4355 4356//4356
f 4199//4199 4207//4207 4355//4355
f 4357//4357 4199//4199 4356//4356
f 4357//4357 4356//4356 4358//4358
f 4357//4357 4358//4358 4359//4359
f 4194//4194 4199//4199 4357//4357
f 4360//4360 4357//4357 4359//4359
f 4361//4361 4360//4360 4359//4359
f 4361//4361 4359//4359 4362//4362
f 4363//4363 4361//4361 4362//4362
f 4363//4363 4362//4362 4364//4364
f 4184//4184 4363//4363 4364//4364
f 4184//4184 4187//4187 4363//4363
f 4184//4184 4364//4364 4365//4365
f 4174//4174 4184//4184 4365//4365
f 4174//4174 4365//4365 4366//4366
f 4174//4174 4366//4366 4367//4367
f 4368//4368 4174//4174 4367//4367
f 4368//4368 4367//4367 4369//4369
f 4171//4171 4174//4174 4368//4368
f 4370//4370 4368//4368 4369//4369
f 4370//4370 4369//4369 4371//4371
f 4372//4372 4370//4370 4371//4371
f 4373//4373 4372//4372 4371//4371
f 4373//4373 4371//4371 4374//4374
f 4373//4373 4374//4374 4375//4375
f 4152//4152 4162//4162 4373//4373
f 4152//4152 4373//4373 4375//4375
f 4152//4152 4375//4375 4376//4376
f 4149//4149 4152//4152 4376//4376
f 4149//4149 4376//4376 4377//4377
f 4378//4378 4149//4149 4377//4377
f 4378//4378 4377//4377 4379//4379
f 4147//4147 4149//4149 4378//4378
f 4380//4380 4378//4378 4379//4379
f 4380//4380 4379//4379 4381//4381
f 4382//4382 4380//4380 4381//4381
f 4383//4383 4382//4382 4381//4381
f 4383//4383 4381//4381 4384//4384
f 4383//4383 4384//4384 4385//4385
f 4148//4148 4146//4146 4383//4383
f 4148//4148 4383//4383 4385//4385
f 4148//4148 4385//4385 4386//4386
f 4151//4151 4148//4148 4386//4386
f 4151//4151 4386//4386 4387//4387
f 4151//4151 4387//4387 4388//4388
f 4389//4389 4388//4388 4390//4390
f 4389//4389 4151//4151 4388//4388
f 4161//4161 4151//4151 4389//4389
f 4391//4391 4390//4390 4392//4392
f 4391//4391 4389//4389 4390//4390
f 4393//4393 4391//4391 4392//4392
f 4394//4394 4392//4392 4395//4395
f 4394//4394 4395//4395 4396//4396
f 4394//4394 4393//4393 4392//4392
f 4177//4177 4396//4396 4397//4397
f 4177//4177 4394//4394 4396//4396
f 4177//4177 4168//4168 4394//4394
f 4180//4180 4397//4397 4398//4398
f 4180//4180 4177//4177 4397//4397
f 4399//4399 4398//4398 4400//4400
f 4399//4399 4400//4400 4401//4401
f 4399//4399 4180//4180 4398//4398
f 4189//4189 4180//4180 4399//4399
f 4402//4402 4399//4399 4401//4401
f 4403//4403 4401//4401 4404//4404
f 4403//4403 4402//4402 4401//4401
f 4405//4405 4404//4404 4406//4406
f 4405//4405 4403//4403 4404//4404
f 4200//4200 4406//4406 4407//4407
f 4200//4200 4405//4405 4406//4406
f 4200//4200 4192//4192 4405//4405
f 4206//4206 4407//4407 4408//4408
f 4206//4206 4200//4200 4407//4407
f 4409//4409 4408//4408 4410//4410
f 4409//4409 4206//4206 4408//4408
f 4411//4411 4410//4410 4330//4330
f 4411//4411 4409//4409 4410//4410
f 4213//4213 4206//4206 4409//4409
f 4412//4412 4411//4411 4330//4330
f 4329//4329 4412//4412 4330//4330
f 4378//4378 4413//4413 4156//4156
f 4147//4147 4378//4378 4156//4156
f 4414//4414 4176//4176 4182//4182
f 4414//4414 4182//4182 4415//4415
f 4416//4416 4414//4414 4415//4415
f 4417//4417 4190//4190 4181//4181
f 4418//4418 4419//4419 4420//4420
f 4415//4415 4182//4182 4186//4186
f 4421//4421 4417//4417 4181//4181
f 4422//4422 4421//4421 4181//4181
f 4416//4416 4415//4415 4423//4423
f 4422//4422 4181//4181 4179//4179
f 4424//4424 4418//4418 4425//4425
f 4418//4418 4420//4420 4425//4425
f 4426//4426 4422//4422 4427//4427
f 4416//4416 4423//4423 4428//4428
f 4422//4422 4179//4179 4427//4427
f 4424//4424 4425//4425 4429//4429
f 4430//4430 4416//4416 4428//4428
f 4427//4427 4179//4179 4173//4173
f 4430//4430 4428//4428 4431//4431
f 4426//4426 4427//4427 4432//4432
f 4429//4429 4215//4215 4221//4221
f 4433//4433 4426//4426 4434//4434
f 4424//4424 4429//4429 4221//4221
f 4435//4435 4424//4424 4221//4221
f 4426//4426 4432//4432 4434//4434
f 4431//4431 4193//4193 4201//4201
f 4430//4430 4431//4431 4201//4201
f 4433//4433 4434//4434 4436//4436
f 4437//4437 4430//4430 4201//4201
f 4435//4435 4221//4221 4226//4226
f 4437//4437 4201//4201 4203//4203
f 4435//4435 4226//4226 4438//4438
f 4439//4439 4435//4435 4438//4438
f 4437//4437 4203//4203 4440//4440
f 4418//4418 4437//4437 4440//4440
f 4438//4438 4226//4226 4228//4228
f 4436//4436 4165//4165 4160//4160
f 4441//4441 4433//4433 4160//4160
f 4418//4418 4440//4440 4442//4442
f 4433//4433 4436//4436 4160//4160
f 4439//4439 4438//4438 4443//4443
f 4440//4440 4203//4203 4208//4208
f 4441//4441 4160//4160 4157//4157
f 4418//4418 4442//4442 4444//4444
f 4439//4439 4443//4443 4445//4445
f 4418//4418 4444//4444 4419//4419
f 4441//4441 4157//4157 4413//4413
f 4446//4446 4439//4439 4445//4445
f 4447//4447 4441//4441 4413//4413
f 4446//4446 4445//4445 4448//4448
f 4413//4413 4157//4157 4156//4156
f 4449//4449 4446//4446 4448//4448
f 4447//4447 4413//4413 4450//4450
f 4448//4448 4227//4227 4224//4224
f 4447//4447 4450//4450 4451//4451
f 4449//4449 4448//4448 4224//4224
f 4452//4452 4447//4447 4451//4451
f 4449//4449 4224//4224 4218//4218
f 4452//4452 4451//4451 4453//4453
f 4449//4449 4218//4218 4454//4454
f 4455//4455 4449//4449 4454//4454
f 4454//4454 4218//4218 4216//4216
f 4455//4455 4454//4454 4456//4456
f 4452//4452 4453//4453 4153//4153
f 4453//4453 4150//4150 4153//4153
f 4457//4457 4452//4452 4153//4153
f 4455//4455 4456//4456 4458//4458
f 4457//4457 4153//4153 4163//4163
f 4459//4459 4457//4457 4163//4163
f 4455//4455 4458//4458 4460//4460
f 4461//4461 4455//4455 4460//4460
f 4459//4459 4163//4163 4462//4462
f 4463//4463 4459//4459 4462//4462
f 4462//4462 4163//4163 4166//4166
f 4460//4460 4209//4209 4204//4204
f 4461//4461 4460//4460 4204//4204
f 4464//4464 4461//4461 4204//4204
f 4463//4463 4462//4462 4465//4465
f 4464//4464 4204//4204 4198//4198
f 4463//4463 4465//4465 4466//4466
f 4464//4464 4198//4198 4467//4467
f 4468//4468 4464//4464 4467//4467
f 4467//4467 4198//4198 4195//4195
f 4463//4463 4466//4466 4469//4469
f 4470//4470 4463//4463 4469//4469
f 4468//4468 4467//4467 4471//4471
f 4468//4468 4471//4471 4472//4472
f 4470//4470 4469//4469 4176//4176
f 4469//4469 4172//4172 4176//4176
f 4414//4414 4470//4470 4176//4176
f 4468//4468 4472//4472 4417//4417
f 4421//4421 4468//4468 4417//4417
f 4165//4165 4436//4436 4373//4373
f 4165//4165 4373//4373 4162//4162
f 4357//4357 4467//4467 4195//4195
f 4194//4194 4357//4357 4195//4195
f 4209//4209 4353//4353 4212//4212
f 4209//4209 4460//4460 4353//4353
f 4368//4368 4427//4427 4173//4173
f 4171//4171 4368//4368 4173//4173
f 4190//4190 4417//4417 4363//4363
f 4190//4190 4363//4363 4187//4187
f 4389//4389 4462//4462 4166//4166
f 4161//4161 4389//4389 4166//4166
f 4150//4150 4453//4453 4383//4383
f 4150//4150 4383//4383 4146//4146
f 4409//4409 4440//4440 4208//4208
f 4213//4213 4409//4409 4208//4208
f 4193//4193 4431//4431 4405//4405
f 4193//4193 4405//4405 4192//4192
f 4473//4473 4211//4211 4217//4217
f 4473//4473 4217//4217 4223//4223
f 4474//4474 4473//4473 4223//4223
f 4475//4475 4476//4476 4202//4202
f 4476//4476 4210//4210 4202//4202
f 4474//4474 4223//4223 4225//4225
f 4477//4477 4474//4474 4225//4225
f 4478//4478 4477//4477 4225//4225
f 4479//4479 4475//4475 4196//4196
f 4475//4475 4202//4202 4196//4196
f 4478//4478 4225//4225 4222//4222
f 4480//4480 4479//4479 4188//4188
f 4478//4478 4222//4222 4214//4214
f 4481//4481 4480//4480 4188//4188
f 4482//4482 4478//4478 4214//4214
f 4479//4479 4196//4196 4188//4188
f 4476//4476 4482//4482 4210//4210
f 4482//4482 4214//4214 4210//4210
f 4481//4481 4188//4188 4183//4183
f 4483//4483 4481//4481 4175//4175
f 4481//4481 4183//4183 4175//4175
f 4484//4484 4483//4483 4169//4169
f 4485//4485 4484//4484 4169//4169
f 4483//4483 4175//4175 4169//4169
f 4485//4485 4169//4169 4164//4164
f 4486//4486 4485//4485 4158//4158
f 4485//4485 4164//4164 4158//4158
f 4487//4487 4486//4486 4154//4154
f 4486//4486 4158//4158 4154//4154
f 4488//4488 4487//4487 4155//4155
f 4487//4487 4154//4154 4155//4155
f 4489//4489 4488//4488 4159//4159
f 4488//4488 4155//4155 4159//4159
f 4489//4489 4159//4159 4167//4167
f 4490//4490 4489//4489 4167//4167
f 4490//4490 4167//4167 4170//4170
f 4491//4491 4490//4490 4170//4170
f 4491//4491 4170//4170 4178//4178
f 4492//4492 4491//4491 4178//4178
f 4492//4492 4178//4178 4185//4185
f 4493//4493 4492//4492 4185//4185
f 4493//4493 4185//4185 4191//4191
f 4494//4494 4493//4493 4191//4191
f 4495//4495 4494//4494 4191//4191
f 4495//4495 4191//4191 4197//4197
f 4495//4495 4197//4197 4205//4205
f 4496//4496 4495//4495 4205//4205
f 4496//4496 4205//4205 4211//4211
f 4497//4497 4496//4496 4211//4211
f 4473//4473 4497//4497 4211//4211
f 4338//4338 4438//4438 4228//4228
f 4233//4233 4338//4338 4228//4228
f 4215//4215 4429//4429 4333//4333
f 4215//4215 4333//4333 4220//4220
f 4219//4219 4347//4347 4216//4216
f 4347//4347 4454//4454 4216//4216
f 4227//4227 4448//4448 4343//4343
f 4227//4227 4343//4343 4234//4234
f 4399//4399 4415//4415 4186//4186
f 4189//4189 4399//4399 4186//4186
f 4172//4172 4469//4469 4394//4394
f 4172//4172 4394//4394 4168//4168
f 4498//4498 4499//4499 4500//4500
f 4498//4498 4500//4500 4501//4501
f 4502//4502 4498//4498 4501//4501
f 4503//4503 4502//4502 4501//4501
f 4503//4503 4501//4501 4504//4504
f 4319//4319 4309//4309 4503//4503
f 4319//4319 4503//4503 4504//4504
f 4319//4319 4504//4504 4505//4505
f 4319//4319 4505//4505 4506//4506
f 4321//4321 4319//4319 4506//4506
f 4321//4321 4506//4506 4507//4507
f 4508//4508 4321//4321 4507//4507
f 4508//4508 4507//4507 4509//4509
f 4322//4322 4321//4321 4508//4508
f 4510//4510 4508//4508 4509//4509
f 4510//4510 4509//4509 4511//4511
f 4512//4512 4510//4510 4511//4511
f 4513//4513 4512//4512 4511//4511
f 4513//4513 4511//4511 4514//4514
f 4513//4513 4514//4514 4515//4515
f 4320//4320 4323//4323 4513//4513
f 4320//4320 4513//4513 4515//4515
f 4318//4318 4320//4320 4515//4515
f 4318//4318 4515//4515 4516//4516
f 4517//4517 4318//4318 4516//4516
f 4517//4517 4516//4516 4518//4518
f 4517//4517 4518//4518 4519//4519
f 4308//4308 4318//4318 4517//4517
f 4520//4520 4517//4517 4519//4519
f 4521//4521 4519//4519 4522//4522
f 4521//4521 4520//4520 4519//4519
f 4523//4523 4522//4522 4524//4524
f 4523//4523 4521//4521 4522//4522
f 4296//4296 4301//4301 4523//4523
f 4296//4296 4524//4524 4525//4525
f 4296//4296 4523//4523 4524//4524
f 4288//4288 4525//4525 4526//4526
f 4288//4288 4296//4296 4525//4525
f 4527//4527 4288//4288 4526//4526
f 4527//4527 4526//4526 4528//4528
f 4527//4527 4528//4528 4529//4529
f 4284//4284 4288//4288 4527//4527
f 4530//4530 4527//4527 4529//4529
f 4531//4531 4530//4530 4529//4529
f 4531//4531 4529//4529 4532//4532
f 4533//4533 4531//4531 4532//4532
f 4533//4533 4532//4532 4534//4534
f 4273//4273 4533//4533 4534//4534
f 4273//4273 4276//4276 4533//4533
f 4273//4273 4534//4534 4535//4535
f 4263//4263 4273//4273 4535//4535
f 4263//4263 4535//4535 4536//4536
f 4263//4263 4536//4536 4537//4537
f 4538//4538 4263//4263 4537//4537
f 4538//4538 4537//4537 4539//4539
f 4260//4260 4263//4263 4538//4538
f 4540//4540 4538//4538 4539//4539
f 4540//4540 4539//4539 4541//4541
f 4542//4542 4540//4540 4541//4541
f 4543//4543 4542//4542 4541//4541
f 4543//4543 4541//4541 4544//4544
f 4543//4543 4544//4544 4545//4545
f 4241//4241 4251//4251 4543//4543
f 4241//4241 4543//4543 4545//4545
f 4241//4241 4545//4545 4546//4546
f 4238//4238 4241//4241 4546//4546
f 4238//4238 4546//4546 4547//4547
f 4548//4548 4238//4238 4547//4547
f 4548//4548 4547//4547 4549//4549
f 4236//4236 4238//4238 4548//4548
f 4550//4550 4548//4548 4549//4549
f 4550//4550 4549//4549 4551//4551
f 4552//4552 4550//4550 4551//4551
f 4553//4553 4552//4552 4551//4551
f 4553//4553 4551//4551 4554//4554
f 4553//4553 4554//4554 4555//4555
f 4237//4237 4235//4235 4553//4553
f 4237//4237 4553//4553 4555//4555
f 4237//4237 4555//4555 4556//4556
f 4240//4240 4237//4237 4556//4556
f 4240//4240 4556//4556 4557//4557
f 4240//4240 4557//4557 4558//4558
f 4559//4559 4558//4558 4560//4560
f 4559//4559 4240//4240 4558//4558
f 4250//4250 4240//4240 4559//4559
f 4561//4561 4560//4560 4562//4562
f 4561//4561 4559//4559 4560//4560
f 4563//4563 4561//4561 4562//4562
f 4564//4564 4562//4562 4565//4565
f 4564//4564 4565//4565 4566//4566
f 4564//4564 4563//4563 4562//4562
f 4266//4266 4566//4566 4567//4567
f 4266//4266 4564//4564 4566//4566
f 4266//4266 4257//4257 4564//4564
f 4269//4269 4567//4567 4568//4568
f 4269//4269 4266//4266 4567//4567
f 4569//4569 4568//4568 4570//4570
f 4569//4569 4570//4570 4571//4571
f 4569//4569 4269//4269 4568//4568
f 4278//4278 4269//4269 4569//4569
f 4572//4572 4569//4569 4571//4571
f 4573//4573 4571//4571 4574//4574
f 4573//4573 4572//4572 4571//4571
f 4575//4575 4574//4574 4576//4576
f 4575//4575 4573//4573 4574//4574
f 4289//4289 4576//4576 4577//4577
f 4289//4289 4575//4575 4576//4576
f 4289//4289 4281//4281 4575//4575
f 4295//4295 4577//4577 4578//4578
f 4295//4295 4289//4289 4577//4577
f 4579//4579 4578//4578 4580//4580
f 4579//4579 4295//4295 4578//4578
f 4581//4581 4580//4580 4500//4500
f 4581//4581 4579//4579 4580//4580
f 4302//4302 4295//4295 4579//4579
f 4582//4582 4581//4581 4500//4500
f 4499//4499 4582//4582 4500//4500
f 4548//4548 4583//4583 4245//4245
f 4236//4236 4548//4548 4245//4245
f 4584//4584 4265//4265 4271//4271
f 4584//4584 4271//4271 4585//4585
f 4586//4586 4584//4584 4585//4585
f 4587//4587 4279//4279 4270//4270
f 4588//4588 4589//4589 4590//4590
f 4591//4591 4587//4587 4270//4270
f 4585//4585 4271//4271 4275//4275
f 4592//4592 4591//4591 4270//4270
f 4592//4592 4270//4270 4268//4268
f 4586//4586 4585//4585 4593//4593
f 4594//4594 4588//4588 4595//4595
f 4588//4588 4590//4590 4595//4595
f 4596//4596 4592//4592 4597//4597
f 4594//4594 4595//4595 4598//4598
f 4586//4586 4593//4593 4599//4599
f 4592//4592 4268//4268 4597//4597
f 4600//4600 4586//4586 4599//4599
f 4597//4597 4268//4268 4262//4262
f 4600//4600 4599//4599 4601//4601
f 4596//4596 4597//4597 4602//4602
f 4598//4598 4304//4304 4310//4310
f 4603//4603 4596//4596 4604//4604
f 4594//4594 4598//4598 4310//4310
f 4605//4605 4594//4594 4310//4310
f 4596//4596 4602//4602 4604//4604
f 4601//4601 4282//4282 4290//4290
f 4600//4600 4601//4601 4290//4290
f 4603//4603 4604//4604 4606//4606
f 4607//4607 4600//4600 4290//4290
f 4605//4605 4310//4310 4315//4315
f 4607//4607 4290//4290 4292//4292
f 4605//4605 4315//4315 4608//4608
f 4609//4609 4605//4605 4608//4608
f 4607//4607 4292//4292 4610//4610
f 4608//4608 4315//4315 4317//4317
f 4588//4588 4607//4607 4610//4610
f 4606//4606 4254//4254 4249//4249
f 4611//4611 4603//4603 4249//4249
f 4588//4588 4610//4610 4612//4612
f 4609//4609 4608//4608 4613//4613
f 4603//4603 4606//4606 4249//4249
f 4610//4610 4292//4292 4297//4297
f 4611//4611 4249//4249 4246//4246
f 4588//4588 4612//4612 4614//4614
f 4609//4609 4613//4613 4615//4615
f 4616//4616 4609//4609 4615//4615
f 4588//4588 4614//4614 4589//4589
f 4611//4611 4246//4246 4583//4583
f 4617//4617 4611//4611 4583//4583
f 4616//4616 4615//4615 4618//4618
f 4619//4619 4616//4616 4618//4618
f 4583//4583 4246//4246 4245//4245
f 4617//4617 4583//4583 4620//4620
f 4618//4618 4316//4316 4313//4313
f 4619//4619 4618//4618 4313//4313
f 4617//4617 4620//4620 4621//4621
f 4622//4622 4617//4617 4621//4621
f 4619//4619 4313//4313 4307//4307
f 4622//4622 4621//4621 4623//4623
f 4619//4619 4307//4307 4624//4624
f 4625//4625 4619//4619 4624//4624
f 4624//4624 4307//4307 4305//4305
f 4625//4625 4624//4624 4626//4626
f 4622//4622 4623//4623 4242//4242
f 4623//4623 4239//4239 4242//4242
f 4627//4627 4622//4622 4242//4242
f 4625//4625 4626//4626 4628//4628
f 4627//4627 4242//4242 4252//4252
f 4629//4629 4627//4627 4252//4252
f 4625//4625 4628//4628 4630//4630
f 4631//4631 4625//4625 4630//4630
f 4629//4629 4252//4252 4632//4632
f 4633//4633 4629//4629 4632//4632
f 4632//4632 4252//4252 4255//4255
f 4630//4630 4298//4298 4293//4293
f 4631//4631 4630//4630 4293//4293
f 4634//4634 4631//4631 4293//4293
f 4633//4633 4632//4632 4635//4635
f 4634//4634 4293//4293 4287//4287
f 4633//4633 4635//4635 4636//4636
f 4634//4634 4287//4287 4637//4637
f 4638//4638 4634//4634 4637//4637
f 4637//4637 4287//4287 4283//4283
f 4633//4633 4636//4636 4639//4639
f 4640//4640 4633//4633 4639//4639
f 4638//4638 4637//4637 4641//4641
f 4638//4638 4641//4641 4642//4642
f 4640//4640 4639//4639 4265//4265
f 4639//4639 4261//4261 4265//4265
f 4584//4584 4640//4640 4265//4265
f 4638//4638 4642//4642 4587//4587
f 4591//4591 4638//4638 4587//4587
f 4254//4254 4606//4606 4543//4543
f 4254//4254 4543//4543 4251//4251
f 4527//4527 4637//4637 4283//4283
f 4284//4284 4527//4527 4283//4283
f 4298//4298 4523//4523 4301//4301
f 4298//4298 4630//4630 4523//4523
f 4538//4538 4597//4597 4262//4262
f 4260//4260 4538//4538 4262//4262
f 4279//4279 4587//4587 4533//4533
f 4279//4279 4533//4533 4276//4276
f 4559//4559 4632//4632 4255//4255
f 4250//4250 4559//4559 4255//4255
f 4239//4239 4623//4623 4553//4553
f 4239//4239 4553//4553 4235//4235
f 4579//4579 4610//4610 4297//4297
f 4302//4302 4579//4579 4297//4297
f 4282//4282 4601//4601 4575//4575
f 4282//4282 4575//4575 4281//4281
f 4643//4643 4300//4300 4306//4306
f 4643//4643 4306//4306 4312//4312
f 4644//4644 4643//4643 4312//4312
f 4645//4645 4646//4646 4291//4291
f 4646//4646 4299//4299 4291//4291
f 4644//4644 4312//4312 4314//4314
f 4647//4647 4644//4644 4314//4314
f 4648//4648 4647//4647 4314//4314
f 4649//4649 4645//4645 4285//4285
f 4645//4645 4291//4291 4285//4285
f 4648//4648 4314//4314 4311//4311
f 4650//4650 4649//4649 4277//4277
f 4648//4648 4311//4311 4303//4303
f 4651//4651 4650//4650 4277//4277
f 4652//4652 4648//4648 4303//4303
f 4649//4649 4285//4285 4277//4277
f 4646//4646 4652//4652 4299//4299
f 4652//4652 4303//4303 4299//4299
f 4651//4651 4277//4277 4272//4272
f 4653//4653 4651//4651 4264//4264
f 4651//4651 4272//4272 4264//4264
f 4654//4654 4653//4653 4258//4258
f 4655//4655 4654//4654 4258//4258
f 4653//4653 4264//4264 4258//4258
f 4655//4655 4258//4258 4253//4253
f 4656//4656 4655//4655 4247//4247
f 4655//4655 4253//4253 4247//4247
f 4657//4657 4656//4656 4243//4243
f 4656//4656 4247//4247 4243//4243
f 4658//4658 4657//4657 4244//4244
f 4657//4657 4243//4243 4244//4244
f 4659//4659 4658//4658 4248//4248
f 4658//4658 4244//4244 4248//4248
f 4659//4659 4248//4248 4256//4256
f 4660//4660 4659//4659 4256//4256
f 4660//4660 4256//4256 4259//4259
f 4661//4661 4660//4660 4259//4259
f 4661//4661 4259//4259 4267//4267
f 4662//4662 4661//4661 4267//4267
f 4662//4662 4267//4267 4274//4274
f 4663//4663 4662//4662 4274//4274
f 4663//4663 4274//4274 4280//4280
f 4664//4664 4663//4663 4280//4280
f 4665//4665 4664//4664 4280//4280
f 4665//4665 4280//4280 4286//4286
f 4665//4665 4286//4286 4294//4294
f 4666//4666 4665//4665 4294//4294
f 4666//4666 4294//4294 4300//4300
f 4667//4667 4666//4666 4300//4300
f 4643//4643 4667//4667 4300//4300
f 4508//4508 4608//4608 4317//4317
f 4322//4322 4508//4508 4317//4317
f 4304//4304 4598//4598 4503//4503
f 4304//4304 4503//4503 4309//4309
f 4308//4308 4517//4517 4305//4305
f 4517//4517 4624//4624 4305//4305
f 4316//4316 4618//4618 4513//4513
f 4316//4316 4513//4513 4323//4323
f 4569//4569 4585//4585 4275//4275
f 4278//4278 4569//4569 4275//4275
f 4261//4261 4639//4639 4564//4564
f 4261//4261 4564//4564 4257//4257
f 4327//4327 4326//4326 4325//4325
f 4325//4325 4326//4326 4324//4324
f 4338//4338 4443//4443 4438//4438
f 4340//4340 4443//4443 4338//4338
f 4342//4342 4445//4445 4443//4443
f 4342//4342 4443//4443 4340//4340
f 4343//4343 4448//4448 4445//4445
f 4343//4343 4445//4445 4342//4342
f 4353//4353 4460//4460 4458//4458
f 4351//4351 4353//4353 4458//4458
f 4350//4350 4458//4458 4456//4456
f 4350//4350 4351//4351 4458//4458
f 4347//4347 4456//4456 4454//4454
f 4347//4347 4350//4350 4456//4456
f 4472//4472 4363//4363 4417//4417
f 4472//4472 4360//4360 4361//4361
f 4472//4472 4361//4361 4363//4363
f 4471//4471 4357//4357 4360//4360
f 4471//4471 4360//4360 4472//4472
f 4467//4467 4357//4357 4471//4471
f 4434//4434 4373//4373 4436//4436
f 4434//4434 4370//4370 4372//4372
f 4434//4434 4372//4372 4373//4373
f 4432//4432 4368//4368 4370//4370
f 4432//4432 4370//4370 4434//4434
f 4427//4427 4368//4368 4432//4432
f 4451//4451 4383//4383 4453//4453
f 4451//4451 4380//4380 4382//4382
f 4451//4451 4382//4382 4383//4383
f 4450//4450 4378//4378 4380//4380
f 4450//4450 4380//4380 4451//4451
f 4413//4413 4378//4378 4450//4450
f 4465//4465 4462//4462 4389//4389
f 4465//4465 4389//4389 4391//4391
f 4465//4465 4391//4391 4393//4393
f 4466//4466 4393//4393 4394//4394
f 4466//4466 4465//4465 4393//4393
f 4469//4469 4466//4466 4394//4394
f 4399//4399 4423//4423 4415//4415
f 4402//4402 4423//4423 4399//4399
f 4403//4403 4428//4428 4423//4423
f 4403//4403 4423//4423 4402//4402
f 4405//4405 4431//4431 4428//4428
f 4405//4405 4428//4428 4403//4403
f 4409//4409 4442//4442 4440//4440
f 4411//4411 4444//4444 4442//4442
f 4411//4411 4442//4442 4409//4409
f 4412//4412 4419//4419 4444//4444
f 4412//4412 4444//4444 4411//4411
f 4329//4329 4419//4419 4412//4412
f 4328//4328 4420//4420 4419//4419
f 4328//4328 4419//4419 4329//4329
f 4332//4332 4425//4425 4420//4420
f 4332//4332 4420//4420 4328//4328
f 4333//4333 4429//4429 4425//4425
f 4333//4333 4425//4425 4332//4332
f 4439//4439 4446//4446 4341//4341
f 4421//4421 4364//4364 4362//4362
f 4337//4337 4439//4439 4339//4339
f 4439//4439 4341//4341 4339//4339
f 4400//4400 4414//4414 4416//4416
f 4400//4400 4416//4416 4401//4401
f 4421//4421 4362//4362 4468//4468
f 4468//4468 4362//4362 4359//4359
f 4401//4401 4416//4416 4404//4404
f 4404//4404 4416//4416 4430//4430
f 4468//4468 4359//4359 4358//4358
f 4468//4468 4358//4358 4464//4464
f 4404//4404 4430//4430 4406//4406
f 4464//4464 4358//4358 4356//4356
f 4384//4384 4381//4381 4452//4452
f 4385//4385 4384//4384 4452//4452
f 4406//4406 4430//4430 4407//4407
f 4430//4430 4437//4437 4407//4407
f 4461//4461 4464//4464 4355//4355
f 4379//4379 4377//4377 4447//4447
f 4381//4381 4379//4379 4447//4447
f 4464//4464 4356//4356 4355//4355
f 4452//4452 4381//4381 4447//4447
f 4407//4407 4437//4437 4408//4408
f 4386//4386 4385//4385 4457//4457
f 4387//4387 4386//4386 4457//4457
f 4461//4461 4355//4355 4354//4354
f 4385//4385 4452//4452 4457//4457
f 4376//4376 4375//4375 4441//4441
f 4408//4408 4437//4437 4410//4410
f 4377//4377 4376//4376 4441//4441
f 4437//4437 4418//4418 4410//4410
f 4447//4447 4377//4377 4441//4441
f 4455//4455 4461//4461 4352//4352
f 4388//4388 4387//4387 4459//4459
f 4461//4461 4354//4354 4352//4352
f 4390//4390 4388//4388 4459//4459
f 4387//4387 4457//4457 4459//4459
f 4374//4374 4371//4371 4433//4433
f 4375//4375 4374//4374 4433//4433
f 4441//4441 4375//4375 4433//4433
f 4410//4410 4418//4418 4330//4330
f 4390//4390 4459//4459 4463//4463
f 4392//4392 4390//4390 4463//4463
f 4455//4455 4352//4352 4349//4349
f 4395//4395 4392//4392 4463//4463
f 4369//4369 4367//4367 4426//4426
f 4371//4371 4369//4369 4426//4426
f 4433//4433 4371//4371 4426//4426
f 4418//4418 4424//4424 4331//4331
f 4330//4330 4418//4418 4331//4331
f 4455//4455 4349//4349 4348//4348
f 4395//4395 4463//4463 4470//4470
f 4449//4449 4455//4455 4348//4348
f 4396//4396 4395//4395 4470//4470
f 4331//4331 4424//4424 4334//4334
f 4396//4396 4470//4470 4397//4397
f 4449//4449 4348//4348 4346//4346
f 4367//4367 4366//4366 4422//4422
f 4334//4334 4424//4424 4335//4335
f 4424//4424 4435//4435 4335//4335
f 4426//4426 4367//4367 4422//4422
f 4422//4422 4366//4366 4365//4365
f 4449//4449 4346//4346 4345//4345
f 4446//4446 4449//4449 4345//4345
f 4335//4335 4435//4435 4336//4336
f 4397//4397 4470//4470 4414//4414
f 4398//4398 4397//4397 4414//4414
f 4446//4446 4345//4345 4344//4344
f 4336//4336 4435//4435 4337//4337
f 4365//4365 4364//4364 4421//4421
f 4422//4422 4365//4365 4421//4421
f 4435//4435 4439//4439 4337//4337
f 4446//4446 4344//4344 4341//4341
f 4398//4398 4414//4414 4400//4400
f 4475//4475 4479//4479 4480//4480
f 4475//4475 4480//4480 4481//4481
f 4475//4475 4481//4481 4483//4483
f 4485//4485 4483//4483 4484//4484
f 4486//4486 4475//4475 4483//4483
f 4486//4486 4483//4483 4485//4485
f 4478//4478 4476//4476 4475//4475
f 4478//4478 4482//4482 4476//4476
f 4474//4474 4477//4477 4478//4478
f 4489//4489 4486//4486 4487//4487
f 4489//4489 4487//4487 4488//4488
f 4489//4489 4475//4475 4486//4486
f 4473//4473 4474//4474 4478//4478
f 4491//4491 4489//4489 4490//4490
f 4491//4491 4478//4478 4475//4475
f 4491//4491 4475//4475 4489//4489
f 4496//4496 4497//4497 4473//4473
f 4494//4494 4491//4491 4492//4492
f 4494//4494 4492//4492 4493//4493
f 4494//4494 4495//4495 4496//4496
f 4494//4494 4473//4473 4478//4478
f 4494//4494 4496//4496 4473//4473
f 4494//4494 4478//4478 4491//4491
f 4508//4508 4613//4613 4608//4608
f 4510//4510 4613//4613 4508//4508
f 4512//4512 4615//4615 4613//4613
f 4512//4512 4613//4613 4510//4510
f 4513//4513 4618//4618 4615//4615
f 4513//4513 4615//4615 4512//4512
f 4523//4523 4630//4630 4628//4628
f 4521//4521 4523//4523 4628//4628
f 4520//4520 4628//4628 4626//4626
f 4520//4520 4521//4521 4628//4628
f 4517//4517 4626//4626 4624//4624
f 4517//4517 4520//4520 4626//4626
f 4642//4642 4533//4533 4587//4587
f 4642//4642 4530//4530 4531//4531
f 4642//4642 4531//4531 4533//4533
f 4641//4641 4527//4527 4530//4530
f 4641//4641 4530//4530 4642//4642
f 4637//4637 4527//4527 4641//4641
f 4604//4604 4543//4543 4606//4606
f 4604//4604 4540//4540 4542//4542
f 4604//4604 4542//4542 4543//4543
f 4602//4602 4538//4538 4540//4540
f 4602//4602 4540//4540 4604//4604
f 4597//4597 4538//4538 4602//4602
f 4621//4621 4553//4553 4623//4623
f 4621//4621 4550//4550 4552//4552
f 4621//4621 4552//4552 4553//4553
f 4620//4620 4548//4548 4550//4550
f 4620//4620 4550//4550 4621//4621
f 4583//4583 4548//4548 4620//4620
f 4635//4635 4632//4632 4559//4559
f 4635//4635 4559//4559 4561//4561
f 4635//4635 4561//4561 4563//4563
f 4636//4636 4563//4563 4564//4564
f 4636//4636 4635//4635 4563//4563
f 4639//4639 4636//4636 4564//4564
f 4569//4569 4593//4593 4585//4585
f 4572//4572 4593//4593 4569//4569
f 4573//4573 4599//4599 4593//4593
f 4573//4573 4593//4593 4572//4572
f 4575//4575 4601//4601 4599//4599
f 4575//4575 4599//4599 4573//4573
f 4579//4579 4612//4612 4610//4610
f 4581//4581 4614//4614 4612//4612
f 4581//4581 4612//4612 4579//4579
f 4582//4582 4589//4589 4614//4614
f 4582//4582 4614//4614 4581//4581
f 4499//4499 4589//4589 4582//4582
f 4498//4498 4590//4590 4589//4589
f 4498//4498 4589//4589 4499//4499
f 4502//4502 4595//4595 4590//4590
f 4502//4502 4590//4590 4498//4498
f 4503//4503 4598//4598 4595//4595
f 4503//4503 4595//4595 4502//4502
f 4609//4609 4616//4616 4511//4511
f 4591//4591 4534//4534 4532//4532
f 4507//4507 4609//4609 4509//4509
f 4609//4609 4511//4511 4509//4509
f 4570//4570 4584//4584 4586//4586
f 4570//4570 4586//4586 4571//4571
f 4591//4591 4532//4532 4638//4638
f 4638//4638 4532//4532 4529//4529
f 4571//4571 4586//4586 4574//4574
f 4574//4574 4586//4586 4600//4600
f 4638//4638 4529//4529 4528//4528
f 4638//4638 4528//4528 4634//4634
f 4574//4574 4600//4600 4576//4576
f 4634//4634 4528//4528 4526//4526
f 4554//4554 4551//4551 4622//4622
f 4555//4555 4554//4554 4622//4622
f 4576//4576 4600//4600 4577//4577
f 4600//4600 4607//4607 4577//4577
f 4631//4631 4634//4634 4525//4525
f 4549//4549 4547//4547 4617//4617
f 4551//4551 4549//4549 4617//4617
f 4634//4634 4526//4526 4525//4525
f 4622//4622 4551//4551 4617//4617
f 4577//4577 4607//4607 4578//4578
f 4556//4556 4555//4555 4627//4627
f 4557//4557 4556//4556 4627//4627
f 4631//4631 4525//4525 4524//4524
f 4555//4555 4622//4622 4627//4627
f 4546//4546 4545//4545 4611//4611
f 4578//4578 4607//4607 4580//4580
f 4547//4547 4546//4546 4611//4611
f 4607//4607 4588//4588 4580//4580
f 4617//4617 4547//4547 4611//4611
f 4625//4625 4631//4631 4522//4522
f 4558//4558 4557//4557 4629//4629
f 4631//4631 4524//4524 4522//4522
f 4560//4560 4558//4558 4629//4629
f 4557//4557 4627//4627 4629//4629
f 4544//4544 4541//4541 4603//4603
f 4545//4545 4544//4544 4603//4603
f 4611//4611 4545//4545 4603//4603
f 4580//4580 4588//4588 4500//4500
f 4560//4560 4629//4629 4633//4633
f 4562//4562 4560//4560 4633//4633
f 4625//4625 4522//4522 4519//4519
f 4565//4565 4562//4562 4633//4633
f 4539//4539 4537//4537 4596//4596
f 4541//4541 4539//4539 4596//4596
f 4603//4603 4541//4541 4596//4596
f 4588//4588 4594//4594 4501//4501
f 4500//4500 4588//4588 4501//4501
f 4625//4625 4519//4519 4518//4518
f 4565//4565 4633//4633 4640//4640
f 4619//4619 4625//4625 4518//4518
f 4566//4566 4565//4565 4640//4640
f 4501//4501 4594//4594 4504//4504
f 4566//4566 4640//4640 4567//4567
f 4619//4619 4518//4518 4516//4516
f 4537//4537 4536//4536 4592//4592
f 4504//4504 4594//4594 4505//4505
f 4594//4594 4605//4605 4505//4505
f 4596//4596 4537//4537 4592//4592
f 4592//4592 4536//4536 4535//4535
f 4619//4619 4516//4516 4515//4515
f 4616//4616 4619//4619 4515//4515
f 4505//4505 4605//4605 4506//4506
f 4567//4567 4640//4640 4584//4584
f 4568//4568 4567//4567 4584//4584
f 4616//4616 4515//4515 4514//4514
f 4506//4506 4605//4605 4507//4507
f 4535//4535 4534//4534 4591//4591
f 4592//4592 4535//4535 4591//4591
f 4605//4605 4609//4609 4507//4507
f 4616//4616 4514//4514 4511//4511
f 4568//4568 4584//4584 4570//4570
f 4649//4649 4650//4650 4651//4651
f 4646//4646 4645//4645 4649//4649
f 4655//4655 4653//4653 4654//4654
f 4652//4652 4646//4646 4649//4649
f 4656//4656 4651//4651 4653//4653
f 4656//4656 4653//4653 4655//4655
f 4647//4647 4648//4648 4652//4652
f 4658//4658 4656//4656 4657//4657
f 4658//4658 4649//4649 4651//4651
f 4658//4658 4651//4651 4656//4656
f 4660//4660 4658//4658 4659//4659
f 4660//4660 4652//4652 4649//4649
f 4660//4660 4649//4649 4658//4658
f 4666//4666 4667//4667 4643//4643
f 4664//4664 4660//4660 4661//4661
f 4664//4664 4661//4661 4662//4662
f 4664//4664 4662//4662 4663//4663
f 4664//4664 4665//4665 4666//4666
f 4664//4664 4643//4643 4644//4644
f 4664//4664 4644//4644 4647//4647
f 4664//4664 4647//4647 4652//4652
f 4664//4664 4652//4652 4660//4660
f 4664//4664 4666//4666 4643//4643

